S224009-2,CHEVROLET,SILVERADO 1500,EXTENDED CAB (BUSHING MOUNT),1999
S224046-2,CHEVROLET,SILVERADO 1500,EXTENDED CAB (ROCKER PANEL MOUNT),2007
S224046-2,CHEVROLET,SILVERADO 1500,DOUBLE CAB (ROCKER PANEL MOUNT),2014
S224046-2,CHEVROLET,SILVERADO 2500,EXTENDED CAB (ROCKER PANEL MOUNT),2007
S224046-2,CHEVROLET,SILVERADO 2500,DOUBLE CAB (ROCKER PANEL MOUNT),2014
S224046-2,CHEVROLET,SILVERADO 3500,EXTENDED CAB (ROCKER PANEL MOUNT),2007
S224046-2,CHEVROLET,SILVERADO 3500,DOUBLE CAB (ROCKER PANEL MOUNT),2014
S224017-2,CHEVROLET,SILVERADO 1500,STANDARD CAB (BUSHING MOUNT),1999
S224013-2,CHEVROLET,SILVERADO 1500,CREW CAB (BUSHING MOUNT),2001
S224045-2,CHEVROLET,SILVERADO 1500,CREW CAB (ROCKER PANEL MOUNT),2007
S224048-2,CHEVROLET,SILVERADO 1500,STANDARD CAB (ROCKER PANEL MOUNT),2007
S224045-2,CHEVROLET,SILVERADO 2500,CREW CAB (ROCKER PANEL MOUNT),2007
S224048-2,CHEVROLET,SILVERADO 2500,STANDARD CAB (ROCKER PANEL MOUNT),2007
S224045-2,CHEVROLET,SILVERADO 3500,CREW CAB (ROCKER PANEL MOUNT),2007
S224048-2,CHEVROLET,SILVERADO 3500,STANDARD CAB (ROCKER PANEL MOUNT),2007
S224009-2,CHEVROLET,SILVERADO 2500HD,EXTENDED CAB (INCLUDING DIESEL),2001
S224009-2,CHEVROLET,SILVERADO 3500HD,EXTENDED CAB (INCLUDING DIESEL),2001
S224017-2,CHEVROLET,SILVERADO 2500HD,STANDARD CAB (INCLUDING DIESEL),1999
S224017-2,CHEVROLET,SILVERADO 3500HD,STANDARD CAB (INCLUDING DIESEL),1999
S224013-2,CHEVROLET,SILVERADO 2500HD,CREW CAB (INCLUDING DIESEL),2001
S224013-2,CHEVROLET,SILVERADO 3500HD,CREW CAB (INCLUDING DIESEL),2001
S224031-2,CHEVROLET,TRAVERSE,,2007
S225008-2,DODGE,RAM 1500,QUAD CAB,2002
S225017-2,DODGE,RAM 1500,QUAD CAB,2009
S225016-2,DODGE,RAM 1500,CREW CAB,2009
S225018-2,DODGE,RAM 1500,STANDARD CAB,2009
S225018-2,DODGE,RAM 2500,STANDARD CAB,2009
S225018-2,DODGE,RAM 3500,STANDARD CAB,2009
S225008-2,DODGE,RAM 2500,QUAD CAB,2003
S225008-2,DODGE,RAM 3500,QUAD CAB,2003
S225019-2,DODGE,RAM 2500,CREW CAB,2010
S225019-2,DODGE,RAM 3500,CREW CAB,2010
S223031-2,FORD,ESCAPE,,2008
S223006-2,FORD,EXCURSION,,2001
S223041-2,FORD,EXPLORER,,2011
S223015-2,FORD,F-150,CREW CAB,2004
S223039-2,FORD,F-150,CREW CAB,2009
S223017-2,FORD,F-150,STANDARD CAB,2004
S223016-2,FORD,F-150,EXTENDED CAB,2004
S223006-2,FORD,F-250,SUPER DUTY (CREW CAB),1999
S223006-2,FORD,F-350,SUPER DUTY (CREW CAB),1999
S223005-2,FORD,F-250,SUPER DUTY (EXTENDED CAB),1999
S223005-2,FORD,F-350,SUPER DUTY (EXTENDED CAB),1999
S224031-2,GMC,ACADIA,,2008
S224009-2,GMC,SIERRA 1500,EXTENDED CAB (BUSHING MOUNT),1999
S224046-2,GMC,SIERRA 1500,EXTENDED CAB (ROCKER PANEL MOUNT),2007
S224046-2,GMC,SIERRA 2500,EXTENDED CAB (ROCKER PANEL MOUNT),2007
S224046-2,GMC,SIERRA 3500,EXTENDED CAB (ROCKER PANEL MOUNT),2007
S224046-2,GMC,SIERRA 1500,DOUBLE CAB (ROCKER PANEL MOUNT),2014
S224046-2,GMC,SIERRA 2500,DOUBLE CAB (ROCKER PANEL MOUNT),2014
S224046-2,GMC,SIERRA 3500,DOUBLE CAB (ROCKER PANEL MOUNT),2014
S224017-2,GMC,SIERRA 1500,STANDARD CAB (BUSHING MOUNT),1999
S224013-2,GMC,SIERRA 1500,CREW CAB (BUSHING MOUNT),2001
S224045-2,GMC,SIERRA 1500,CREW CAB (ROCKER PANEL MOUNT),2007
S224045-2,GMC,SIERRA 2500,CREW CAB (ROCKER PANEL MOUNT),2007
S224045-2,GMC,SIERRA 3500,CREW CAB (ROCKER PANEL MOUNT),2007
S224048-2,GMC,SIERRA 1500,STANDARD CAB (ROCKER PANEL MOUNT),2007
S224048-2,GMC,SIERRA 2500,STANDARD CAB (ROCKER PANEL MOUNT),2007
S224048-2,GMC,SIERRA 3500,STANDARD CAB (ROCKER PANEL MOUNT),2007
S224009-2,GMC,SIERRA 2500HD,EXTENDED CAB (INCLUDING DIESEL),2001
S224009-2,GMC,SIERRA 3500HD,EXTENDED CAB (INCLUDING DIESEL),2001
S224017-2,GMC,SIERRA 2500HD,STANDARD CAB (INCLUDING DIESEL),1999
S224017-2,GMC,SIERRA 3500HD,STANDARD CAB (INCLUDING DIESEL),1999
S224013-2,GMC,SIERRA 2500HD,CREW CAB (INCLUDING DIESEL),2001
S224013-2,GMC,SIERRA 3500HD,CREW CAB (INCLUDING DIESEL),2001
S226010-2,HONDA,CRV,,2012
S226004-2,HONDA,ELEMENT,,2003
S226008-2,HONDA,PILOT,,2009
S224076-2,HUMMER,H3,,2006
S221008-2,JEEP,GRAND CHEROKEE,,2011
S221009-2,JEEP,JK WRANGLER,2-DOOR,2007
S221007-2,JEEP,JK WRANGLER,4-DOOR,2007
S223015-2,LINCOLN,MARK LT,,2005
S222016-2,LEXUS,RX350,,2010
S222016-2,LEXUS,RX400,,2010
S222016-2,LEXUS,RX400H,,2010
S229006-2,NISSAN,TITAN,CREW CAB,2004
S229007-2,NISSAN,TITAN,EXTENDED CAB,2004
S222011-2,TOYOTA,FJ CRUISER,,2007
S222009-2,TOYOTA,TACOMA,DOUBLE CAB,2005
S222008-2,TOYOTA,TACOMA,ACCESS CAB,2005
S222006-2,TOYOTA,TUNDRA,DOUBLE CAB,2004
S222012-2,TOYOTA,TUNDRA,DOUBLE CAB,2007
S222013-2,TOYOTA,TUNDRA,CREWMAX,2007
S224009,CHEVROLET,SILVERADO 1500,EXTENDED CAB (BUSHING MOUNT),1999
S224046,CHEVROLET,SILVERADO 1500,EXTENDED CAB (ROCKER PANEL MOUNT),2007
S224046,CHEVROLET,SILVERADO 2500,EXTENDED CAB (ROCKER PANEL MOUNT),2007
S224046,CHEVROLET,SILVERADO 3500,EXTENDED CAB (ROCKER PANEL MOUNT),2007
S224046,CHEVROLET,SILVERADO 1500,DOUBLE CAB (ROCKER PANEL MOUNT),2014
S224046,CHEVROLET,SILVERADO 2500,DOUBLE CAB (ROCKER PANEL MOUNT),2014
S224046,CHEVROLET,SILVERADO 3500,DOUBLE CAB (ROCKER PANEL MOUNT),2014
S224017,CHEVROLET,SILVERADO 1500,STANDARD CAB (BUSHING MOUNT),1999
S224013,CHEVROLET,SILVERADO 1500,CREW CAB (BUSHING MOUNT),2001
S224045,CHEVROLET,SILVERADO 1500,CREW CAB (ROCKER PANEL MOUNT),2007
S224045,CHEVROLET,SILVERADO 2500,CREW CAB (ROCKER PANEL MOUNT),2007
S224045,CHEVROLET,SILVERADO 3500,CREW CAB (ROCKER PANEL MOUNT),2007
S224048,CHEVROLET,SILVERADO 1500,STANDARD CAB (ROCKER PANEL MOUNT),2007
S224048,CHEVROLET,SILVERADO 2500,STANDARD CAB (ROCKER PANEL MOUNT),2007
S224048,CHEVROLET,SILVERADO 3500,STANDARD CAB (ROCKER PANEL MOUNT),2007
S224009,CHEVROLET,SILVERADO 2500HD,EXTENDED CAB (INCLUDING DIESEL),2001
S224009,CHEVROLET,SILVERADO 3500HD,EXTENDED CAB (INCLUDING DIESEL),2001
S224017,CHEVROLET,SILVERADO 2500HD,STANDARD CAB (INCLUDING DIESEL),1999
S224017,CHEVROLET,SILVERADO 3500HD,STANDARD CAB (INCLUDING DIESEL),1999
S224013,CHEVROLET,SILVERADO 2500HD,CREW CAB (INCLUDING DIESEL),2001
S224013,CHEVROLET,SILVERADO 3500HD,CREW CAB (INCLUDING DIESEL),2001
S224031,CHEVROLET,TRAVERSE,,2007
S225008,DODGE,RAM 1500,QUAD CAB,2002
S225017,DODGE,RAM 1500,QUAD CAB,2009
S225016,DODGE,RAM 1500,CREW CAB,2009
S225018,DODGE,RAM 1500,STANDARD CAB,2009
S225018,DODGE,RAM 2500,STANDARD CAB,2009
S225018,DODGE,RAM 3500,STANDARD CAB,2009
S225008,DODGE,RAM 2500,QUAD CAB,2003
S225008,DODGE,RAM 3500,QUAD CAB,2003
S225019,DODGE,RAM 2500,CREW CAB,2010
S225019,DODGE,RAM 3500,CREW CAB,2010
S223031,FORD,ESCAPE,,2008
S223006,FORD,EXCURSION,,2001
S223041,FORD,EXPLORER,,2011
S223015,FORD,F-150,CREW CAB,2004
S223039,FORD,F-150,CREW CAB,2009
S223017,FORD,F-150,STANDARD CAB,2004
S223016,FORD,F-150,EXTENDED CAB,2004
S223006,FORD,F-250,SUPER DUTY (CREW CAB),1999
S223006,FORD,F-350,SUPER DUTY (CREW CAB),1999
S223005,FORD,F-250,SUPER DUTY (EXTENDED CAB),1999
S223005,FORD,F-350,SUPER DUTY (EXTENDED CAB),1999
S224031,GMC,ACADIA,,2008
S224009,GMC,SIERRA 1500,EXTENDED CAB (BUSHING MOUNT),1999
S224046,GMC,SIERRA 1500,EXTENDED CAB (ROCKER PANEL MOUNT),2007
S224046,GMC,SIERRA 2500,EXTENDED CAB (ROCKER PANEL MOUNT),2007
S224046,GMC,SIERRA 3500,EXTENDED CAB (ROCKER PANEL MOUNT),2007
S224046,GMC,SIERRA 1500,DOUBLE CAB (ROCKER PANEL MOUNT),2014
S224046,GMC,SIERRA 2500,DOUBLE CAB (ROCKER PANEL MOUNT),2014
S224046,GMC,SIERRA 3500,DOUBLE CAB (ROCKER PANEL MOUNT),2014
S224017,GMC,SIERRA 1500,STANDARD CAB (BUSHING MOUNT),1999
S224013,GMC,SIERRA 1500,CREW CAB (BUSHING MOUNT),2001
S224045,GMC,SIERRA 1500,CREW CAB (ROCKER PANEL MOUNT),2007
S224045,GMC,SIERRA 2500,CREW CAB (ROCKER PANEL MOUNT),2007
S224045,GMC,SIERRA 3500,CREW CAB (ROCKER PANEL MOUNT),2007
S224048,GMC,SIERRA 1500,STANDARD CAB (ROCKER PANEL MOUNT),2007
S224048,GMC,SIERRA 2500,STANDARD CAB (ROCKER PANEL MOUNT),2007
S224048,GMC,SIERRA 3500,STANDARD CAB (ROCKER PANEL MOUNT),2007
S224009,GMC,SIERRA 2500HD,EXTENDED CAB (INCLUDING DIESEL),2001
S224009,GMC,SIERRA 3500HD,EXTENDED CAB (INCLUDING DIESEL),2001
S224017,GMC,SIERRA 2500HD,STANDARD CAB (INCLUDING DIESEL),1999
S224017,GMC,SIERRA 3500HD,STANDARD CAB (INCLUDING DIESEL),1999
S224013,GMC,SIERRA 2500HD,CREW CAB (INCLUDING DIESEL),2001
S224013,GMC,SIERRA 3500HD,CREW CAB (INCLUDING DIESEL),2001
S226010,HONDA,CRV,,2012
S226004,HONDA,ELEMENT,,2003
S226008,HONDA,PILOT,,2009
S221008,JEEP,GRAND CHEROKEE,,2011
S223015,LINCOLN,MARK LT,,2005
S222016,LEXUS,RX350,,2010
S222016,LEXUS,RX400,,2010
S222016,LEXUS,RX400H,,2010
S229006,NISSAN,TITAN,CREW CAB,2004
S229007,NISSAN,TITAN,EXTENDED CAB,2004
S229008,NISSAN,XTERRA,,2005
S222011,TOYOTA,FJ CRUISER,,2007
S222009,TOYOTA,TACOMA,DOUBLE CAB,2005
S222008,TOYOTA,TACOMA,ACCESS CAB,2005
S222012,TOYOTA,TUNDRA,DOUBLE CAB,2007
S222013,TOYOTA,TUNDRA,CREWMAX,2007
S224009-2,CHEVROLET,SILVERADO 1500,EXTENDED CAB (BUSHING MOUNT),2000
S224046-2,CHEVROLET,SILVERADO 1500,EXTENDED CAB (ROCKER PANEL MOUNT),2008
S224046-2,CHEVROLET,SILVERADO 1500,DOUBLE CAB (ROCKER PANEL MOUNT),2015
S224046-2,CHEVROLET,SILVERADO 2500,EXTENDED CAB (ROCKER PANEL MOUNT),2008
S224046-2,CHEVROLET,SILVERADO 2500,DOUBLE CAB (ROCKER PANEL MOUNT),2015
S224046-2,CHEVROLET,SILVERADO 3500,EXTENDED CAB (ROCKER PANEL MOUNT),2008
S224046-2,CHEVROLET,SILVERADO 3500,DOUBLE CAB (ROCKER PANEL MOUNT),2015
S224017-2,CHEVROLET,SILVERADO 1500,STANDARD CAB (BUSHING MOUNT),2000
S224013-2,CHEVROLET,SILVERADO 1500,CREW CAB (BUSHING MOUNT),2002
S224045-2,CHEVROLET,SILVERADO 1500,CREW CAB (ROCKER PANEL MOUNT),2008
S224048-2,CHEVROLET,SILVERADO 1500,STANDARD CAB (ROCKER PANEL MOUNT),2008
S224045-2,CHEVROLET,SILVERADO 2500,CREW CAB (ROCKER PANEL MOUNT),2008
S224048-2,CHEVROLET,SILVERADO 2500,STANDARD CAB (ROCKER PANEL MOUNT),2008
S224045-2,CHEVROLET,SILVERADO 3500,CREW CAB (ROCKER PANEL MOUNT),2008
S224048-2,CHEVROLET,SILVERADO 3500,STANDARD CAB (ROCKER PANEL MOUNT),2008
S224009-2,CHEVROLET,SILVERADO 2500HD,EXTENDED CAB (INCLUDING DIESEL),2002
S224009-2,CHEVROLET,SILVERADO 3500HD,EXTENDED CAB (INCLUDING DIESEL),2002
S224017-2,CHEVROLET,SILVERADO 2500HD,STANDARD CAB (INCLUDING DIESEL),2000
S224017-2,CHEVROLET,SILVERADO 3500HD,STANDARD CAB (INCLUDING DIESEL),2000
S224013-2,CHEVROLET,SILVERADO 2500HD,CREW CAB (INCLUDING DIESEL),2002
S224013-2,CHEVROLET,SILVERADO 3500HD,CREW CAB (INCLUDING DIESEL),2002
S224031-2,CHEVROLET,TRAVERSE,,2008
S225008-2,DODGE,RAM 1500,QUAD CAB,2003
S225017-2,DODGE,RAM 1500,QUAD CAB,2010
S225016-2,DODGE,RAM 1500,CREW CAB,2010
S225018-2,DODGE,RAM 1500,STANDARD CAB,2010
S225018-2,DODGE,RAM 2500,STANDARD CAB,2010
S225018-2,DODGE,RAM 3500,STANDARD CAB,2010
S225008-2,DODGE,RAM 2500,QUAD CAB,2004
S225008-2,DODGE,RAM 3500,QUAD CAB,2004
S225019-2,DODGE,RAM 2500,CREW CAB,2011
S225019-2,DODGE,RAM 3500,CREW CAB,2011
S223031-2,FORD,ESCAPE,,2009
S223006-2,FORD,EXCURSION,,2002
S223041-2,FORD,EXPLORER,,2012
S223015-2,FORD,F-150,CREW CAB,2005
S223039-2,FORD,F-150,CREW CAB,2010
S223017-2,FORD,F-150,STANDARD CAB,2005
S223016-2,FORD,F-150,EXTENDED CAB,2005
S223006-2,FORD,F-250,SUPER DUTY (CREW CAB),2000
S223006-2,FORD,F-350,SUPER DUTY (CREW CAB),2000
S223005-2,FORD,F-250,SUPER DUTY (EXTENDED CAB),2000
S223005-2,FORD,F-350,SUPER DUTY (EXTENDED CAB),2000
S224031-2,GMC,ACADIA,,2009
S224009-2,GMC,SIERRA 1500,EXTENDED CAB (BUSHING MOUNT),2000
S224046-2,GMC,SIERRA 1500,EXTENDED CAB (ROCKER PANEL MOUNT),2008
S224046-2,GMC,SIERRA 2500,EXTENDED CAB (ROCKER PANEL MOUNT),2008
S224046-2,GMC,SIERRA 3500,EXTENDED CAB (ROCKER PANEL MOUNT),2008
S224046-2,GMC,SIERRA 1500,DOUBLE CAB (ROCKER PANEL MOUNT),2015
S224046-2,GMC,SIERRA 2500,DOUBLE CAB (ROCKER PANEL MOUNT),2015
S224046-2,GMC,SIERRA 3500,DOUBLE CAB (ROCKER PANEL MOUNT),2015
S224017-2,GMC,SIERRA 1500,STANDARD CAB (BUSHING MOUNT),2000
S224013-2,GMC,SIERRA 1500,CREW CAB (BUSHING MOUNT),2002
S224045-2,GMC,SIERRA 1500,CREW CAB (ROCKER PANEL MOUNT),2008
S224045-2,GMC,SIERRA 2500,CREW CAB (ROCKER PANEL MOUNT),2008
S224045-2,GMC,SIERRA 3500,CREW CAB (ROCKER PANEL MOUNT),2008
S224048-2,GMC,SIERRA 1500,STANDARD CAB (ROCKER PANEL MOUNT),2008
S224048-2,GMC,SIERRA 2500,STANDARD CAB (ROCKER PANEL MOUNT),2008
S224048-2,GMC,SIERRA 3500,STANDARD CAB (ROCKER PANEL MOUNT),2008
S224009-2,GMC,SIERRA 2500HD,EXTENDED CAB (INCLUDING DIESEL),2002
S224009-2,GMC,SIERRA 3500HD,EXTENDED CAB (INCLUDING DIESEL),2002
S224017-2,GMC,SIERRA 2500HD,STANDARD CAB (INCLUDING DIESEL),2000
S224017-2,GMC,SIERRA 3500HD,STANDARD CAB (INCLUDING DIESEL),2000
S224013-2,GMC,SIERRA 2500HD,CREW CAB (INCLUDING DIESEL),2002
S224013-2,GMC,SIERRA 3500HD,CREW CAB (INCLUDING DIESEL),2002
S226010-2,HONDA,CRV,,2013
S226004-2,HONDA,ELEMENT,,2004
S226008-2,HONDA,PILOT,,2010
S224076-2,HUMMER,H3,,2007
S221008-2,JEEP,GRAND CHEROKEE,,2012
S221009-2,JEEP,JK WRANGLER,2-DOOR,2008
S221007-2,JEEP,JK WRANGLER,4-DOOR,2008
S223015-2,LINCOLN,MARK LT,,2006
S222016-2,LEXUS,RX350,,2011
S222016-2,LEXUS,RX400,,2011
S222016-2,LEXUS,RX400H,,2011
S229006-2,NISSAN,TITAN,CREW CAB,2005
S229007-2,NISSAN,TITAN,EXTENDED CAB,2005
S222011-2,TOYOTA,FJ CRUISER,,2008
S222009-2,TOYOTA,TACOMA,DOUBLE CAB,2006
S222008-2,TOYOTA,TACOMA,ACCESS CAB,2006
S222006-2,TOYOTA,TUNDRA,DOUBLE CAB,2005
S222012-2,TOYOTA,TUNDRA,DOUBLE CAB,2008
S222013-2,TOYOTA,TUNDRA,CREWMAX,2008
S224009,CHEVROLET,SILVERADO 1500,EXTENDED CAB (BUSHING MOUNT),2000
S224046,CHEVROLET,SILVERADO 1500,EXTENDED CAB (ROCKER PANEL MOUNT),2008
S224046,CHEVROLET,SILVERADO 2500,EXTENDED CAB (ROCKER PANEL MOUNT),2008
S224046,CHEVROLET,SILVERADO 3500,EXTENDED CAB (ROCKER PANEL MOUNT),2008
S224046,CHEVROLET,SILVERADO 1500,DOUBLE CAB (ROCKER PANEL MOUNT),2015
S224046,CHEVROLET,SILVERADO 2500,DOUBLE CAB (ROCKER PANEL MOUNT),2015
S224046,CHEVROLET,SILVERADO 3500,DOUBLE CAB (ROCKER PANEL MOUNT),2015
S224017,CHEVROLET,SILVERADO 1500,STANDARD CAB (BUSHING MOUNT),2000
S224013,CHEVROLET,SILVERADO 1500,CREW CAB (BUSHING MOUNT),2002
S224045,CHEVROLET,SILVERADO 1500,CREW CAB (ROCKER PANEL MOUNT),2008
S224045,CHEVROLET,SILVERADO 2500,CREW CAB (ROCKER PANEL MOUNT),2008
S224045,CHEVROLET,SILVERADO 3500,CREW CAB (ROCKER PANEL MOUNT),2008
S224048,CHEVROLET,SILVERADO 1500,STANDARD CAB (ROCKER PANEL MOUNT),2008
S224048,CHEVROLET,SILVERADO 2500,STANDARD CAB (ROCKER PANEL MOUNT),2008
S224048,CHEVROLET,SILVERADO 3500,STANDARD CAB (ROCKER PANEL MOUNT),2008
S224009,CHEVROLET,SILVERADO 2500HD,EXTENDED CAB (INCLUDING DIESEL),2002
S224009,CHEVROLET,SILVERADO 3500HD,EXTENDED CAB (INCLUDING DIESEL),2002
S224017,CHEVROLET,SILVERADO 2500HD,STANDARD CAB (INCLUDING DIESEL),2000
S224017,CHEVROLET,SILVERADO 3500HD,STANDARD CAB (INCLUDING DIESEL),2000
S224013,CHEVROLET,SILVERADO 2500HD,CREW CAB (INCLUDING DIESEL),2002
S224013,CHEVROLET,SILVERADO 3500HD,CREW CAB (INCLUDING DIESEL),2002
S224031,CHEVROLET,TRAVERSE,,2008
S225008,DODGE,RAM 1500,QUAD CAB,2003
S225017,DODGE,RAM 1500,QUAD CAB,2010
S225016,DODGE,RAM 1500,CREW CAB,2010
S225018,DODGE,RAM 1500,STANDARD CAB,2010
S225018,DODGE,RAM 2500,STANDARD CAB,2010
S225018,DODGE,RAM 3500,STANDARD CAB,2010
S225008,DODGE,RAM 2500,QUAD CAB,2004
S225008,DODGE,RAM 3500,QUAD CAB,2004
S225019,DODGE,RAM 2500,CREW CAB,2011
S225019,DODGE,RAM 3500,CREW CAB,2011
S223031,FORD,ESCAPE,,2009
S223006,FORD,EXCURSION,,2002
S223041,FORD,EXPLORER,,2012
S223015,FORD,F-150,CREW CAB,2005
S223039,FORD,F-150,CREW CAB,2010
S223017,FORD,F-150,STANDARD CAB,2005
S223016,FORD,F-150,EXTENDED CAB,2005
S223006,FORD,F-250,SUPER DUTY (CREW CAB),2000
S223006,FORD,F-350,SUPER DUTY (CREW CAB),2000
S223005,FORD,F-250,SUPER DUTY (EXTENDED CAB),2000
S223005,FORD,F-350,SUPER DUTY (EXTENDED CAB),2000
S224031,GMC,ACADIA,,2009
S224009,GMC,SIERRA 1500,EXTENDED CAB (BUSHING MOUNT),2000
S224046,GMC,SIERRA 1500,EXTENDED CAB (ROCKER PANEL MOUNT),2008
S224046,GMC,SIERRA 2500,EXTENDED CAB (ROCKER PANEL MOUNT),2008
S224046,GMC,SIERRA 3500,EXTENDED CAB (ROCKER PANEL MOUNT),2008
S224046,GMC,SIERRA 1500,DOUBLE CAB (ROCKER PANEL MOUNT),2015
S224046,GMC,SIERRA 2500,DOUBLE CAB (ROCKER PANEL MOUNT),2015
S224046,GMC,SIERRA 3500,DOUBLE CAB (ROCKER PANEL MOUNT),2015
S224017,GMC,SIERRA 1500,STANDARD CAB (BUSHING MOUNT),2000
S224013,GMC,SIERRA 1500,CREW CAB (BUSHING MOUNT),2002
S224045,GMC,SIERRA 1500,CREW CAB (ROCKER PANEL MOUNT),2008
S224045,GMC,SIERRA 2500,CREW CAB (ROCKER PANEL MOUNT),2008
S224045,GMC,SIERRA 3500,CREW CAB (ROCKER PANEL MOUNT),2008
S224048,GMC,SIERRA 1500,STANDARD CAB (ROCKER PANEL MOUNT),2008
S224048,GMC,SIERRA 2500,STANDARD CAB (ROCKER PANEL MOUNT),2008
S224048,GMC,SIERRA 3500,STANDARD CAB (ROCKER PANEL MOUNT),2008
S224009,GMC,SIERRA 2500HD,EXTENDED CAB (INCLUDING DIESEL),2002
S224009,GMC,SIERRA 3500HD,EXTENDED CAB (INCLUDING DIESEL),2002
S224017,GMC,SIERRA 2500HD,STANDARD CAB (INCLUDING DIESEL),2000
S224017,GMC,SIERRA 3500HD,STANDARD CAB (INCLUDING DIESEL),2000
S224013,GMC,SIERRA 2500HD,CREW CAB (INCLUDING DIESEL),2002
S224013,GMC,SIERRA 3500HD,CREW CAB (INCLUDING DIESEL),2002
S226010,HONDA,CRV,,2013
S226004,HONDA,ELEMENT,,2004
S226008,HONDA,PILOT,,2010
S221008,JEEP,GRAND CHEROKEE,,2012
S223015,LINCOLN,MARK LT,,2006
S222016,LEXUS,RX350,,2011
S222016,LEXUS,RX400,,2011
S222016,LEXUS,RX400H,,2011
S229006,NISSAN,TITAN,CREW CAB,2005
S229007,NISSAN,TITAN,EXTENDED CAB,2005
S229008,NISSAN,XTERRA,,2006
S222011,TOYOTA,FJ CRUISER,,2008
S222009,TOYOTA,TACOMA,DOUBLE CAB,2006
S222008,TOYOTA,TACOMA,ACCESS CAB,2006
S222012,TOYOTA,TUNDRA,DOUBLE CAB,2008
S222013,TOYOTA,TUNDRA,CREWMAX,2008
S224009-2,CHEVROLET,SILVERADO 1500,EXTENDED CAB (BUSHING MOUNT),2001
S224046-2,CHEVROLET,SILVERADO 1500,EXTENDED CAB (ROCKER PANEL MOUNT),2009
S224046-2,CHEVROLET,SILVERADO 2500,EXTENDED CAB (ROCKER PANEL MOUNT),2009
S224046-2,CHEVROLET,SILVERADO 3500,EXTENDED CAB (ROCKER PANEL MOUNT),2009
S224017-2,CHEVROLET,SILVERADO 1500,STANDARD CAB (BUSHING MOUNT),2001
S224013-2,CHEVROLET,SILVERADO 1500,CREW CAB (BUSHING MOUNT),2003
S224045-2,CHEVROLET,SILVERADO 1500,CREW CAB (ROCKER PANEL MOUNT),2009
S224048-2,CHEVROLET,SILVERADO 1500,STANDARD CAB (ROCKER PANEL MOUNT),2009
S224045-2,CHEVROLET,SILVERADO 2500,CREW CAB (ROCKER PANEL MOUNT),2009
S224048-2,CHEVROLET,SILVERADO 2500,STANDARD CAB (ROCKER PANEL MOUNT),2009
S224045-2,CHEVROLET,SILVERADO 3500,CREW CAB (ROCKER PANEL MOUNT),2009
S224048-2,CHEVROLET,SILVERADO 3500,STANDARD CAB (ROCKER PANEL MOUNT),2009
S224009-2,CHEVROLET,SILVERADO 2500HD,EXTENDED CAB (INCLUDING DIESEL),2003
S224009-2,CHEVROLET,SILVERADO 3500HD,EXTENDED CAB (INCLUDING DIESEL),2003
S224017-2,CHEVROLET,SILVERADO 2500HD,STANDARD CAB (INCLUDING DIESEL),2001
S224017-2,CHEVROLET,SILVERADO 3500HD,STANDARD CAB (INCLUDING DIESEL),2001
S224013-2,CHEVROLET,SILVERADO 2500HD,CREW CAB (INCLUDING DIESEL),2003
S224013-2,CHEVROLET,SILVERADO 3500HD,CREW CAB (INCLUDING DIESEL),2003
S224031-2,CHEVROLET,TRAVERSE,,2009
S225008-2,DODGE,RAM 1500,QUAD CAB,2004
S225017-2,DODGE,RAM 1500,QUAD CAB,2011
S225016-2,DODGE,RAM 1500,CREW CAB,2011
S225018-2,DODGE,RAM 1500,STANDARD CAB,2011
S225018-2,DODGE,RAM 2500,STANDARD CAB,2011
S225018-2,DODGE,RAM 3500,STANDARD CAB,2011
S225008-2,DODGE,RAM 2500,QUAD CAB,2005
S225008-2,DODGE,RAM 3500,QUAD CAB,2005
S225019-2,DODGE,RAM 2500,CREW CAB,2012
S225019-2,DODGE,RAM 3500,CREW CAB,2012
S223031-2,FORD,ESCAPE,,2010
S223006-2,FORD,EXCURSION,,2003
S223041-2,FORD,EXPLORER,,2013
S223015-2,FORD,F-150,CREW CAB,2006
S223039-2,FORD,F-150,CREW CAB,2011
S223017-2,FORD,F-150,STANDARD CAB,2006
S223016-2,FORD,F-150,EXTENDED CAB,2006
S223006-2,FORD,F-250,SUPER DUTY (CREW CAB),2001
S223006-2,FORD,F-350,SUPER DUTY (CREW CAB),2001
S223005-2,FORD,F-250,SUPER DUTY (EXTENDED CAB),2001
S223005-2,FORD,F-350,SUPER DUTY (EXTENDED CAB),2001
S224031-2,GMC,ACADIA,,2010
S224009-2,GMC,SIERRA 1500,EXTENDED CAB (BUSHING MOUNT),2001
S224046-2,GMC,SIERRA 1500,EXTENDED CAB (ROCKER PANEL MOUNT),2009
S224046-2,GMC,SIERRA 2500,EXTENDED CAB (ROCKER PANEL MOUNT),2009
S224046-2,GMC,SIERRA 3500,EXTENDED CAB (ROCKER PANEL MOUNT),2009
S224017-2,GMC,SIERRA 1500,STANDARD CAB (BUSHING MOUNT),2001
S224013-2,GMC,SIERRA 1500,CREW CAB (BUSHING MOUNT),2003
S224045-2,GMC,SIERRA 1500,CREW CAB (ROCKER PANEL MOUNT),2009
S224045-2,GMC,SIERRA 2500,CREW CAB (ROCKER PANEL MOUNT),2009
S224045-2,GMC,SIERRA 3500,CREW CAB (ROCKER PANEL MOUNT),2009
S224048-2,GMC,SIERRA 1500,STANDARD CAB (ROCKER PANEL MOUNT),2009
S224048-2,GMC,SIERRA 2500,STANDARD CAB (ROCKER PANEL MOUNT),2009
S224048-2,GMC,SIERRA 3500,STANDARD CAB (ROCKER PANEL MOUNT),2009
S224009-2,GMC,SIERRA 2500HD,EXTENDED CAB (INCLUDING DIESEL),2003
S224009-2,GMC,SIERRA 3500HD,EXTENDED CAB (INCLUDING DIESEL),2003
S224017-2,GMC,SIERRA 2500HD,STANDARD CAB (INCLUDING DIESEL),2001
S224017-2,GMC,SIERRA 3500HD,STANDARD CAB (INCLUDING DIESEL),2001
S224013-2,GMC,SIERRA 2500HD,CREW CAB (INCLUDING DIESEL),2003
S224013-2,GMC,SIERRA 3500HD,CREW CAB (INCLUDING DIESEL),2003
S226010-2,HONDA,CRV,,2014
S226004-2,HONDA,ELEMENT,,2005
S226008-2,HONDA,PILOT,,2011
S224076-2,HUMMER,H3,,2008
S221008-2,JEEP,GRAND CHEROKEE,,2013
S221009-2,JEEP,JK WRANGLER,2-DOOR,2009
S221007-2,JEEP,JK WRANGLER,4-DOOR,2009
S223015-2,LINCOLN,MARK LT,,2007
S222016-2,LEXUS,RX350,,2012
S222016-2,LEXUS,RX400,,2012
S222016-2,LEXUS,RX400H,,2012
S229006-2,NISSAN,TITAN,CREW CAB,2006
S229007-2,NISSAN,TITAN,EXTENDED CAB,2006
S222011-2,TOYOTA,FJ CRUISER,,2009
S222009-2,TOYOTA,TACOMA,DOUBLE CAB,2007
S222008-2,TOYOTA,TACOMA,ACCESS CAB,2007
S222006-2,TOYOTA,TUNDRA,DOUBLE CAB,2006
S222012-2,TOYOTA,TUNDRA,DOUBLE CAB,2009
S222013-2,TOYOTA,TUNDRA,CREWMAX,2009
S224009,CHEVROLET,SILVERADO 1500,EXTENDED CAB (BUSHING MOUNT),2001
S224046,CHEVROLET,SILVERADO 1500,EXTENDED CAB (ROCKER PANEL MOUNT),2009
S224046,CHEVROLET,SILVERADO 2500,EXTENDED CAB (ROCKER PANEL MOUNT),2009
S224046,CHEVROLET,SILVERADO 3500,EXTENDED CAB (ROCKER PANEL MOUNT),2009
S224017,CHEVROLET,SILVERADO 1500,STANDARD CAB (BUSHING MOUNT),2001
S224013,CHEVROLET,SILVERADO 1500,CREW CAB (BUSHING MOUNT),2003
S224045,CHEVROLET,SILVERADO 1500,CREW CAB (ROCKER PANEL MOUNT),2009
S224045,CHEVROLET,SILVERADO 2500,CREW CAB (ROCKER PANEL MOUNT),2009
S224045,CHEVROLET,SILVERADO 3500,CREW CAB (ROCKER PANEL MOUNT),2009
S224048,CHEVROLET,SILVERADO 1500,STANDARD CAB (ROCKER PANEL MOUNT),2009
S224048,CHEVROLET,SILVERADO 2500,STANDARD CAB (ROCKER PANEL MOUNT),2009
S224048,CHEVROLET,SILVERADO 3500,STANDARD CAB (ROCKER PANEL MOUNT),2009
S224009,CHEVROLET,SILVERADO 2500HD,EXTENDED CAB (INCLUDING DIESEL),2003
S224009,CHEVROLET,SILVERADO 3500HD,EXTENDED CAB (INCLUDING DIESEL),2003
S224017,CHEVROLET,SILVERADO 2500HD,STANDARD CAB (INCLUDING DIESEL),2001
S224017,CHEVROLET,SILVERADO 3500HD,STANDARD CAB (INCLUDING DIESEL),2001
S224013,CHEVROLET,SILVERADO 2500HD,CREW CAB (INCLUDING DIESEL),2003
S224013,CHEVROLET,SILVERADO 3500HD,CREW CAB (INCLUDING DIESEL),2003
S224031,CHEVROLET,TRAVERSE,,2009
S225008,DODGE,RAM 1500,QUAD CAB,2004
S225017,DODGE,RAM 1500,QUAD CAB,2011
S225016,DODGE,RAM 1500,CREW CAB,2011
S225018,DODGE,RAM 1500,STANDARD CAB,2011
S225018,DODGE,RAM 2500,STANDARD CAB,2011
S225018,DODGE,RAM 3500,STANDARD CAB,2011
S225008,DODGE,RAM 2500,QUAD CAB,2005
S225008,DODGE,RAM 3500,QUAD CAB,2005
S225019,DODGE,RAM 2500,CREW CAB,2012
S225019,DODGE,RAM 3500,CREW CAB,2012
S223031,FORD,ESCAPE,,2010
S223006,FORD,EXCURSION,,2003
S223041,FORD,EXPLORER,,2013
S223015,FORD,F-150,CREW CAB,2006
S223039,FORD,F-150,CREW CAB,2011
S223017,FORD,F-150,STANDARD CAB,2006
S223016,FORD,F-150,EXTENDED CAB,2006
S223006,FORD,F-250,SUPER DUTY (CREW CAB),2001
S223006,FORD,F-350,SUPER DUTY (CREW CAB),2001
S223005,FORD,F-250,SUPER DUTY (EXTENDED CAB),2001
S223005,FORD,F-350,SUPER DUTY (EXTENDED CAB),2001
S224031,GMC,ACADIA,,2010
S224009,GMC,SIERRA 1500,EXTENDED CAB (BUSHING MOUNT),2001
S224046,GMC,SIERRA 1500,EXTENDED CAB (ROCKER PANEL MOUNT),2009
S224046,GMC,SIERRA 2500,EXTENDED CAB (ROCKER PANEL MOUNT),2009
S224046,GMC,SIERRA 3500,EXTENDED CAB (ROCKER PANEL MOUNT),2009
S224017,GMC,SIERRA 1500,STANDARD CAB (BUSHING MOUNT),2001
S224013,GMC,SIERRA 1500,CREW CAB (BUSHING MOUNT),2003
S224045,GMC,SIERRA 1500,CREW CAB (ROCKER PANEL MOUNT),2009
S224045,GMC,SIERRA 2500,CREW CAB (ROCKER PANEL MOUNT),2009
S224045,GMC,SIERRA 3500,CREW CAB (ROCKER PANEL MOUNT),2009
S224048,GMC,SIERRA 1500,STANDARD CAB (ROCKER PANEL MOUNT),2009
S224048,GMC,SIERRA 2500,STANDARD CAB (ROCKER PANEL MOUNT),2009
S224048,GMC,SIERRA 3500,STANDARD CAB (ROCKER PANEL MOUNT),2009
S224009,GMC,SIERRA 2500HD,EXTENDED CAB (INCLUDING DIESEL),2003
S224009,GMC,SIERRA 3500HD,EXTENDED CAB (INCLUDING DIESEL),2003
S224017,GMC,SIERRA 2500HD,STANDARD CAB (INCLUDING DIESEL),2001
S224017,GMC,SIERRA 3500HD,STANDARD CAB (INCLUDING DIESEL),2001
S224013,GMC,SIERRA 2500HD,CREW CAB (INCLUDING DIESEL),2003
S224013,GMC,SIERRA 3500HD,CREW CAB (INCLUDING DIESEL),2003
S226010,HONDA,CRV,,2014
S226004,HONDA,ELEMENT,,2005
S226008,HONDA,PILOT,,2011
S221008,JEEP,GRAND CHEROKEE,,2013
S223015,LINCOLN,MARK LT,,2007
S222016,LEXUS,RX350,,2012
S222016,LEXUS,RX400,,2012
S222016,LEXUS,RX400H,,2012
S229006,NISSAN,TITAN,CREW CAB,2006
S229007,NISSAN,TITAN,EXTENDED CAB,2006
S229008,NISSAN,XTERRA,,2007
S222011,TOYOTA,FJ CRUISER,,2009
S222009,TOYOTA,TACOMA,DOUBLE CAB,2007
S222008,TOYOTA,TACOMA,ACCESS CAB,2007
S222012,TOYOTA,TUNDRA,DOUBLE CAB,2009
S222013,TOYOTA,TUNDRA,CREWMAX,2009
S224009-2,CHEVROLET,SILVERADO 1500,EXTENDED CAB (BUSHING MOUNT),2002
S224046-2,CHEVROLET,SILVERADO 1500,EXTENDED CAB (ROCKER PANEL MOUNT),2010
S224046-2,CHEVROLET,SILVERADO 2500,EXTENDED CAB (ROCKER PANEL MOUNT),2010
S224046-2,CHEVROLET,SILVERADO 3500,EXTENDED CAB (ROCKER PANEL MOUNT),2010
S224017-2,CHEVROLET,SILVERADO 1500,STANDARD CAB (BUSHING MOUNT),2002
S224013-2,CHEVROLET,SILVERADO 1500,CREW CAB (BUSHING MOUNT),2004
S224045-2,CHEVROLET,SILVERADO 1500,CREW CAB (ROCKER PANEL MOUNT),2010
S224048-2,CHEVROLET,SILVERADO 1500,STANDARD CAB (ROCKER PANEL MOUNT),2010
S224045-2,CHEVROLET,SILVERADO 2500,CREW CAB (ROCKER PANEL MOUNT),2010
S224048-2,CHEVROLET,SILVERADO 2500,STANDARD CAB (ROCKER PANEL MOUNT),2010
S224045-2,CHEVROLET,SILVERADO 3500,CREW CAB (ROCKER PANEL MOUNT),2010
S224048-2,CHEVROLET,SILVERADO 3500,STANDARD CAB (ROCKER PANEL MOUNT),2010
S224009-2,CHEVROLET,SILVERADO 2500HD,EXTENDED CAB (INCLUDING DIESEL),2004
S224009-2,CHEVROLET,SILVERADO 3500HD,EXTENDED CAB (INCLUDING DIESEL),2004
S224017-2,CHEVROLET,SILVERADO 2500HD,STANDARD CAB (INCLUDING DIESEL),2002
S224017-2,CHEVROLET,SILVERADO 3500HD,STANDARD CAB (INCLUDING DIESEL),2002
S224013-2,CHEVROLET,SILVERADO 2500HD,CREW CAB (INCLUDING DIESEL),2004
S224013-2,CHEVROLET,SILVERADO 3500HD,CREW CAB (INCLUDING DIESEL),2004
S224031-2,CHEVROLET,TRAVERSE,,2010
S225008-2,DODGE,RAM 1500,QUAD CAB,2005
S225017-2,DODGE,RAM 1500,QUAD CAB,2012
S225016-2,DODGE,RAM 1500,CREW CAB,2012
S225018-2,DODGE,RAM 1500,STANDARD CAB,2012
S225018-2,DODGE,RAM 2500,STANDARD CAB,2012
S225018-2,DODGE,RAM 3500,STANDARD CAB,2012
S225008-2,DODGE,RAM 2500,QUAD CAB,2006
S225008-2,DODGE,RAM 3500,QUAD CAB,2006
S225019-2,DODGE,RAM 2500,CREW CAB,2013
S225019-2,DODGE,RAM 3500,CREW CAB,2013
S223031-2,FORD,ESCAPE,,2011
S223006-2,FORD,EXCURSION,,2004
S223041-2,FORD,EXPLORER,,2014
S223015-2,FORD,F-150,CREW CAB,2007
S223039-2,FORD,F-150,CREW CAB,2012
S223017-2,FORD,F-150,STANDARD CAB,2007
S223016-2,FORD,F-150,EXTENDED CAB,2007
S223006-2,FORD,F-250,SUPER DUTY (CREW CAB),2002
S223006-2,FORD,F-350,SUPER DUTY (CREW CAB),2002
S223005-2,FORD,F-250,SUPER DUTY (EXTENDED CAB),2002
S223005-2,FORD,F-350,SUPER DUTY (EXTENDED CAB),2002
S224031-2,GMC,ACADIA,,2011
S224009-2,GMC,SIERRA 1500,EXTENDED CAB (BUSHING MOUNT),2002
S224046-2,GMC,SIERRA 1500,EXTENDED CAB (ROCKER PANEL MOUNT),2010
S224046-2,GMC,SIERRA 2500,EXTENDED CAB (ROCKER PANEL MOUNT),2010
S224046-2,GMC,SIERRA 3500,EXTENDED CAB (ROCKER PANEL MOUNT),2010
S224017-2,GMC,SIERRA 1500,STANDARD CAB (BUSHING MOUNT),2002
S224013-2,GMC,SIERRA 1500,CREW CAB (BUSHING MOUNT),2004
S224045-2,GMC,SIERRA 1500,CREW CAB (ROCKER PANEL MOUNT),2010
S224045-2,GMC,SIERRA 2500,CREW CAB (ROCKER PANEL MOUNT),2010
S224045-2,GMC,SIERRA 3500,CREW CAB (ROCKER PANEL MOUNT),2010
S224048-2,GMC,SIERRA 1500,STANDARD CAB (ROCKER PANEL MOUNT),2010
S224048-2,GMC,SIERRA 2500,STANDARD CAB (ROCKER PANEL MOUNT),2010
S224048-2,GMC,SIERRA 3500,STANDARD CAB (ROCKER PANEL MOUNT),2010
S224009-2,GMC,SIERRA 2500HD,EXTENDED CAB (INCLUDING DIESEL),2004
S224009-2,GMC,SIERRA 3500HD,EXTENDED CAB (INCLUDING DIESEL),2004
S224017-2,GMC,SIERRA 2500HD,STANDARD CAB (INCLUDING DIESEL),2002
S224017-2,GMC,SIERRA 3500HD,STANDARD CAB (INCLUDING DIESEL),2002
S224013-2,GMC,SIERRA 2500HD,CREW CAB (INCLUDING DIESEL),2004
S224013-2,GMC,SIERRA 3500HD,CREW CAB (INCLUDING DIESEL),2004
S226010-2,HONDA,CRV,,2015
S226004-2,HONDA,ELEMENT,,2006
S226008-2,HONDA,PILOT,,2012
S224076-2,HUMMER,H3,,2009
S221008-2,JEEP,GRAND CHEROKEE,,2014
S221009-2,JEEP,JK WRANGLER,2-DOOR,2010
S221007-2,JEEP,JK WRANGLER,4-DOOR,2010
S223015-2,LINCOLN,MARK LT,,2008
S222016-2,LEXUS,RX350,,2013
S222016-2,LEXUS,RX400,,2013
S222016-2,LEXUS,RX400H,,2013
S229006-2,NISSAN,TITAN,CREW CAB,2007
S229007-2,NISSAN,TITAN,EXTENDED CAB,2007
S222011-2,TOYOTA,FJ CRUISER,,2010
S222009-2,TOYOTA,TACOMA,DOUBLE CAB,2008
S222008-2,TOYOTA,TACOMA,ACCESS CAB,2008
S222012-2,TOYOTA,TUNDRA,DOUBLE CAB,2010
S222013-2,TOYOTA,TUNDRA,CREWMAX,2010
S224009,CHEVROLET,SILVERADO 1500,EXTENDED CAB (BUSHING MOUNT),2002
S224046,CHEVROLET,SILVERADO 1500,EXTENDED CAB (ROCKER PANEL MOUNT),2010
S224046,CHEVROLET,SILVERADO 2500,EXTENDED CAB (ROCKER PANEL MOUNT),2010
S224046,CHEVROLET,SILVERADO 3500,EXTENDED CAB (ROCKER PANEL MOUNT),2010
S224017,CHEVROLET,SILVERADO 1500,STANDARD CAB (BUSHING MOUNT),2002
S224013,CHEVROLET,SILVERADO 1500,CREW CAB (BUSHING MOUNT),2004
S224045,CHEVROLET,SILVERADO 1500,CREW CAB (ROCKER PANEL MOUNT),2010
S224045,CHEVROLET,SILVERADO 2500,CREW CAB (ROCKER PANEL MOUNT),2010
S224045,CHEVROLET,SILVERADO 3500,CREW CAB (ROCKER PANEL MOUNT),2010
S224048,CHEVROLET,SILVERADO 1500,STANDARD CAB (ROCKER PANEL MOUNT),2010
S224048,CHEVROLET,SILVERADO 2500,STANDARD CAB (ROCKER PANEL MOUNT),2010
S224048,CHEVROLET,SILVERADO 3500,STANDARD CAB (ROCKER PANEL MOUNT),2010
S224009,CHEVROLET,SILVERADO 2500HD,EXTENDED CAB (INCLUDING DIESEL),2004
S224009,CHEVROLET,SILVERADO 3500HD,EXTENDED CAB (INCLUDING DIESEL),2004
S224017,CHEVROLET,SILVERADO 2500HD,STANDARD CAB (INCLUDING DIESEL),2002
S224017,CHEVROLET,SILVERADO 3500HD,STANDARD CAB (INCLUDING DIESEL),2002
S224013,CHEVROLET,SILVERADO 2500HD,CREW CAB (INCLUDING DIESEL),2004
S224013,CHEVROLET,SILVERADO 3500HD,CREW CAB (INCLUDING DIESEL),2004
S224031,CHEVROLET,TRAVERSE,,2010
S225008,DODGE,RAM 1500,QUAD CAB,2005
S225017,DODGE,RAM 1500,QUAD CAB,2012
S225016,DODGE,RAM 1500,CREW CAB,2012
S225018,DODGE,RAM 1500,STANDARD CAB,2012
S225018,DODGE,RAM 2500,STANDARD CAB,2012
S225018,DODGE,RAM 3500,STANDARD CAB,2012
S225008,DODGE,RAM 2500,QUAD CAB,2006
S225008,DODGE,RAM 3500,QUAD CAB,2006
S225019,DODGE,RAM 2500,CREW CAB,2013
S225019,DODGE,RAM 3500,CREW CAB,2013
S223031,FORD,ESCAPE,,2011
S223006,FORD,EXCURSION,,2004
S223041,FORD,EXPLORER,,2014
S223015,FORD,F-150,CREW CAB,2007
S223039,FORD,F-150,CREW CAB,2012
S223017,FORD,F-150,STANDARD CAB,2007
S223016,FORD,F-150,EXTENDED CAB,2007
S223006,FORD,F-250,SUPER DUTY (CREW CAB),2002
S223006,FORD,F-350,SUPER DUTY (CREW CAB),2002
S223005,FORD,F-250,SUPER DUTY (EXTENDED CAB),2002
S223005,FORD,F-350,SUPER DUTY (EXTENDED CAB),2002
S224031,GMC,ACADIA,,2011
S224009,GMC,SIERRA 1500,EXTENDED CAB (BUSHING MOUNT),2002
S224046,GMC,SIERRA 1500,EXTENDED CAB (ROCKER PANEL MOUNT),2010
S224046,GMC,SIERRA 2500,EXTENDED CAB (ROCKER PANEL MOUNT),2010
S224046,GMC,SIERRA 3500,EXTENDED CAB (ROCKER PANEL MOUNT),2010
S224017,GMC,SIERRA 1500,STANDARD CAB (BUSHING MOUNT),2002
S224013,GMC,SIERRA 1500,CREW CAB (BUSHING MOUNT),2004
S224045,GMC,SIERRA 1500,CREW CAB (ROCKER PANEL MOUNT),2010
S224045,GMC,SIERRA 2500,CREW CAB (ROCKER PANEL MOUNT),2010
S224045,GMC,SIERRA 3500,CREW CAB (ROCKER PANEL MOUNT),2010
S224048,GMC,SIERRA 1500,STANDARD CAB (ROCKER PANEL MOUNT),2010
S224048,GMC,SIERRA 2500,STANDARD CAB (ROCKER PANEL MOUNT),2010
S224048,GMC,SIERRA 3500,STANDARD CAB (ROCKER PANEL MOUNT),2010
S224009,GMC,SIERRA 2500HD,EXTENDED CAB (INCLUDING DIESEL),2004
S224009,GMC,SIERRA 3500HD,EXTENDED CAB (INCLUDING DIESEL),2004
S224017,GMC,SIERRA 2500HD,STANDARD CAB (INCLUDING DIESEL),2002
S224017,GMC,SIERRA 3500HD,STANDARD CAB (INCLUDING DIESEL),2002
S224013,GMC,SIERRA 2500HD,CREW CAB (INCLUDING DIESEL),2004
S224013,GMC,SIERRA 3500HD,CREW CAB (INCLUDING DIESEL),2004
S226010,HONDA,CRV,,2015
S226004,HONDA,ELEMENT,,2006
S226008,HONDA,PILOT,,2012
S221008,JEEP,GRAND CHEROKEE,,2014
S223015,LINCOLN,MARK LT,,2008
S222016,LEXUS,RX350,,2013
S222016,LEXUS,RX400,,2013
S222016,LEXUS,RX400H,,2013
S229006,NISSAN,TITAN,CREW CAB,2007
S229007,NISSAN,TITAN,EXTENDED CAB,2007
S229008,NISSAN,XTERRA,,2008
S222011,TOYOTA,FJ CRUISER,,2010
S222009,TOYOTA,TACOMA,DOUBLE CAB,2008
S222008,TOYOTA,TACOMA,ACCESS CAB,2008
S222012,TOYOTA,TUNDRA,DOUBLE CAB,2010
S222013,TOYOTA,TUNDRA,CREWMAX,2010
S224009-2,CHEVROLET,SILVERADO 1500,EXTENDED CAB (BUSHING MOUNT),2003
S224046-2,CHEVROLET,SILVERADO 1500,EXTENDED CAB (ROCKER PANEL MOUNT),2011
S224046-2,CHEVROLET,SILVERADO 2500,EXTENDED CAB (ROCKER PANEL MOUNT),2011
S224046-2,CHEVROLET,SILVERADO 3500,EXTENDED CAB (ROCKER PANEL MOUNT),2011
S224017-2,CHEVROLET,SILVERADO 1500,STANDARD CAB (BUSHING MOUNT),2003
S224013-2,CHEVROLET,SILVERADO 1500,CREW CAB (BUSHING MOUNT),2005
S224045-2,CHEVROLET,SILVERADO 1500,CREW CAB (ROCKER PANEL MOUNT),2011
S224048-2,CHEVROLET,SILVERADO 1500,STANDARD CAB (ROCKER PANEL MOUNT),2011
S224045-2,CHEVROLET,SILVERADO 2500,CREW CAB (ROCKER PANEL MOUNT),2011
S224048-2,CHEVROLET,SILVERADO 2500,STANDARD CAB (ROCKER PANEL MOUNT),2011
S224045-2,CHEVROLET,SILVERADO 3500,CREW CAB (ROCKER PANEL MOUNT),2011
S224048-2,CHEVROLET,SILVERADO 3500,STANDARD CAB (ROCKER PANEL MOUNT),2011
S224009-2,CHEVROLET,SILVERADO 2500HD,EXTENDED CAB (INCLUDING DIESEL),2005
S224009-2,CHEVROLET,SILVERADO 3500HD,EXTENDED CAB (INCLUDING DIESEL),2005
S224017-2,CHEVROLET,SILVERADO 2500HD,STANDARD CAB (INCLUDING DIESEL),2003
S224017-2,CHEVROLET,SILVERADO 3500HD,STANDARD CAB (INCLUDING DIESEL),2003
S224013-2,CHEVROLET,SILVERADO 2500HD,CREW CAB (INCLUDING DIESEL),2005
S224013-2,CHEVROLET,SILVERADO 3500HD,CREW CAB (INCLUDING DIESEL),2005
S224031-2,CHEVROLET,TRAVERSE,,2011
S225008-2,DODGE,RAM 1500,QUAD CAB,2006
S225017-2,DODGE,RAM 1500,QUAD CAB,2013
S225016-2,DODGE,RAM 1500,CREW CAB,2013
S225018-2,DODGE,RAM 1500,STANDARD CAB,2013
S225018-2,DODGE,RAM 2500,STANDARD CAB,2013
S225018-2,DODGE,RAM 3500,STANDARD CAB,2013
S225008-2,DODGE,RAM 2500,QUAD CAB,2007
S225008-2,DODGE,RAM 3500,QUAD CAB,2007
S225019-2,DODGE,RAM 2500,CREW CAB,2014
S225019-2,DODGE,RAM 3500,CREW CAB,2014
S223031-2,FORD,ESCAPE,,2012
S223006-2,FORD,EXCURSION,,2005
S223041-2,FORD,EXPLORER,,2015
S223015-2,FORD,F-150,CREW CAB,2008
S223039-2,FORD,F-150,CREW CAB,2013
S223017-2,FORD,F-150,STANDARD CAB,2008
S223016-2,FORD,F-150,EXTENDED CAB,2008
S223006-2,FORD,F-250,SUPER DUTY (CREW CAB),2003
S223006-2,FORD,F-350,SUPER DUTY (CREW CAB),2003
S223005-2,FORD,F-250,SUPER DUTY (EXTENDED CAB),2003
S223005-2,FORD,F-350,SUPER DUTY (EXTENDED CAB),2003
S224031-2,GMC,ACADIA,,2012
S224009-2,GMC,SIERRA 1500,EXTENDED CAB (BUSHING MOUNT),2003
S224046-2,GMC,SIERRA 1500,EXTENDED CAB (ROCKER PANEL MOUNT),2011
S224046-2,GMC,SIERRA 2500,EXTENDED CAB (ROCKER PANEL MOUNT),2011
S224046-2,GMC,SIERRA 3500,EXTENDED CAB (ROCKER PANEL MOUNT),2011
S224017-2,GMC,SIERRA 1500,STANDARD CAB (BUSHING MOUNT),2003
S224013-2,GMC,SIERRA 1500,CREW CAB (BUSHING MOUNT),2005
S224045-2,GMC,SIERRA 1500,CREW CAB (ROCKER PANEL MOUNT),2011
S224045-2,GMC,SIERRA 2500,CREW CAB (ROCKER PANEL MOUNT),2011
S224045-2,GMC,SIERRA 3500,CREW CAB (ROCKER PANEL MOUNT),2011
S224048-2,GMC,SIERRA 1500,STANDARD CAB (ROCKER PANEL MOUNT),2011
S224048-2,GMC,SIERRA 2500,STANDARD CAB (ROCKER PANEL MOUNT),2011
S224048-2,GMC,SIERRA 3500,STANDARD CAB (ROCKER PANEL MOUNT),2011
S224009-2,GMC,SIERRA 2500HD,EXTENDED CAB (INCLUDING DIESEL),2005
S224009-2,GMC,SIERRA 3500HD,EXTENDED CAB (INCLUDING DIESEL),2005
S224017-2,GMC,SIERRA 2500HD,STANDARD CAB (INCLUDING DIESEL),2003
S224017-2,GMC,SIERRA 3500HD,STANDARD CAB (INCLUDING DIESEL),2003
S224013-2,GMC,SIERRA 2500HD,CREW CAB (INCLUDING DIESEL),2005
S224013-2,GMC,SIERRA 3500HD,CREW CAB (INCLUDING DIESEL),2005
S226004-2,HONDA,ELEMENT,,2007
S226008-2,HONDA,PILOT,,2013
S224076-2,HUMMER,H3,,2010
S221008-2,JEEP,GRAND CHEROKEE,,2015
S221009-2,JEEP,JK WRANGLER,2-DOOR,2011
S221007-2,JEEP,JK WRANGLER,4-DOOR,2011
S229006-2,NISSAN,TITAN,CREW CAB,2008
S229007-2,NISSAN,TITAN,EXTENDED CAB,2008
S222011-2,TOYOTA,FJ CRUISER,,2011
S222009-2,TOYOTA,TACOMA,DOUBLE CAB,2009
S222008-2,TOYOTA,TACOMA,ACCESS CAB,2009
S222012-2,TOYOTA,TUNDRA,DOUBLE CAB,2011
S222013-2,TOYOTA,TUNDRA,CREWMAX,2011
S224009,CHEVROLET,SILVERADO 1500,EXTENDED CAB (BUSHING MOUNT),2003
S224046,CHEVROLET,SILVERADO 1500,EXTENDED CAB (ROCKER PANEL MOUNT),2011
S224046,CHEVROLET,SILVERADO 2500,EXTENDED CAB (ROCKER PANEL MOUNT),2011
S224046,CHEVROLET,SILVERADO 3500,EXTENDED CAB (ROCKER PANEL MOUNT),2011
S224017,CHEVROLET,SILVERADO 1500,STANDARD CAB (BUSHING MOUNT),2003
S224013,CHEVROLET,SILVERADO 1500,CREW CAB (BUSHING MOUNT),2005
S224045,CHEVROLET,SILVERADO 1500,CREW CAB (ROCKER PANEL MOUNT),2011
S224045,CHEVROLET,SILVERADO 2500,CREW CAB (ROCKER PANEL MOUNT),2011
S224045,CHEVROLET,SILVERADO 3500,CREW CAB (ROCKER PANEL MOUNT),2011
S224048,CHEVROLET,SILVERADO 1500,STANDARD CAB (ROCKER PANEL MOUNT),2011
S224048,CHEVROLET,SILVERADO 2500,STANDARD CAB (ROCKER PANEL MOUNT),2011
S224048,CHEVROLET,SILVERADO 3500,STANDARD CAB (ROCKER PANEL MOUNT),2011
S224009,CHEVROLET,SILVERADO 2500HD,EXTENDED CAB (INCLUDING DIESEL),2005
S224009,CHEVROLET,SILVERADO 3500HD,EXTENDED CAB (INCLUDING DIESEL),2005
S224017,CHEVROLET,SILVERADO 2500HD,STANDARD CAB (INCLUDING DIESEL),2003
S224017,CHEVROLET,SILVERADO 3500HD,STANDARD CAB (INCLUDING DIESEL),2003
S224013,CHEVROLET,SILVERADO 2500HD,CREW CAB (INCLUDING DIESEL),2005
S224013,CHEVROLET,SILVERADO 3500HD,CREW CAB (INCLUDING DIESEL),2005
S224031,CHEVROLET,TRAVERSE,,2011
S225008,DODGE,RAM 1500,QUAD CAB,2006
S225017,DODGE,RAM 1500,QUAD CAB,2013
S225016,DODGE,RAM 1500,CREW CAB,2013
S225018,DODGE,RAM 1500,STANDARD CAB,2013
S225018,DODGE,RAM 2500,STANDARD CAB,2013
S225018,DODGE,RAM 3500,STANDARD CAB,2013
S225008,DODGE,RAM 2500,QUAD CAB,2007
S225008,DODGE,RAM 3500,QUAD CAB,2007
S225019,DODGE,RAM 2500,CREW CAB,2014
S225019,DODGE,RAM 3500,CREW CAB,2014
S223031,FORD,ESCAPE,,2012
S223006,FORD,EXCURSION,,2005
S223041,FORD,EXPLORER,,2015
S223015,FORD,F-150,CREW CAB,2008
S223039,FORD,F-150,CREW CAB,2013
S223017,FORD,F-150,STANDARD CAB,2008
S223016,FORD,F-150,EXTENDED CAB,2008
S223006,FORD,F-250,SUPER DUTY (CREW CAB),2003
S223006,FORD,F-350,SUPER DUTY (CREW CAB),2003
S223005,FORD,F-250,SUPER DUTY (EXTENDED CAB),2003
S223005,FORD,F-350,SUPER DUTY (EXTENDED CAB),2003
S224031,GMC,ACADIA,,2012
S224009,GMC,SIERRA 1500,EXTENDED CAB (BUSHING MOUNT),2003
S224046,GMC,SIERRA 1500,EXTENDED CAB (ROCKER PANEL MOUNT),2011
S224046,GMC,SIERRA 2500,EXTENDED CAB (ROCKER PANEL MOUNT),2011
S224046,GMC,SIERRA 3500,EXTENDED CAB (ROCKER PANEL MOUNT),2011
S224017,GMC,SIERRA 1500,STANDARD CAB (BUSHING MOUNT),2003
S224013,GMC,SIERRA 1500,CREW CAB (BUSHING MOUNT),2005
S224045,GMC,SIERRA 1500,CREW CAB (ROCKER PANEL MOUNT),2011
S224045,GMC,SIERRA 2500,CREW CAB (ROCKER PANEL MOUNT),2011
S224045,GMC,SIERRA 3500,CREW CAB (ROCKER PANEL MOUNT),2011
S224048,GMC,SIERRA 1500,STANDARD CAB (ROCKER PANEL MOUNT),2011
S224048,GMC,SIERRA 2500,STANDARD CAB (ROCKER PANEL MOUNT),2011
S224048,GMC,SIERRA 3500,STANDARD CAB (ROCKER PANEL MOUNT),2011
S224009,GMC,SIERRA 2500HD,EXTENDED CAB (INCLUDING DIESEL),2005
S224009,GMC,SIERRA 3500HD,EXTENDED CAB (INCLUDING DIESEL),2005
S224017,GMC,SIERRA 2500HD,STANDARD CAB (INCLUDING DIESEL),2003
S224017,GMC,SIERRA 3500HD,STANDARD CAB (INCLUDING DIESEL),2003
S224013,GMC,SIERRA 2500HD,CREW CAB (INCLUDING DIESEL),2005
S224013,GMC,SIERRA 3500HD,CREW CAB (INCLUDING DIESEL),2005
S226004,HONDA,ELEMENT,,2007
S226008,HONDA,PILOT,,2013
S221008,JEEP,GRAND CHEROKEE,,2015
S229006,NISSAN,TITAN,CREW CAB,2008
S229007,NISSAN,TITAN,EXTENDED CAB,2008
S229008,NISSAN,XTERRA,,2009
S222011,TOYOTA,FJ CRUISER,,2011
S222009,TOYOTA,TACOMA,DOUBLE CAB,2009
S222008,TOYOTA,TACOMA,ACCESS CAB,2009
S222012,TOYOTA,TUNDRA,DOUBLE CAB,2011
S222013,TOYOTA,TUNDRA,CREWMAX,2011
S224009-2,CHEVROLET,SILVERADO 1500,EXTENDED CAB (BUSHING MOUNT),2004
S224046-2,CHEVROLET,SILVERADO 1500,EXTENDED CAB (ROCKER PANEL MOUNT),2012
S224046-2,CHEVROLET,SILVERADO 2500,EXTENDED CAB (ROCKER PANEL MOUNT),2012
S224046-2,CHEVROLET,SILVERADO 3500,EXTENDED CAB (ROCKER PANEL MOUNT),2012
S224017-2,CHEVROLET,SILVERADO 1500,STANDARD CAB (BUSHING MOUNT),2004
S224013-2,CHEVROLET,SILVERADO 1500,CREW CAB (BUSHING MOUNT),2006
S224045-2,CHEVROLET,SILVERADO 1500,CREW CAB (ROCKER PANEL MOUNT),2012
S224048-2,CHEVROLET,SILVERADO 1500,STANDARD CAB (ROCKER PANEL MOUNT),2012
S224045-2,CHEVROLET,SILVERADO 2500,CREW CAB (ROCKER PANEL MOUNT),2012
S224048-2,CHEVROLET,SILVERADO 2500,STANDARD CAB (ROCKER PANEL MOUNT),2012
S224045-2,CHEVROLET,SILVERADO 3500,CREW CAB (ROCKER PANEL MOUNT),2012
S224048-2,CHEVROLET,SILVERADO 3500,STANDARD CAB (ROCKER PANEL MOUNT),2012
S224009-2,CHEVROLET,SILVERADO 2500HD,EXTENDED CAB (INCLUDING DIESEL),2006
S224009-2,CHEVROLET,SILVERADO 3500HD,EXTENDED CAB (INCLUDING DIESEL),2006
S224017-2,CHEVROLET,SILVERADO 2500HD,STANDARD CAB (INCLUDING DIESEL),2004
S224017-2,CHEVROLET,SILVERADO 3500HD,STANDARD CAB (INCLUDING DIESEL),2004
S224013-2,CHEVROLET,SILVERADO 2500HD,CREW CAB (INCLUDING DIESEL),2006
S224013-2,CHEVROLET,SILVERADO 3500HD,CREW CAB (INCLUDING DIESEL),2006
S224031-2,CHEVROLET,TRAVERSE,,2012
S225008-2,DODGE,RAM 1500,QUAD CAB,2007
S225017-2,DODGE,RAM 1500,QUAD CAB,2014
S225016-2,DODGE,RAM 1500,CREW CAB,2014
S225018-2,DODGE,RAM 1500,STANDARD CAB,2014
S225018-2,DODGE,RAM 2500,STANDARD CAB,2014
S225018-2,DODGE,RAM 3500,STANDARD CAB,2014
S225008-2,DODGE,RAM 2500,QUAD CAB,2008
S225008-2,DODGE,RAM 3500,QUAD CAB,2008
S223006-2,FORD,EXCURSION,,2006
S223039-2,FORD,F-150,CREW CAB,2014
S223017-2,FORD,F-150,STANDARD CAB,2009
S223016-2,FORD,F-150,EXTENDED CAB,2009
S223006-2,FORD,F-250,SUPER DUTY (CREW CAB),2004
S223006-2,FORD,F-350,SUPER DUTY (CREW CAB),2004
S223005-2,FORD,F-250,SUPER DUTY (EXTENDED CAB),2004
S223005-2,FORD,F-350,SUPER DUTY (EXTENDED CAB),2004
S224031-2,GMC,ACADIA,,2013
S224009-2,GMC,SIERRA 1500,EXTENDED CAB (BUSHING MOUNT),2004
S224046-2,GMC,SIERRA 1500,EXTENDED CAB (ROCKER PANEL MOUNT),2012
S224046-2,GMC,SIERRA 2500,EXTENDED CAB (ROCKER PANEL MOUNT),2012
S224046-2,GMC,SIERRA 3500,EXTENDED CAB (ROCKER PANEL MOUNT),2012
S224017-2,GMC,SIERRA 1500,STANDARD CAB (BUSHING MOUNT),2004
S224013-2,GMC,SIERRA 1500,CREW CAB (BUSHING MOUNT),2006
S224045-2,GMC,SIERRA 1500,CREW CAB (ROCKER PANEL MOUNT),2012
S224045-2,GMC,SIERRA 2500,CREW CAB (ROCKER PANEL MOUNT),2012
S224045-2,GMC,SIERRA 3500,CREW CAB (ROCKER PANEL MOUNT),2012
S224048-2,GMC,SIERRA 1500,STANDARD CAB (ROCKER PANEL MOUNT),2012
S224048-2,GMC,SIERRA 2500,STANDARD CAB (ROCKER PANEL MOUNT),2012
S224048-2,GMC,SIERRA 3500,STANDARD CAB (ROCKER PANEL MOUNT),2012
S224009-2,GMC,SIERRA 2500HD,EXTENDED CAB (INCLUDING DIESEL),2006
S224009-2,GMC,SIERRA 3500HD,EXTENDED CAB (INCLUDING DIESEL),2006
S224017-2,GMC,SIERRA 2500HD,STANDARD CAB (INCLUDING DIESEL),2004
S224017-2,GMC,SIERRA 3500HD,STANDARD CAB (INCLUDING DIESEL),2004
S224013-2,GMC,SIERRA 2500HD,CREW CAB (INCLUDING DIESEL),2006
S224013-2,GMC,SIERRA 3500HD,CREW CAB (INCLUDING DIESEL),2006
S226004-2,HONDA,ELEMENT,,2008
S226008-2,HONDA,PILOT,,2014
S224076-2,HUMMER,H3,,2011
S221009-2,JEEP,JK WRANGLER,2-DOOR,2012
S221007-2,JEEP,JK WRANGLER,4-DOOR,2012
S229006-2,NISSAN,TITAN,CREW CAB,2009
S229007-2,NISSAN,TITAN,EXTENDED CAB,2009
S222011-2,TOYOTA,FJ CRUISER,,2012
S222009-2,TOYOTA,TACOMA,DOUBLE CAB,2010
S222008-2,TOYOTA,TACOMA,ACCESS CAB,2010
S222012-2,TOYOTA,TUNDRA,DOUBLE CAB,2012
S222013-2,TOYOTA,TUNDRA,CREWMAX,2012
S224009,CHEVROLET,SILVERADO 1500,EXTENDED CAB (BUSHING MOUNT),2004
S224046,CHEVROLET,SILVERADO 1500,EXTENDED CAB (ROCKER PANEL MOUNT),2012
S224046,CHEVROLET,SILVERADO 2500,EXTENDED CAB (ROCKER PANEL MOUNT),2012
S224046,CHEVROLET,SILVERADO 3500,EXTENDED CAB (ROCKER PANEL MOUNT),2012
S224017,CHEVROLET,SILVERADO 1500,STANDARD CAB (BUSHING MOUNT),2004
S224013,CHEVROLET,SILVERADO 1500,CREW CAB (BUSHING MOUNT),2006
S224045,CHEVROLET,SILVERADO 1500,CREW CAB (ROCKER PANEL MOUNT),2012
S224045,CHEVROLET,SILVERADO 2500,CREW CAB (ROCKER PANEL MOUNT),2012
S224045,CHEVROLET,SILVERADO 3500,CREW CAB (ROCKER PANEL MOUNT),2012
S224048,CHEVROLET,SILVERADO 1500,STANDARD CAB (ROCKER PANEL MOUNT),2012
S224048,CHEVROLET,SILVERADO 2500,STANDARD CAB (ROCKER PANEL MOUNT),2012
S224048,CHEVROLET,SILVERADO 3500,STANDARD CAB (ROCKER PANEL MOUNT),2012
S224009,CHEVROLET,SILVERADO 2500HD,EXTENDED CAB (INCLUDING DIESEL),2006
S224009,CHEVROLET,SILVERADO 3500HD,EXTENDED CAB (INCLUDING DIESEL),2006
S224017,CHEVROLET,SILVERADO 2500HD,STANDARD CAB (INCLUDING DIESEL),2004
S224017,CHEVROLET,SILVERADO 3500HD,STANDARD CAB (INCLUDING DIESEL),2004
S224013,CHEVROLET,SILVERADO 2500HD,CREW CAB (INCLUDING DIESEL),2006
S224013,CHEVROLET,SILVERADO 3500HD,CREW CAB (INCLUDING DIESEL),2006
S224031,CHEVROLET,TRAVERSE,,2012
S225008,DODGE,RAM 1500,QUAD CAB,2007
S225017,DODGE,RAM 1500,QUAD CAB,2014
S225016,DODGE,RAM 1500,CREW CAB,2014
S225018,DODGE,RAM 1500,STANDARD CAB,2014
S225018,DODGE,RAM 2500,STANDARD CAB,2014
S225018,DODGE,RAM 3500,STANDARD CAB,2014
S225008,DODGE,RAM 2500,QUAD CAB,2008
S225008,DODGE,RAM 3500,QUAD CAB,2008
S223006,FORD,EXCURSION,,2006
S223039,FORD,F-150,CREW CAB,2014
S223017,FORD,F-150,STANDARD CAB,2009
S223016,FORD,F-150,EXTENDED CAB,2009
S223006,FORD,F-250,SUPER DUTY (CREW CAB),2004
S223006,FORD,F-350,SUPER DUTY (CREW CAB),2004
S223005,FORD,F-250,SUPER DUTY (EXTENDED CAB),2004
S223005,FORD,F-350,SUPER DUTY (EXTENDED CAB),2004
S224031,GMC,ACADIA,,2013
S224009,GMC,SIERRA 1500,EXTENDED CAB (BUSHING MOUNT),2004
S224046,GMC,SIERRA 1500,EXTENDED CAB (ROCKER PANEL MOUNT),2012
S224046,GMC,SIERRA 2500,EXTENDED CAB (ROCKER PANEL MOUNT),2012
S224046,GMC,SIERRA 3500,EXTENDED CAB (ROCKER PANEL MOUNT),2012
S224017,GMC,SIERRA 1500,STANDARD CAB (BUSHING MOUNT),2004
S224013,GMC,SIERRA 1500,CREW CAB (BUSHING MOUNT),2006
S224045,GMC,SIERRA 1500,CREW CAB (ROCKER PANEL MOUNT),2012
S224045,GMC,SIERRA 2500,CREW CAB (ROCKER PANEL MOUNT),2012
S224045,GMC,SIERRA 3500,CREW CAB (ROCKER PANEL MOUNT),2012
S224048,GMC,SIERRA 1500,STANDARD CAB (ROCKER PANEL MOUNT),2012
S224048,GMC,SIERRA 2500,STANDARD CAB (ROCKER PANEL MOUNT),2012
S224048,GMC,SIERRA 3500,STANDARD CAB (ROCKER PANEL MOUNT),2012
S224009,GMC,SIERRA 2500HD,EXTENDED CAB (INCLUDING DIESEL),2006
S224009,GMC,SIERRA 3500HD,EXTENDED CAB (INCLUDING DIESEL),2006
S224017,GMC,SIERRA 2500HD,STANDARD CAB (INCLUDING DIESEL),2004
S224017,GMC,SIERRA 3500HD,STANDARD CAB (INCLUDING DIESEL),2004
S224013,GMC,SIERRA 2500HD,CREW CAB (INCLUDING DIESEL),2006
S224013,GMC,SIERRA 3500HD,CREW CAB (INCLUDING DIESEL),2006
S226004,HONDA,ELEMENT,,2008
S226008,HONDA,PILOT,,2014
S229006,NISSAN,TITAN,CREW CAB,2009
S229007,NISSAN,TITAN,EXTENDED CAB,2009
S229008,NISSAN,XTERRA,,2010
S222011,TOYOTA,FJ CRUISER,,2012
S222009,TOYOTA,TACOMA,DOUBLE CAB,2010
S222008,TOYOTA,TACOMA,ACCESS CAB,2010
S222012,TOYOTA,TUNDRA,DOUBLE CAB,2012
S222013,TOYOTA,TUNDRA,CREWMAX,2012
S224009-2,CHEVROLET,SILVERADO 1500,EXTENDED CAB (BUSHING MOUNT),2005
S224046-2,CHEVROLET,SILVERADO 1500,EXTENDED CAB (ROCKER PANEL MOUNT),2013
S224046-2,CHEVROLET,SILVERADO 2500,EXTENDED CAB (ROCKER PANEL MOUNT),2013
S224046-2,CHEVROLET,SILVERADO 3500,EXTENDED CAB (ROCKER PANEL MOUNT),2013
S224017-2,CHEVROLET,SILVERADO 1500,STANDARD CAB (BUSHING MOUNT),2005
S224013-2,CHEVROLET,SILVERADO 1500,CREW CAB (BUSHING MOUNT),2007
S224045-2,CHEVROLET,SILVERADO 1500,CREW CAB (ROCKER PANEL MOUNT),2013
S224048-2,CHEVROLET,SILVERADO 1500,STANDARD CAB (ROCKER PANEL MOUNT),2013
S224045-2,CHEVROLET,SILVERADO 2500,CREW CAB (ROCKER PANEL MOUNT),2013
S224048-2,CHEVROLET,SILVERADO 2500,STANDARD CAB (ROCKER PANEL MOUNT),2013
S224045-2,CHEVROLET,SILVERADO 3500,CREW CAB (ROCKER PANEL MOUNT),2013
S224048-2,CHEVROLET,SILVERADO 3500,STANDARD CAB (ROCKER PANEL MOUNT),2013
S224009-2,CHEVROLET,SILVERADO 2500HD,EXTENDED CAB (INCLUDING DIESEL),2007
S224009-2,CHEVROLET,SILVERADO 3500HD,EXTENDED CAB (INCLUDING DIESEL),2007
S224017-2,CHEVROLET,SILVERADO 2500HD,STANDARD CAB (INCLUDING DIESEL),2005
S224017-2,CHEVROLET,SILVERADO 3500HD,STANDARD CAB (INCLUDING DIESEL),2005
S224013-2,CHEVROLET,SILVERADO 2500HD,CREW CAB (INCLUDING DIESEL),2007
S224013-2,CHEVROLET,SILVERADO 3500HD,CREW CAB (INCLUDING DIESEL),2007
S224031-2,CHEVROLET,TRAVERSE,,2013
S225008-2,DODGE,RAM 1500,QUAD CAB,2008
S225008-2,DODGE,RAM 2500,QUAD CAB,2009
S225008-2,DODGE,RAM 3500,QUAD CAB,2009
S223017-2,FORD,F-150,STANDARD CAB,2010
S223016-2,FORD,F-150,EXTENDED CAB,2010
S223006-2,FORD,F-250,SUPER DUTY (CREW CAB),2005
S223006-2,FORD,F-350,SUPER DUTY (CREW CAB),2005
S223005-2,FORD,F-250,SUPER DUTY (EXTENDED CAB),2005
S223005-2,FORD,F-350,SUPER DUTY (EXTENDED CAB),2005
S224031-2,GMC,ACADIA,,2014
S224009-2,GMC,SIERRA 1500,EXTENDED CAB (BUSHING MOUNT),2005
S224046-2,GMC,SIERRA 1500,EXTENDED CAB (ROCKER PANEL MOUNT),2013
S224046-2,GMC,SIERRA 2500,EXTENDED CAB (ROCKER PANEL MOUNT),2013
S224046-2,GMC,SIERRA 3500,EXTENDED CAB (ROCKER PANEL MOUNT),2013
S224017-2,GMC,SIERRA 1500,STANDARD CAB (BUSHING MOUNT),2005
S224013-2,GMC,SIERRA 1500,CREW CAB (BUSHING MOUNT),2007
S224045-2,GMC,SIERRA 1500,CREW CAB (ROCKER PANEL MOUNT),2013
S224045-2,GMC,SIERRA 2500,CREW CAB (ROCKER PANEL MOUNT),2013
S224045-2,GMC,SIERRA 3500,CREW CAB (ROCKER PANEL MOUNT),2013
S224048-2,GMC,SIERRA 1500,STANDARD CAB (ROCKER PANEL MOUNT),2013
S224048-2,GMC,SIERRA 2500,STANDARD CAB (ROCKER PANEL MOUNT),2013
S224048-2,GMC,SIERRA 3500,STANDARD CAB (ROCKER PANEL MOUNT),2013
S224009-2,GMC,SIERRA 2500HD,EXTENDED CAB (INCLUDING DIESEL),2007
S224009-2,GMC,SIERRA 3500HD,EXTENDED CAB (INCLUDING DIESEL),2007
S224017-2,GMC,SIERRA 2500HD,STANDARD CAB (INCLUDING DIESEL),2005
S224017-2,GMC,SIERRA 3500HD,STANDARD CAB (INCLUDING DIESEL),2005
S224013-2,GMC,SIERRA 2500HD,CREW CAB (INCLUDING DIESEL),2007
S224013-2,GMC,SIERRA 3500HD,CREW CAB (INCLUDING DIESEL),2007
S226004-2,HONDA,ELEMENT,,2009
S226008-2,HONDA,PILOT,,2015
S221009-2,JEEP,JK WRANGLER,2-DOOR,2013
S221007-2,JEEP,JK WRANGLER,4-DOOR,2013
S229006-2,NISSAN,TITAN,CREW CAB,2010
S229007-2,NISSAN,TITAN,EXTENDED CAB,2010
S222011-2,TOYOTA,FJ CRUISER,,2013
S222009-2,TOYOTA,TACOMA,DOUBLE CAB,2011
S222008-2,TOYOTA,TACOMA,ACCESS CAB,2011
S222012-2,TOYOTA,TUNDRA,DOUBLE CAB,2013
S222013-2,TOYOTA,TUNDRA,CREWMAX,2013
S224009,CHEVROLET,SILVERADO 1500,EXTENDED CAB (BUSHING MOUNT),2005
S224046,CHEVROLET,SILVERADO 1500,EXTENDED CAB (ROCKER PANEL MOUNT),2013
S224046,CHEVROLET,SILVERADO 2500,EXTENDED CAB (ROCKER PANEL MOUNT),2013
S224046,CHEVROLET,SILVERADO 3500,EXTENDED CAB (ROCKER PANEL MOUNT),2013
S224017,CHEVROLET,SILVERADO 1500,STANDARD CAB (BUSHING MOUNT),2005
S224013,CHEVROLET,SILVERADO 1500,CREW CAB (BUSHING MOUNT),2007
S224045,CHEVROLET,SILVERADO 1500,CREW CAB (ROCKER PANEL MOUNT),2013
S224045,CHEVROLET,SILVERADO 2500,CREW CAB (ROCKER PANEL MOUNT),2013
S224045,CHEVROLET,SILVERADO 3500,CREW CAB (ROCKER PANEL MOUNT),2013
S224048,CHEVROLET,SILVERADO 1500,STANDARD CAB (ROCKER PANEL MOUNT),2013
S224048,CHEVROLET,SILVERADO 2500,STANDARD CAB (ROCKER PANEL MOUNT),2013
S224048,CHEVROLET,SILVERADO 3500,STANDARD CAB (ROCKER PANEL MOUNT),2013
S224009,CHEVROLET,SILVERADO 2500HD,EXTENDED CAB (INCLUDING DIESEL),2007
S224009,CHEVROLET,SILVERADO 3500HD,EXTENDED CAB (INCLUDING DIESEL),2007
S224017,CHEVROLET,SILVERADO 2500HD,STANDARD CAB (INCLUDING DIESEL),2005
S224017,CHEVROLET,SILVERADO 3500HD,STANDARD CAB (INCLUDING DIESEL),2005
S224013,CHEVROLET,SILVERADO 2500HD,CREW CAB (INCLUDING DIESEL),2007
S224013,CHEVROLET,SILVERADO 3500HD,CREW CAB (INCLUDING DIESEL),2007
S224031,CHEVROLET,TRAVERSE,,2013
S225008,DODGE,RAM 1500,QUAD CAB,2008
S225008,DODGE,RAM 2500,QUAD CAB,2009
S225008,DODGE,RAM 3500,QUAD CAB,2009
S223017,FORD,F-150,STANDARD CAB,2010
S223016,FORD,F-150,EXTENDED CAB,2010
S223006,FORD,F-250,SUPER DUTY (CREW CAB),2005
S223006,FORD,F-350,SUPER DUTY (CREW CAB),2005
S223005,FORD,F-250,SUPER DUTY (EXTENDED CAB),2005
S223005,FORD,F-350,SUPER DUTY (EXTENDED CAB),2005
S224031,GMC,ACADIA,,2014
S224009,GMC,SIERRA 1500,EXTENDED CAB (BUSHING MOUNT),2005
S224046,GMC,SIERRA 1500,EXTENDED CAB (ROCKER PANEL MOUNT),2013
S224046,GMC,SIERRA 2500,EXTENDED CAB (ROCKER PANEL MOUNT),2013
S224046,GMC,SIERRA 3500,EXTENDED CAB (ROCKER PANEL MOUNT),2013
S224017,GMC,SIERRA 1500,STANDARD CAB (BUSHING MOUNT),2005
S224013,GMC,SIERRA 1500,CREW CAB (BUSHING MOUNT),2007
S224045,GMC,SIERRA 1500,CREW CAB (ROCKER PANEL MOUNT),2013
S224045,GMC,SIERRA 2500,CREW CAB (ROCKER PANEL MOUNT),2013
S224045,GMC,SIERRA 3500,CREW CAB (ROCKER PANEL MOUNT),2013
S224048,GMC,SIERRA 1500,STANDARD CAB (ROCKER PANEL MOUNT),2013
S224048,GMC,SIERRA 2500,STANDARD CAB (ROCKER PANEL MOUNT),2013
S224048,GMC,SIERRA 3500,STANDARD CAB (ROCKER PANEL MOUNT),2013
S224009,GMC,SIERRA 2500HD,EXTENDED CAB (INCLUDING DIESEL),2007
S224009,GMC,SIERRA 3500HD,EXTENDED CAB (INCLUDING DIESEL),2007
S224017,GMC,SIERRA 2500HD,STANDARD CAB (INCLUDING DIESEL),2005
S224017,GMC,SIERRA 3500HD,STANDARD CAB (INCLUDING DIESEL),2005
S224013,GMC,SIERRA 2500HD,CREW CAB (INCLUDING DIESEL),2007
S224013,GMC,SIERRA 3500HD,CREW CAB (INCLUDING DIESEL),2007
S226004,HONDA,ELEMENT,,2009
S226008,HONDA,PILOT,,2015
S229006,NISSAN,TITAN,CREW CAB,2010
S229007,NISSAN,TITAN,EXTENDED CAB,2010
S229008,NISSAN,XTERRA,,2011
S222011,TOYOTA,FJ CRUISER,,2013
S222009,TOYOTA,TACOMA,DOUBLE CAB,2011
S222008,TOYOTA,TACOMA,ACCESS CAB,2011
S222012,TOYOTA,TUNDRA,DOUBLE CAB,2013
S222013,TOYOTA,TUNDRA,CREWMAX,2013
S224009-2,CHEVROLET,SILVERADO 1500,EXTENDED CAB (BUSHING MOUNT),2006
S224017-2,CHEVROLET,SILVERADO 1500,STANDARD CAB (BUSHING MOUNT),2006
S224013-2,CHEVROLET,SILVERADO 1500,CREW CAB (BUSHING MOUNT),2008
S224045-2,CHEVROLET,SILVERADO 1500,CREW CAB (ROCKER PANEL MOUNT),2014
S224048-2,CHEVROLET,SILVERADO 1500,STANDARD CAB (ROCKER PANEL MOUNT),2014
S224045-2,CHEVROLET,SILVERADO 2500,CREW CAB (ROCKER PANEL MOUNT),2014
S224048-2,CHEVROLET,SILVERADO 2500,STANDARD CAB (ROCKER PANEL MOUNT),2014
S224045-2,CHEVROLET,SILVERADO 3500,CREW CAB (ROCKER PANEL MOUNT),2014
S224048-2,CHEVROLET,SILVERADO 3500,STANDARD CAB (ROCKER PANEL MOUNT),2014
S224009-2,CHEVROLET,SILVERADO 2500HD,EXTENDED CAB (INCLUDING DIESEL),2008
S224009-2,CHEVROLET,SILVERADO 3500HD,EXTENDED CAB (INCLUDING DIESEL),2008
S224017-2,CHEVROLET,SILVERADO 2500HD,STANDARD CAB (INCLUDING DIESEL),2006
S224017-2,CHEVROLET,SILVERADO 3500HD,STANDARD CAB (INCLUDING DIESEL),2006
S224013-2,CHEVROLET,SILVERADO 2500HD,CREW CAB (INCLUDING DIESEL),2008
S224013-2,CHEVROLET,SILVERADO 3500HD,CREW CAB (INCLUDING DIESEL),2008
S224031-2,CHEVROLET,TRAVERSE,,2014
S223017-2,FORD,F-150,STANDARD CAB,2011
S223016-2,FORD,F-150,EXTENDED CAB,2011
S223006-2,FORD,F-250,SUPER DUTY (CREW CAB),2006
S223006-2,FORD,F-350,SUPER DUTY (CREW CAB),2006
S223005-2,FORD,F-250,SUPER DUTY (EXTENDED CAB),2006
S223005-2,FORD,F-350,SUPER DUTY (EXTENDED CAB),2006
S224031-2,GMC,ACADIA,,2015
S224009-2,GMC,SIERRA 1500,EXTENDED CAB (BUSHING MOUNT),2006
S224017-2,GMC,SIERRA 1500,STANDARD CAB (BUSHING MOUNT),2006
S224013-2,GMC,SIERRA 1500,CREW CAB (BUSHING MOUNT),2008
S224045-2,GMC,SIERRA 1500,CREW CAB (ROCKER PANEL MOUNT),2014
S224045-2,GMC,SIERRA 2500,CREW CAB (ROCKER PANEL MOUNT),2014
S224045-2,GMC,SIERRA 3500,CREW CAB (ROCKER PANEL MOUNT),2014
S224048-2,GMC,SIERRA 1500,STANDARD CAB (ROCKER PANEL MOUNT),2014
S224048-2,GMC,SIERRA 2500,STANDARD CAB (ROCKER PANEL MOUNT),2014
S224048-2,GMC,SIERRA 3500,STANDARD CAB (ROCKER PANEL MOUNT),2014
S224009-2,GMC,SIERRA 2500HD,EXTENDED CAB (INCLUDING DIESEL),2008
S224009-2,GMC,SIERRA 3500HD,EXTENDED CAB (INCLUDING DIESEL),2008
S224017-2,GMC,SIERRA 2500HD,STANDARD CAB (INCLUDING DIESEL),2006
S224017-2,GMC,SIERRA 3500HD,STANDARD CAB (INCLUDING DIESEL),2006
S224013-2,GMC,SIERRA 2500HD,CREW CAB (INCLUDING DIESEL),2008
S224013-2,GMC,SIERRA 3500HD,CREW CAB (INCLUDING DIESEL),2008
S226004-2,HONDA,ELEMENT,,2010
S221009-2,JEEP,JK WRANGLER,2-DOOR,2014
S221007-2,JEEP,JK WRANGLER,4-DOOR,2014
S229006-2,NISSAN,TITAN,CREW CAB,2011
S229007-2,NISSAN,TITAN,EXTENDED CAB,2011
S222011-2,TOYOTA,FJ CRUISER,,2014
S222009-2,TOYOTA,TACOMA,DOUBLE CAB,2012
S222008-2,TOYOTA,TACOMA,ACCESS CAB,2012
S222012-2,TOYOTA,TUNDRA,DOUBLE CAB,2014
S222013-2,TOYOTA,TUNDRA,CREWMAX,2014
S224009,CHEVROLET,SILVERADO 1500,EXTENDED CAB (BUSHING MOUNT),2006
S224017,CHEVROLET,SILVERADO 1500,STANDARD CAB (BUSHING MOUNT),2006
S224013,CHEVROLET,SILVERADO 1500,CREW CAB (BUSHING MOUNT),2008
S224045,CHEVROLET,SILVERADO 1500,CREW CAB (ROCKER PANEL MOUNT),2014
S224045,CHEVROLET,SILVERADO 2500,CREW CAB (ROCKER PANEL MOUNT),2014
S224045,CHEVROLET,SILVERADO 3500,CREW CAB (ROCKER PANEL MOUNT),2014
S224048,CHEVROLET,SILVERADO 1500,STANDARD CAB (ROCKER PANEL MOUNT),2014
S224048,CHEVROLET,SILVERADO 2500,STANDARD CAB (ROCKER PANEL MOUNT),2014
S224048,CHEVROLET,SILVERADO 3500,STANDARD CAB (ROCKER PANEL MOUNT),2014
S224009,CHEVROLET,SILVERADO 2500HD,EXTENDED CAB (INCLUDING DIESEL),2008
S224009,CHEVROLET,SILVERADO 3500HD,EXTENDED CAB (INCLUDING DIESEL),2008
S224017,CHEVROLET,SILVERADO 2500HD,STANDARD CAB (INCLUDING DIESEL),2006
S224017,CHEVROLET,SILVERADO 3500HD,STANDARD CAB (INCLUDING DIESEL),2006
S224013,CHEVROLET,SILVERADO 2500HD,CREW CAB (INCLUDING DIESEL),2008
S224013,CHEVROLET,SILVERADO 3500HD,CREW CAB (INCLUDING DIESEL),2008
S224031,CHEVROLET,TRAVERSE,,2014
S223017,FORD,F-150,STANDARD CAB,2011
S223016,FORD,F-150,EXTENDED CAB,2011
S223006,FORD,F-250,SUPER DUTY (CREW CAB),2006
S223006,FORD,F-350,SUPER DUTY (CREW CAB),2006
S223005,FORD,F-250,SUPER DUTY (EXTENDED CAB),2006
S223005,FORD,F-350,SUPER DUTY (EXTENDED CAB),2006
S224031,GMC,ACADIA,,2015
S224009,GMC,SIERRA 1500,EXTENDED CAB (BUSHING MOUNT),2006
S224017,GMC,SIERRA 1500,STANDARD CAB (BUSHING MOUNT),2006
S224013,GMC,SIERRA 1500,CREW CAB (BUSHING MOUNT),2008
S224045,GMC,SIERRA 1500,CREW CAB (ROCKER PANEL MOUNT),2014
S224045,GMC,SIERRA 2500,CREW CAB (ROCKER PANEL MOUNT),2014
S224045,GMC,SIERRA 3500,CREW CAB (ROCKER PANEL MOUNT),2014
S224048,GMC,SIERRA 1500,STANDARD CAB (ROCKER PANEL MOUNT),2014
S224048,GMC,SIERRA 2500,STANDARD CAB (ROCKER PANEL MOUNT),2014
S224048,GMC,SIERRA 3500,STANDARD CAB (ROCKER PANEL MOUNT),2014
S224009,GMC,SIERRA 2500HD,EXTENDED CAB (INCLUDING DIESEL),2008
S224009,GMC,SIERRA 3500HD,EXTENDED CAB (INCLUDING DIESEL),2008
S224017,GMC,SIERRA 2500HD,STANDARD CAB (INCLUDING DIESEL),2006
S224017,GMC,SIERRA 3500HD,STANDARD CAB (INCLUDING DIESEL),2006
S224013,GMC,SIERRA 2500HD,CREW CAB (INCLUDING DIESEL),2008
S224013,GMC,SIERRA 3500HD,CREW CAB (INCLUDING DIESEL),2008
S226004,HONDA,ELEMENT,,2010
S229006,NISSAN,TITAN,CREW CAB,2011
S229007,NISSAN,TITAN,EXTENDED CAB,2011
S229008,NISSAN,XTERRA,,2012
S222011,TOYOTA,FJ CRUISER,,2014
S222009,TOYOTA,TACOMA,DOUBLE CAB,2012
S222008,TOYOTA,TACOMA,ACCESS CAB,2012
S222012,TOYOTA,TUNDRA,DOUBLE CAB,2014
S222013,TOYOTA,TUNDRA,CREWMAX,2014
S224009-2,CHEVROLET,SILVERADO 1500,EXTENDED CAB (BUSHING MOUNT),2007
S224017-2,CHEVROLET,SILVERADO 1500,STANDARD CAB (BUSHING MOUNT),2007
S224013-2,CHEVROLET,SILVERADO 1500,CREW CAB (BUSHING MOUNT),2009
S224045-2,CHEVROLET,SILVERADO 1500,CREW CAB (ROCKER PANEL MOUNT),2015
S224048-2,CHEVROLET,SILVERADO 1500,STANDARD CAB (ROCKER PANEL MOUNT),2015
S224045-2,CHEVROLET,SILVERADO 2500,CREW CAB (ROCKER PANEL MOUNT),2015
S224048-2,CHEVROLET,SILVERADO 2500,STANDARD CAB (ROCKER PANEL MOUNT),2015
S224045-2,CHEVROLET,SILVERADO 3500,CREW CAB (ROCKER PANEL MOUNT),2015
S224048-2,CHEVROLET,SILVERADO 3500,STANDARD CAB (ROCKER PANEL MOUNT),2015
S224009-2,CHEVROLET,SILVERADO 2500HD,EXTENDED CAB (INCLUDING DIESEL),2009
S224009-2,CHEVROLET,SILVERADO 3500HD,EXTENDED CAB (INCLUDING DIESEL),2009
S224017-2,CHEVROLET,SILVERADO 2500HD,STANDARD CAB (INCLUDING DIESEL),2007
S224017-2,CHEVROLET,SILVERADO 3500HD,STANDARD CAB (INCLUDING DIESEL),2007
S224013-2,CHEVROLET,SILVERADO 2500HD,CREW CAB (INCLUDING DIESEL),2009
S224013-2,CHEVROLET,SILVERADO 3500HD,CREW CAB (INCLUDING DIESEL),2009
S224031-2,CHEVROLET,TRAVERSE,,2015
S223017-2,FORD,F-150,STANDARD CAB,2012
S223016-2,FORD,F-150,EXTENDED CAB,2012
S223006-2,FORD,F-250,SUPER DUTY (CREW CAB),2007
S223006-2,FORD,F-350,SUPER DUTY (CREW CAB),2007
S223005-2,FORD,F-250,SUPER DUTY (EXTENDED CAB),2007
S223005-2,FORD,F-350,SUPER DUTY (EXTENDED CAB),2007
S224009-2,GMC,SIERRA 1500,EXTENDED CAB (BUSHING MOUNT),2007
S224017-2,GMC,SIERRA 1500,STANDARD CAB (BUSHING MOUNT),2007
S224013-2,GMC,SIERRA 1500,CREW CAB (BUSHING MOUNT),2009
S224045-2,GMC,SIERRA 1500,CREW CAB (ROCKER PANEL MOUNT),2015
S224045-2,GMC,SIERRA 2500,CREW CAB (ROCKER PANEL MOUNT),2015
S224045-2,GMC,SIERRA 3500,CREW CAB (ROCKER PANEL MOUNT),2015
S224048-2,GMC,SIERRA 1500,STANDARD CAB (ROCKER PANEL MOUNT),2015
S224048-2,GMC,SIERRA 2500,STANDARD CAB (ROCKER PANEL MOUNT),2015
S224048-2,GMC,SIERRA 3500,STANDARD CAB (ROCKER PANEL MOUNT),2015
S224009-2,GMC,SIERRA 2500HD,EXTENDED CAB (INCLUDING DIESEL),2009
S224009-2,GMC,SIERRA 3500HD,EXTENDED CAB (INCLUDING DIESEL),2009
S224017-2,GMC,SIERRA 2500HD,STANDARD CAB (INCLUDING DIESEL),2007
S224017-2,GMC,SIERRA 3500HD,STANDARD CAB (INCLUDING DIESEL),2007
S224013-2,GMC,SIERRA 2500HD,CREW CAB (INCLUDING DIESEL),2009
S224013-2,GMC,SIERRA 3500HD,CREW CAB (INCLUDING DIESEL),2009
S221009-2,JEEP,JK WRANGLER,2-DOOR,2015
S221007-2,JEEP,JK WRANGLER,4-DOOR,2015
S229006-2,NISSAN,TITAN,CREW CAB,2012
S229007-2,NISSAN,TITAN,EXTENDED CAB,2012
S222009-2,TOYOTA,TACOMA,DOUBLE CAB,2013
S222008-2,TOYOTA,TACOMA,ACCESS CAB,2013
S222012-2,TOYOTA,TUNDRA,DOUBLE CAB,2015
S222013-2,TOYOTA,TUNDRA,CREWMAX,2015
S224009,CHEVROLET,SILVERADO 1500,EXTENDED CAB (BUSHING MOUNT),2007
S224017,CHEVROLET,SILVERADO 1500,STANDARD CAB (BUSHING MOUNT),2007
S224013,CHEVROLET,SILVERADO 1500,CREW CAB (BUSHING MOUNT),2009
S224045,CHEVROLET,SILVERADO 1500,CREW CAB (ROCKER PANEL MOUNT),2015
S224045,CHEVROLET,SILVERADO 2500,CREW CAB (ROCKER PANEL MOUNT),2015
S224045,CHEVROLET,SILVERADO 3500,CREW CAB (ROCKER PANEL MOUNT),2015
S224048,CHEVROLET,SILVERADO 1500,STANDARD CAB (ROCKER PANEL MOUNT),2015
S224048,CHEVROLET,SILVERADO 2500,STANDARD CAB (ROCKER PANEL MOUNT),2015
S224048,CHEVROLET,SILVERADO 3500,STANDARD CAB (ROCKER PANEL MOUNT),2015
S224009,CHEVROLET,SILVERADO 2500HD,EXTENDED CAB (INCLUDING DIESEL),2009
S224009,CHEVROLET,SILVERADO 3500HD,EXTENDED CAB (INCLUDING DIESEL),2009
S224017,CHEVROLET,SILVERADO 2500HD,STANDARD CAB (INCLUDING DIESEL),2007
S224017,CHEVROLET,SILVERADO 3500HD,STANDARD CAB (INCLUDING DIESEL),2007
S224013,CHEVROLET,SILVERADO 2500HD,CREW CAB (INCLUDING DIESEL),2009
S224013,CHEVROLET,SILVERADO 3500HD,CREW CAB (INCLUDING DIESEL),2009
S224031,CHEVROLET,TRAVERSE,,2015
S223017,FORD,F-150,STANDARD CAB,2012
S223016,FORD,F-150,EXTENDED CAB,2012
S223006,FORD,F-250,SUPER DUTY (CREW CAB),2007
S223006,FORD,F-350,SUPER DUTY (CREW CAB),2007
S223005,FORD,F-250,SUPER DUTY (EXTENDED CAB),2007
S223005,FORD,F-350,SUPER DUTY (EXTENDED CAB),2007
S224009,GMC,SIERRA 1500,EXTENDED CAB (BUSHING MOUNT),2007
S224017,GMC,SIERRA 1500,STANDARD CAB (BUSHING MOUNT),2007
S224013,GMC,SIERRA 1500,CREW CAB (BUSHING MOUNT),2009
S224045,GMC,SIERRA 1500,CREW CAB (ROCKER PANEL MOUNT),2015
S224045,GMC,SIERRA 2500,CREW CAB (ROCKER PANEL MOUNT),2015
S224045,GMC,SIERRA 3500,CREW CAB (ROCKER PANEL MOUNT),2015
S224048,GMC,SIERRA 1500,STANDARD CAB (ROCKER PANEL MOUNT),2015
S224048,GMC,SIERRA 2500,STANDARD CAB (ROCKER PANEL MOUNT),2015
S224048,GMC,SIERRA 3500,STANDARD CAB (ROCKER PANEL MOUNT),2015
S224009,GMC,SIERRA 2500HD,EXTENDED CAB (INCLUDING DIESEL),2009
S224009,GMC,SIERRA 3500HD,EXTENDED CAB (INCLUDING DIESEL),2009
S224017,GMC,SIERRA 2500HD,STANDARD CAB (INCLUDING DIESEL),2007
S224017,GMC,SIERRA 3500HD,STANDARD CAB (INCLUDING DIESEL),2007
S224013,GMC,SIERRA 2500HD,CREW CAB (INCLUDING DIESEL),2009
S224013,GMC,SIERRA 3500HD,CREW CAB (INCLUDING DIESEL),2009
S229006,NISSAN,TITAN,CREW CAB,2012
S229007,NISSAN,TITAN,EXTENDED CAB,2012
S229008,NISSAN,XTERRA,,2013
S222009,TOYOTA,TACOMA,DOUBLE CAB,2013
S222008,TOYOTA,TACOMA,ACCESS CAB,2013
S222012,TOYOTA,TUNDRA,DOUBLE CAB,2015
S222013,TOYOTA,TUNDRA,CREWMAX,2015
S224009-2,CHEVROLET,SILVERADO 1500,EXTENDED CAB (BUSHING MOUNT),2008
S224017-2,CHEVROLET,SILVERADO 1500,STANDARD CAB (BUSHING MOUNT),2008
S224013-2,CHEVROLET,SILVERADO 1500,CREW CAB (BUSHING MOUNT),2010
S224009-2,CHEVROLET,SILVERADO 2500HD,EXTENDED CAB (INCLUDING DIESEL),2010
S224009-2,CHEVROLET,SILVERADO 3500HD,EXTENDED CAB (INCLUDING DIESEL),2010
S224017-2,CHEVROLET,SILVERADO 2500HD,STANDARD CAB (INCLUDING DIESEL),2008
S224017-2,CHEVROLET,SILVERADO 3500HD,STANDARD CAB (INCLUDING DIESEL),2008
S224013-2,CHEVROLET,SILVERADO 2500HD,CREW CAB (INCLUDING DIESEL),2010
S224013-2,CHEVROLET,SILVERADO 3500HD,CREW CAB (INCLUDING DIESEL),2010
S223017-2,FORD,F-150,STANDARD CAB,2013
S223016-2,FORD,F-150,EXTENDED CAB,2013
S223006-2,FORD,F-250,SUPER DUTY (CREW CAB),2008
S223006-2,FORD,F-350,SUPER DUTY (CREW CAB),2008
S223005-2,FORD,F-250,SUPER DUTY (EXTENDED CAB),2008
S223005-2,FORD,F-350,SUPER DUTY (EXTENDED CAB),2008
S224009-2,GMC,SIERRA 1500,EXTENDED CAB (BUSHING MOUNT),2008
S224017-2,GMC,SIERRA 1500,STANDARD CAB (BUSHING MOUNT),2008
S224013-2,GMC,SIERRA 1500,CREW CAB (BUSHING MOUNT),2010
S224009-2,GMC,SIERRA 2500HD,EXTENDED CAB (INCLUDING DIESEL),2010
S224009-2,GMC,SIERRA 3500HD,EXTENDED CAB (INCLUDING DIESEL),2010
S224017-2,GMC,SIERRA 2500HD,STANDARD CAB (INCLUDING DIESEL),2008
S224017-2,GMC,SIERRA 3500HD,STANDARD CAB (INCLUDING DIESEL),2008
S224013-2,GMC,SIERRA 2500HD,CREW CAB (INCLUDING DIESEL),2010
S224013-2,GMC,SIERRA 3500HD,CREW CAB (INCLUDING DIESEL),2010
S229006-2,NISSAN,TITAN,CREW CAB,2013
S229007-2,NISSAN,TITAN,EXTENDED CAB,2013
S222009-2,TOYOTA,TACOMA,DOUBLE CAB,2014
S222008-2,TOYOTA,TACOMA,ACCESS CAB,2014
S224009,CHEVROLET,SILVERADO 1500,EXTENDED CAB (BUSHING MOUNT),2008
S224017,CHEVROLET,SILVERADO 1500,STANDARD CAB (BUSHING MOUNT),2008
S224013,CHEVROLET,SILVERADO 1500,CREW CAB (BUSHING MOUNT),2010
S224009,CHEVROLET,SILVERADO 2500HD,EXTENDED CAB (INCLUDING DIESEL),2010
S224009,CHEVROLET,SILVERADO 3500HD,EXTENDED CAB (INCLUDING DIESEL),2010
S224017,CHEVROLET,SILVERADO 2500HD,STANDARD CAB (INCLUDING DIESEL),2008
S224017,CHEVROLET,SILVERADO 3500HD,STANDARD CAB (INCLUDING DIESEL),2008
S224013,CHEVROLET,SILVERADO 2500HD,CREW CAB (INCLUDING DIESEL),2010
S224013,CHEVROLET,SILVERADO 3500HD,CREW CAB (INCLUDING DIESEL),2010
S223017,FORD,F-150,STANDARD CAB,2013
S223016,FORD,F-150,EXTENDED CAB,2013
S223006,FORD,F-250,SUPER DUTY (CREW CAB),2008
S223006,FORD,F-350,SUPER DUTY (CREW CAB),2008
S223005,FORD,F-250,SUPER DUTY (EXTENDED CAB),2008
S223005,FORD,F-350,SUPER DUTY (EXTENDED CAB),2008
S224009,GMC,SIERRA 1500,EXTENDED CAB (BUSHING MOUNT),2008
S224017,GMC,SIERRA 1500,STANDARD CAB (BUSHING MOUNT),2008
S224013,GMC,SIERRA 1500,CREW CAB (BUSHING MOUNT),2010
S224009,GMC,SIERRA 2500HD,EXTENDED CAB (INCLUDING DIESEL),2010
S224009,GMC,SIERRA 3500HD,EXTENDED CAB (INCLUDING DIESEL),2010
S224017,GMC,SIERRA 2500HD,STANDARD CAB (INCLUDING DIESEL),2008
S224017,GMC,SIERRA 3500HD,STANDARD CAB (INCLUDING DIESEL),2008
S224013,GMC,SIERRA 2500HD,CREW CAB (INCLUDING DIESEL),2010
S224013,GMC,SIERRA 3500HD,CREW CAB (INCLUDING DIESEL),2010
S229006,NISSAN,TITAN,CREW CAB,2013
S229007,NISSAN,TITAN,EXTENDED CAB,2013
S229008,NISSAN,XTERRA,,2014
S222009,TOYOTA,TACOMA,DOUBLE CAB,2014
S222008,TOYOTA,TACOMA,ACCESS CAB,2014
S224009-2,CHEVROLET,SILVERADO 1500,EXTENDED CAB (BUSHING MOUNT),2009
S224017-2,CHEVROLET,SILVERADO 1500,STANDARD CAB (BUSHING MOUNT),2009
S224013-2,CHEVROLET,SILVERADO 1500,CREW CAB (BUSHING MOUNT),2011
S224009-2,CHEVROLET,SILVERADO 2500HD,EXTENDED CAB (INCLUDING DIESEL),2011
S224009-2,CHEVROLET,SILVERADO 3500HD,EXTENDED CAB (INCLUDING DIESEL),2011
S224017-2,CHEVROLET,SILVERADO 2500HD,STANDARD CAB (INCLUDING DIESEL),2009
S224017-2,CHEVROLET,SILVERADO 3500HD,STANDARD CAB (INCLUDING DIESEL),2009
S224013-2,CHEVROLET,SILVERADO 2500HD,CREW CAB (INCLUDING DIESEL),2011
S224013-2,CHEVROLET,SILVERADO 3500HD,CREW CAB (INCLUDING DIESEL),2011
S223017-2,FORD,F-150,STANDARD CAB,2014
S223016-2,FORD,F-150,EXTENDED CAB,2014
S223006-2,FORD,F-250,SUPER DUTY (CREW CAB),2009
S223006-2,FORD,F-350,SUPER DUTY (CREW CAB),2009
S223005-2,FORD,F-250,SUPER DUTY (EXTENDED CAB),2009
S223005-2,FORD,F-350,SUPER DUTY (EXTENDED CAB),2009
S224009-2,GMC,SIERRA 1500,EXTENDED CAB (BUSHING MOUNT),2009
S224017-2,GMC,SIERRA 1500,STANDARD CAB (BUSHING MOUNT),2009
S224013-2,GMC,SIERRA 1500,CREW CAB (BUSHING MOUNT),2011
S224009-2,GMC,SIERRA 2500HD,EXTENDED CAB (INCLUDING DIESEL),2011
S224009-2,GMC,SIERRA 3500HD,EXTENDED CAB (INCLUDING DIESEL),2011
S224017-2,GMC,SIERRA 2500HD,STANDARD CAB (INCLUDING DIESEL),2009
S224017-2,GMC,SIERRA 3500HD,STANDARD CAB (INCLUDING DIESEL),2009
S224013-2,GMC,SIERRA 2500HD,CREW CAB (INCLUDING DIESEL),2011
S224013-2,GMC,SIERRA 3500HD,CREW CAB (INCLUDING DIESEL),2011
S229006-2,NISSAN,TITAN,CREW CAB,2014
S229007-2,NISSAN,TITAN,EXTENDED CAB,2014
S222009-2,TOYOTA,TACOMA,DOUBLE CAB,2015
S222008-2,TOYOTA,TACOMA,ACCESS CAB,2015
S224009,CHEVROLET,SILVERADO 1500,EXTENDED CAB (BUSHING MOUNT),2009
S224017,CHEVROLET,SILVERADO 1500,STANDARD CAB (BUSHING MOUNT),2009
S224013,CHEVROLET,SILVERADO 1500,CREW CAB (BUSHING MOUNT),2011
S224009,CHEVROLET,SILVERADO 2500HD,EXTENDED CAB (INCLUDING DIESEL),2011
S224009,CHEVROLET,SILVERADO 3500HD,EXTENDED CAB (INCLUDING DIESEL),2011
S224017,CHEVROLET,SILVERADO 2500HD,STANDARD CAB (INCLUDING DIESEL),2009
S224017,CHEVROLET,SILVERADO 3500HD,STANDARD CAB (INCLUDING DIESEL),2009
S224013,CHEVROLET,SILVERADO 2500HD,CREW CAB (INCLUDING DIESEL),2011
S224013,CHEVROLET,SILVERADO 3500HD,CREW CAB (INCLUDING DIESEL),2011
S223017,FORD,F-150,STANDARD CAB,2014
S223016,FORD,F-150,EXTENDED CAB,2014
S223006,FORD,F-250,SUPER DUTY (CREW CAB),2009
S223006,FORD,F-350,SUPER DUTY (CREW CAB),2009
S223005,FORD,F-250,SUPER DUTY (EXTENDED CAB),2009
S223005,FORD,F-350,SUPER DUTY (EXTENDED CAB),2009
S224009,GMC,SIERRA 1500,EXTENDED CAB (BUSHING MOUNT),2009
S224017,GMC,SIERRA 1500,STANDARD CAB (BUSHING MOUNT),2009
S224013,GMC,SIERRA 1500,CREW CAB (BUSHING MOUNT),2011
S224009,GMC,SIERRA 2500HD,EXTENDED CAB (INCLUDING DIESEL),2011
S224009,GMC,SIERRA 3500HD,EXTENDED CAB (INCLUDING DIESEL),2011
S224017,GMC,SIERRA 2500HD,STANDARD CAB (INCLUDING DIESEL),2009
S224017,GMC,SIERRA 3500HD,STANDARD CAB (INCLUDING DIESEL),2009
S224013,GMC,SIERRA 2500HD,CREW CAB (INCLUDING DIESEL),2011
S224013,GMC,SIERRA 3500HD,CREW CAB (INCLUDING DIESEL),2011
S229006,NISSAN,TITAN,CREW CAB,2014
S229007,NISSAN,TITAN,EXTENDED CAB,2014
S229008,NISSAN,XTERRA,,2015
S222009,TOYOTA,TACOMA,DOUBLE CAB,2015
S222008,TOYOTA,TACOMA,ACCESS CAB,2015
S224009-2,CHEVROLET,SILVERADO 1500,EXTENDED CAB (BUSHING MOUNT),2010
S224017-2,CHEVROLET,SILVERADO 1500,STANDARD CAB (BUSHING MOUNT),2010
S224013-2,CHEVROLET,SILVERADO 1500,CREW CAB (BUSHING MOUNT),2012
S224009-2,CHEVROLET,SILVERADO 2500HD,EXTENDED CAB (INCLUDING DIESEL),2012
S224009-2,CHEVROLET,SILVERADO 3500HD,EXTENDED CAB (INCLUDING DIESEL),2012
S224017-2,CHEVROLET,SILVERADO 2500HD,STANDARD CAB (INCLUDING DIESEL),2010
S224017-2,CHEVROLET,SILVERADO 3500HD,STANDARD CAB (INCLUDING DIESEL),2010
S224013-2,CHEVROLET,SILVERADO 2500HD,CREW CAB (INCLUDING DIESEL),2012
S224013-2,CHEVROLET,SILVERADO 3500HD,CREW CAB (INCLUDING DIESEL),2012
S223006-2,FORD,F-250,SUPER DUTY (CREW CAB),2010
S223006-2,FORD,F-350,SUPER DUTY (CREW CAB),2010
S223005-2,FORD,F-250,SUPER DUTY (EXTENDED CAB),2010
S223005-2,FORD,F-350,SUPER DUTY (EXTENDED CAB),2010
S224009-2,GMC,SIERRA 1500,EXTENDED CAB (BUSHING MOUNT),2010
S224017-2,GMC,SIERRA 1500,STANDARD CAB (BUSHING MOUNT),2010
S224013-2,GMC,SIERRA 1500,CREW CAB (BUSHING MOUNT),2012
S224009-2,GMC,SIERRA 2500HD,EXTENDED CAB (INCLUDING DIESEL),2012
S224009-2,GMC,SIERRA 3500HD,EXTENDED CAB (INCLUDING DIESEL),2012
S224017-2,GMC,SIERRA 2500HD,STANDARD CAB (INCLUDING DIESEL),2010
S224017-2,GMC,SIERRA 3500HD,STANDARD CAB (INCLUDING DIESEL),2010
S224013-2,GMC,SIERRA 2500HD,CREW CAB (INCLUDING DIESEL),2012
S224013-2,GMC,SIERRA 3500HD,CREW CAB (INCLUDING DIESEL),2012
S229006-2,NISSAN,TITAN,CREW CAB,2015
S229007-2,NISSAN,TITAN,EXTENDED CAB,2015
S224009,CHEVROLET,SILVERADO 1500,EXTENDED CAB (BUSHING MOUNT),2010
S224017,CHEVROLET,SILVERADO 1500,STANDARD CAB (BUSHING MOUNT),2010
S224013,CHEVROLET,SILVERADO 1500,CREW CAB (BUSHING MOUNT),2012
S224009,CHEVROLET,SILVERADO 2500HD,EXTENDED CAB (INCLUDING DIESEL),2012
S224009,CHEVROLET,SILVERADO 3500HD,EXTENDED CAB (INCLUDING DIESEL),2012
S224017,CHEVROLET,SILVERADO 2500HD,STANDARD CAB (INCLUDING DIESEL),2010
S224017,CHEVROLET,SILVERADO 3500HD,STANDARD CAB (INCLUDING DIESEL),2010
S224013,CHEVROLET,SILVERADO 2500HD,CREW CAB (INCLUDING DIESEL),2012
S224013,CHEVROLET,SILVERADO 3500HD,CREW CAB (INCLUDING DIESEL),2012
S223006,FORD,F-250,SUPER DUTY (CREW CAB),2010
S223006,FORD,F-350,SUPER DUTY (CREW CAB),2010
S223005,FORD,F-250,SUPER DUTY (EXTENDED CAB),2010
S223005,FORD,F-350,SUPER DUTY (EXTENDED CAB),2010
S224009,GMC,SIERRA 1500,EXTENDED CAB (BUSHING MOUNT),2010
S224017,GMC,SIERRA 1500,STANDARD CAB (BUSHING MOUNT),2010
S224013,GMC,SIERRA 1500,CREW CAB (BUSHING MOUNT),2012
S224009,GMC,SIERRA 2500HD,EXTENDED CAB (INCLUDING DIESEL),2012
S224009,GMC,SIERRA 3500HD,EXTENDED CAB (INCLUDING DIESEL),2012
S224017,GMC,SIERRA 2500HD,STANDARD CAB (INCLUDING DIESEL),2010
S224017,GMC,SIERRA 3500HD,STANDARD CAB (INCLUDING DIESEL),2010
S224013,GMC,SIERRA 2500HD,CREW CAB (INCLUDING DIESEL),2012
S224013,GMC,SIERRA 3500HD,CREW CAB (INCLUDING DIESEL),2012
S229006,NISSAN,TITAN,CREW CAB,2015
S229007,NISSAN,TITAN,EXTENDED CAB,2015
S224009-2,CHEVROLET,SILVERADO 1500,EXTENDED CAB (BUSHING MOUNT),2011
S224017-2,CHEVROLET,SILVERADO 1500,STANDARD CAB (BUSHING MOUNT),2011
S224013-2,CHEVROLET,SILVERADO 1500,CREW CAB (BUSHING MOUNT),2013
S224009-2,CHEVROLET,SILVERADO 2500HD,EXTENDED CAB (INCLUDING DIESEL),2013
S224009-2,CHEVROLET,SILVERADO 3500HD,EXTENDED CAB (INCLUDING DIESEL),2013
S224017-2,CHEVROLET,SILVERADO 2500HD,STANDARD CAB (INCLUDING DIESEL),2011
S224017-2,CHEVROLET,SILVERADO 3500HD,STANDARD CAB (INCLUDING DIESEL),2011
S224013-2,CHEVROLET,SILVERADO 2500HD,CREW CAB (INCLUDING DIESEL),2013
S224013-2,CHEVROLET,SILVERADO 3500HD,CREW CAB (INCLUDING DIESEL),2013
S223006-2,FORD,F-250,SUPER DUTY (CREW CAB),2011
S223006-2,FORD,F-350,SUPER DUTY (CREW CAB),2011
S223005-2,FORD,F-250,SUPER DUTY (EXTENDED CAB),2011
S223005-2,FORD,F-350,SUPER DUTY (EXTENDED CAB),2011
S224009-2,GMC,SIERRA 1500,EXTENDED CAB (BUSHING MOUNT),2011
S224017-2,GMC,SIERRA 1500,STANDARD CAB (BUSHING MOUNT),2011
S224013-2,GMC,SIERRA 1500,CREW CAB (BUSHING MOUNT),2013
S224009-2,GMC,SIERRA 2500HD,EXTENDED CAB (INCLUDING DIESEL),2013
S224009-2,GMC,SIERRA 3500HD,EXTENDED CAB (INCLUDING DIESEL),2013
S224017-2,GMC,SIERRA 2500HD,STANDARD CAB (INCLUDING DIESEL),2011
S224017-2,GMC,SIERRA 3500HD,STANDARD CAB (INCLUDING DIESEL),2011
S224013-2,GMC,SIERRA 2500HD,CREW CAB (INCLUDING DIESEL),2013
S224013-2,GMC,SIERRA 3500HD,CREW CAB (INCLUDING DIESEL),2013
S224009,CHEVROLET,SILVERADO 1500,EXTENDED CAB (BUSHING MOUNT),2011
S224017,CHEVROLET,SILVERADO 1500,STANDARD CAB (BUSHING MOUNT),2011
S224013,CHEVROLET,SILVERADO 1500,CREW CAB (BUSHING MOUNT),2013
S224009,CHEVROLET,SILVERADO 2500HD,EXTENDED CAB (INCLUDING DIESEL),2013
S224009,CHEVROLET,SILVERADO 3500HD,EXTENDED CAB (INCLUDING DIESEL),2013
S224017,CHEVROLET,SILVERADO 2500HD,STANDARD CAB (INCLUDING DIESEL),2011
S224017,CHEVROLET,SILVERADO 3500HD,STANDARD CAB (INCLUDING DIESEL),2011
S224013,CHEVROLET,SILVERADO 2500HD,CREW CAB (INCLUDING DIESEL),2013
S224013,CHEVROLET,SILVERADO 3500HD,CREW CAB (INCLUDING DIESEL),2013
S223006,FORD,F-250,SUPER DUTY (CREW CAB),2011
S223006,FORD,F-350,SUPER DUTY (CREW CAB),2011
S223005,FORD,F-250,SUPER DUTY (EXTENDED CAB),2011
S223005,FORD,F-350,SUPER DUTY (EXTENDED CAB),2011
S224009,GMC,SIERRA 1500,EXTENDED CAB (BUSHING MOUNT),2011
S224017,GMC,SIERRA 1500,STANDARD CAB (BUSHING MOUNT),2011
S224013,GMC,SIERRA 1500,CREW CAB (BUSHING MOUNT),2013
S224009,GMC,SIERRA 2500HD,EXTENDED CAB (INCLUDING DIESEL),2013
S224009,GMC,SIERRA 3500HD,EXTENDED CAB (INCLUDING DIESEL),2013
S224017,GMC,SIERRA 2500HD,STANDARD CAB (INCLUDING DIESEL),2011
S224017,GMC,SIERRA 3500HD,STANDARD CAB (INCLUDING DIESEL),2011
S224013,GMC,SIERRA 2500HD,CREW CAB (INCLUDING DIESEL),2013
S224013,GMC,SIERRA 3500HD,CREW CAB (INCLUDING DIESEL),2013
S224009-2,CHEVROLET,SILVERADO 1500,EXTENDED CAB (BUSHING MOUNT),2012
S224017-2,CHEVROLET,SILVERADO 1500,STANDARD CAB (BUSHING MOUNT),2012
S224009-2,CHEVROLET,SILVERADO 2500HD,EXTENDED CAB (INCLUDING DIESEL),2014
S224009-2,CHEVROLET,SILVERADO 3500HD,EXTENDED CAB (INCLUDING DIESEL),2014
S224017-2,CHEVROLET,SILVERADO 2500HD,STANDARD CAB (INCLUDING DIESEL),2012
S224017-2,CHEVROLET,SILVERADO 3500HD,STANDARD CAB (INCLUDING DIESEL),2012
S224013-2,CHEVROLET,SILVERADO 2500HD,CREW CAB (INCLUDING DIESEL),2014
S224013-2,CHEVROLET,SILVERADO 3500HD,CREW CAB (INCLUDING DIESEL),2014
S223006-2,FORD,F-250,SUPER DUTY (CREW CAB),2012
S223006-2,FORD,F-350,SUPER DUTY (CREW CAB),2012
S223005-2,FORD,F-250,SUPER DUTY (EXTENDED CAB),2012
S223005-2,FORD,F-350,SUPER DUTY (EXTENDED CAB),2012
S224009-2,GMC,SIERRA 1500,EXTENDED CAB (BUSHING MOUNT),2012
S224017-2,GMC,SIERRA 1500,STANDARD CAB (BUSHING MOUNT),2012
S224009-2,GMC,SIERRA 2500HD,EXTENDED CAB (INCLUDING DIESEL),2014
S224009-2,GMC,SIERRA 3500HD,EXTENDED CAB (INCLUDING DIESEL),2014
S224017-2,GMC,SIERRA 2500HD,STANDARD CAB (INCLUDING DIESEL),2012
S224017-2,GMC,SIERRA 3500HD,STANDARD CAB (INCLUDING DIESEL),2012
S224013-2,GMC,SIERRA 2500HD,CREW CAB (INCLUDING DIESEL),2014
S224013-2,GMC,SIERRA 3500HD,CREW CAB (INCLUDING DIESEL),2014
S224009,CHEVROLET,SILVERADO 1500,EXTENDED CAB (BUSHING MOUNT),2012
S224017,CHEVROLET,SILVERADO 1500,STANDARD CAB (BUSHING MOUNT),2012
S224009,CHEVROLET,SILVERADO 2500HD,EXTENDED CAB (INCLUDING DIESEL),2014
S224009,CHEVROLET,SILVERADO 3500HD,EXTENDED CAB (INCLUDING DIESEL),2014
S224017,CHEVROLET,SILVERADO 2500HD,STANDARD CAB (INCLUDING DIESEL),2012
S224017,CHEVROLET,SILVERADO 3500HD,STANDARD CAB (INCLUDING DIESEL),2012
S224013,CHEVROLET,SILVERADO 2500HD,CREW CAB (INCLUDING DIESEL),2014
S224013,CHEVROLET,SILVERADO 3500HD,CREW CAB (INCLUDING DIESEL),2014
S223006,FORD,F-250,SUPER DUTY (CREW CAB),2012
S223006,FORD,F-350,SUPER DUTY (CREW CAB),2012
S223005,FORD,F-250,SUPER DUTY (EXTENDED CAB),2012
S223005,FORD,F-350,SUPER DUTY (EXTENDED CAB),2012
S224009,GMC,SIERRA 1500,EXTENDED CAB (BUSHING MOUNT),2012
S224017,GMC,SIERRA 1500,STANDARD CAB (BUSHING MOUNT),2012
S224009,GMC,SIERRA 2500HD,EXTENDED CAB (INCLUDING DIESEL),2014
S224009,GMC,SIERRA 3500HD,EXTENDED CAB (INCLUDING DIESEL),2014
S224017,GMC,SIERRA 2500HD,STANDARD CAB (INCLUDING DIESEL),2012
S224017,GMC,SIERRA 3500HD,STANDARD CAB (INCLUDING DIESEL),2012
S224013,GMC,SIERRA 2500HD,CREW CAB (INCLUDING DIESEL),2014
S224013,GMC,SIERRA 3500HD,CREW CAB (INCLUDING DIESEL),2014
S224009-2,CHEVROLET,SILVERADO 1500,EXTENDED CAB (BUSHING MOUNT),2013
S224017-2,CHEVROLET,SILVERADO 1500,STANDARD CAB (BUSHING MOUNT),2013
S224017-2,CHEVROLET,SILVERADO 2500HD,STANDARD CAB (INCLUDING DIESEL),2013
S224017-2,CHEVROLET,SILVERADO 3500HD,STANDARD CAB (INCLUDING DIESEL),2013
S223006-2,FORD,F-250,SUPER DUTY (CREW CAB),2013
S223006-2,FORD,F-350,SUPER DUTY (CREW CAB),2013
S223005-2,FORD,F-250,SUPER DUTY (EXTENDED CAB),2013
S223005-2,FORD,F-350,SUPER DUTY (EXTENDED CAB),2013
S224009-2,GMC,SIERRA 1500,EXTENDED CAB (BUSHING MOUNT),2013
S224017-2,GMC,SIERRA 1500,STANDARD CAB (BUSHING MOUNT),2013
S224017-2,GMC,SIERRA 2500HD,STANDARD CAB (INCLUDING DIESEL),2013
S224017-2,GMC,SIERRA 3500HD,STANDARD CAB (INCLUDING DIESEL),2013
S224009,CHEVROLET,SILVERADO 1500,EXTENDED CAB (BUSHING MOUNT),2013
S224017,CHEVROLET,SILVERADO 1500,STANDARD CAB (BUSHING MOUNT),2013
S224017,CHEVROLET,SILVERADO 2500HD,STANDARD CAB (INCLUDING DIESEL),2013
S224017,CHEVROLET,SILVERADO 3500HD,STANDARD CAB (INCLUDING DIESEL),2013
S223006,FORD,F-250,SUPER DUTY (CREW CAB),2013
S223006,FORD,F-350,SUPER DUTY (CREW CAB),2013
S223005,FORD,F-250,SUPER DUTY (EXTENDED CAB),2013
S223005,FORD,F-350,SUPER DUTY (EXTENDED CAB),2013
S224009,GMC,SIERRA 1500,EXTENDED CAB (BUSHING MOUNT),2013
S224017,GMC,SIERRA 1500,STANDARD CAB (BUSHING MOUNT),2013
S224017,GMC,SIERRA 2500HD,STANDARD CAB (INCLUDING DIESEL),2013
S224017,GMC,SIERRA 3500HD,STANDARD CAB (INCLUDING DIESEL),2013
S224017-2,CHEVROLET,SILVERADO 2500HD,STANDARD CAB (INCLUDING DIESEL),2014
S224017-2,CHEVROLET,SILVERADO 3500HD,STANDARD CAB (INCLUDING DIESEL),2014
S223006-2,FORD,F-250,SUPER DUTY (CREW CAB),2014
S223006-2,FORD,F-350,SUPER DUTY (CREW CAB),2014
S223005-2,FORD,F-250,SUPER DUTY (EXTENDED CAB),2014
S223005-2,FORD,F-350,SUPER DUTY (EXTENDED CAB),2014
S224017-2,GMC,SIERRA 2500HD,STANDARD CAB (INCLUDING DIESEL),2014
S224017-2,GMC,SIERRA 3500HD,STANDARD CAB (INCLUDING DIESEL),2014
S224017,CHEVROLET,SILVERADO 2500HD,STANDARD CAB (INCLUDING DIESEL),2014
S224017,CHEVROLET,SILVERADO 3500HD,STANDARD CAB (INCLUDING DIESEL),2014
S223006,FORD,F-250,SUPER DUTY (CREW CAB),2014
S223006,FORD,F-350,SUPER DUTY (CREW CAB),2014
S223005,FORD,F-250,SUPER DUTY (EXTENDED CAB),2014
S223005,FORD,F-350,SUPER DUTY (EXTENDED CAB),2014
S224017,GMC,SIERRA 2500HD,STANDARD CAB (INCLUDING DIESEL),2014
S224017,GMC,SIERRA 3500HD,STANDARD CAB (INCLUDING DIESEL),2014
S223006-2,FORD,F-250,SUPER DUTY (CREW CAB),2015
S223006-2,FORD,F-350,SUPER DUTY (CREW CAB),2015
S223005-2,FORD,F-250,SUPER DUTY (EXTENDED CAB),2015
S223005-2,FORD,F-350,SUPER DUTY (EXTENDED CAB),2015
S223006,FORD,F-250,SUPER DUTY (CREW CAB),2015
S223006,FORD,F-350,SUPER DUTY (CREW CAB),2015
S223005,FORD,F-250,SUPER DUTY (EXTENDED CAB),2015
S223005,FORD,F-350,SUPER DUTY (EXTENDED CAB),2015
