364009-2,CHEVROLET,SILVERADO 1500,EXTENDED CAB (EXCLUDING 5.5FT BEDS) - DOES NOT FULLY REACH THE REAR WHEEL,1999
364009-2,CHEVROLET,SILVERADO 2500,EXTENDED CAB (EXCLUDING 5.5FT BEDS) - DOES NOT FULLY REACH THE REAR WHEEL,1999
364009-2,CHEVROLET,SILVERADO 3500,EXTENDED CAB (EXCLUDING 5.5FT BEDS) - DOES NOT FULLY REACH THE REAR WHEEL,1999
364046-2,CHEVROLET,SILVERADO 1500,EXTENDED CAB,2007
364046-2,CHEVROLET,SILVERADO 2500,EXTENDED CAB,2007
364046-2,CHEVROLET,SILVERADO 3500,EXTENDED CAB,2007
364046-2,CHEVROLET,SILVERADO 1500,DOUBLE CAB,2014
364046-2,CHEVROLET,SILVERADO 2500,DOUBLE CAB,2014
364046-2,CHEVROLET,SILVERADO 3500,DOUBLE CAB,2014
364046-2,CHEVROLET,SILVERADO 1500,DOUBLE CAB,2015
364046-2,CHEVROLET,SILVERADO 2500,DOUBLE CAB,2015
364046-2,CHEVROLET,SILVERADO 3500,DOUBLE CAB,2015
364013-2,CHEVROLET,SILVERADO 2500HD,CREW CAB (EXCLUDING 5.5FT OR 5.8FT BEDS) - DOES NOT FULLY REACH THE REAR WHEEL,2001
364013-2,CHEVROLET,SILVERADO 3500HD,CREW CAB (EXCLUDING 5.5FT OR 5.8FT BEDS) - DOES NOT FULLY REACH THE REAR WHEEL,2001
364045-2,CHEVROLET,SILVERADO 1500,CREW CAB,2007
364045-2,CHEVROLET,SILVERADO 2500,CREW CAB,2007
364045-2,CHEVROLET,SILVERADO 3500,CREW CAB,2007
365030-2,DODGE,RAM 1500,MEGA CAB (FITS 6.5FT BEDS) - DOES NOT FULLY REACH THE REAR WHEEL,2010
365030-2,DODGE,RAM 2500,MEGA CAB (FITS 6.5FT BEDS) - DOES NOT FULLY REACH THE REAR WHEEL,2010
365030-2,DODGE,RAM 3500,MEGA CAB (FITS 6.5FT BEDS) - DOES NOT FULLY REACH THE REAR WHEEL,2010
365008-2,DODGE,RAM 1500,QUAD CAB (FITS 6.5FT BEDS) - DOES NOT FULLY REACH THE REAR WHEEL,2002
365016-2,DODGE,RAM 1500,CREW CAB (FITS 6.5FT BEDS) - DOES NOT FULLY REACH THE REAR WHEEL,2009
365017-2,DODGE,RAM 1500,QUAD CAB (FITS 6.5FT BEDS) - DOES NOT FULLY REACH THE REAR WHEEL,2009
365008-2,DODGE,RAM 2500,QUAD CAB (FITS 6.5FT BEDS) - DOES NOT FULLY REACH THE REAR WHEEL,2003
365008-2,DODGE,RAM 3500,QUAD CAB (FITS 6.5FT BEDS) - DOES NOT FULLY REACH THE REAR WHEEL,2003
365019-2,DODGE,RAM 2500,CREW CAB (FITS 6.5FT BEDS) - DOES NOT FULLY REACH THE REAR WHEEL,2010
365019-2,DODGE,RAM 3500,CREW CAB (FITS 6.5FT BEDS) - DOES NOT FULLY REACH THE REAR WHEEL,2010
363006-2,FORD,F-250,SUPER DUTY CREW CAB (FITS 6.5FT BEDS) - DOES NOT FULLY REACH THE REAR WHEEL,1999
363006-2,FORD,F-350,SUPER DUTY CREW CAB (FITS 6.5FT BEDS) - DOES NOT FULLY REACH THE REAR WHEEL,1999
364009-2,GMC,SIERRA 1500,EXTENDED CAB (EXCLUDING 5.5FT BEDS) - DOES NOT FULLY REACH THE REAR WHEEL,1999
364009-2,GMC,SIERRA 2500,EXTENDED CAB (EXCLUDING 5.5FT BEDS) - DOES NOT FULLY REACH THE REAR WHEEL,1999
364009-2,GMC,SIERRA 3500,EXTENDED CAB (EXCLUDING 5.5FT BEDS) - DOES NOT FULLY REACH THE REAR WHEEL,1999
364046-2,GMC,SIERRA 1500,EXTENDED CAB,2007
364046-2,GMC,SIERRA 2500,EXTENDED CAB,2007
364046-2,GMC,SIERRA 3500,EXTENDED CAB,2007
364046-2,GMC,SIERRA 1500,DOUBLE CAB,2014
364046-2,GMC,SIERRA 2500,DOUBLE CAB,2014
364046-2,GMC,SIERRA 3500,DOUBLE CAB,2014
364046-2,GMC,SIERRA 1500,DOUBLE CAB,2015
364046-2,GMC,SIERRA 2500,DOUBLE CAB,2015
364046-2,GMC,SIERRA 3500,DOUBLE CAB,2015
364013-2,GMC,SIERRA 2500HD,CREW CAB (EXCLUDING 5.5FT OR 5.8FT BEDS) - DOES NOT FULLY REACH THE REAR WHEEL,2001
364013-2,GMC,SIERRA 3500HD,CREW CAB (EXCLUDING 5.5FT OR 5.8FT BEDS) - DOES NOT FULLY REACH THE REAR WHEEL,2001
364045-2,GMC,SIERRA 1500,CREW CAB,2007
364045-2,GMC,SIERRA 2500,CREW CAB,2007
364045-2,GMC,SIERRA 3500,CREW CAB,2007
364009,CHEVROLET,SILVERADO 1500,EXTENDED CAB (EXCLUDING 5.5FT BEDS) - DOES NOT FULLY REACH THE REAR WHEEL,1999
364009,CHEVROLET,SILVERADO 2500,EXTENDED CAB (EXCLUDING 5.5FT BEDS) - DOES NOT FULLY REACH THE REAR WHEEL,1999
364009,CHEVROLET,SILVERADO 3500,EXTENDED CAB (EXCLUDING 5.5FT BEDS) - DOES NOT FULLY REACH THE REAR WHEEL,1999
364046,CHEVROLET,SILVERADO 1500,EXTENDED CAB,2007
364046,CHEVROLET,SILVERADO 2500,EXTENDED CAB,2007
364046,CHEVROLET,SILVERADO 3500,EXTENDED CAB,2007
364046,CHEVROLET,SILVERADO 1500,DOUBLE CAB,2014
364046,CHEVROLET,SILVERADO 2500,DOUBLE CAB,2014
364046,CHEVROLET,SILVERADO 3500,DOUBLE CAB,2014
364046,CHEVROLET,SILVERADO 1500,DOUBLE CAB,2015
364046,CHEVROLET,SILVERADO 2500,DOUBLE CAB,2015
364046,CHEVROLET,SILVERADO 3500,DOUBLE CAB,2015
364020,CHEVROLET,SILVERADO 1500,STANDARD CAB (SHORT BED),1999
364048,CHEVROLET,SILVERADO 1500,STANDARD CAB,2007
364048,CHEVROLET,SILVERADO 2500,STANDARD CAB,2007
364048,CHEVROLET,SILVERADO 3500,STANDARD CAB,2007
364013,CHEVROLET,SILVERADO 2500HD,CREW CAB (EXCLUDING 5.5FT OR 5.8FT BEDS) - DOES NOT FULLY REACH THE REAR WHEEL,2001
364013,CHEVROLET,SILVERADO 3500HD,CREW CAB (EXCLUDING 5.5FT OR 5.8FT BEDS) - DOES NOT FULLY REACH THE REAR WHEEL,2001
364045,CHEVROLET,SILVERADO 1500,CREW CAB,2007
364045,CHEVROLET,SILVERADO 2500,CREW CAB,2007
364045,CHEVROLET,SILVERADO 3500,CREW CAB,2007
364017,CHEVROLET,SILVERADO 2500HD,STANDARD CAB (LONG BED),2001
364017,CHEVROLET,SILVERADO 3500HD,STANDARD CAB (LONG BED),2001
365031,DODGE,RAM 1500,STANDARD CAB (SHORT BED),2009
365031,DODGE,RAM 2500,STANDARD CAB (SHORT BED),2009
365031,DODGE,RAM 3500,STANDARD CAB (SHORT BED),2009
365030,DODGE,RAM 1500,MEGA CAB (FITS 6.5FT BEDS) - DOES NOT FULLY REACH THE REAR WHEEL,2010
365030,DODGE,RAM 2500,MEGA CAB (FITS 6.5FT BEDS) - DOES NOT FULLY REACH THE REAR WHEEL,2010
365030,DODGE,RAM 3500,MEGA CAB (FITS 6.5FT BEDS) - DOES NOT FULLY REACH THE REAR WHEEL,2010
365008,DODGE,RAM 1500,QUAD CAB (FITS 6.5FT BEDS) - DOES NOT FULLY REACH THE REAR WHEEL,2002
365016,DODGE,RAM 1500,CREW CAB (FITS 6.5FT BEDS) - DOES NOT FULLY REACH THE REAR WHEEL,2009
365017,DODGE,RAM 1500,QUAD CAB (FITS 6.5FT BEDS) - DOES NOT FULLY REACH THE REAR WHEEL,2009
365018,DODGE,RAM 1500,STANDARD CAB (LONG BED),2010
365018,DODGE,RAM 2500,STANDARD CAB (LONG BED),2010
365018,DODGE,RAM 3500,STANDARD CAB (LONG BED),2010
365008,DODGE,RAM 2500,QUAD CAB (FITS 6.5FT BEDS) - DOES NOT FULLY REACH THE REAR WHEEL,2003
365008,DODGE,RAM 3500,QUAD CAB (FITS 6.5FT BEDS) - DOES NOT FULLY REACH THE REAR WHEEL,2003
365019,DODGE,RAM 2500,CREW CAB (FITS 6.5FT BEDS) - DOES NOT FULLY REACH THE REAR WHEEL,2010
365019,DODGE,RAM 3500,CREW CAB (FITS 6.5FT BEDS) - DOES NOT FULLY REACH THE REAR WHEEL,2010
363017,FORD,F-150,STANDARD CAB (LONG BED),2009
363006,FORD,F-250,SUPER DUTY CREW CAB (FITS 6.5FT BEDS) - DOES NOT FULLY REACH THE REAR WHEEL,1999
363006,FORD,F-350,SUPER DUTY CREW CAB (FITS 6.5FT BEDS) - DOES NOT FULLY REACH THE REAR WHEEL,1999
364009,GMC,SIERRA 1500,EXTENDED CAB (EXCLUDING 5.5FT BEDS) - DOES NOT FULLY REACH THE REAR WHEEL,1999
364009,GMC,SIERRA 2500,EXTENDED CAB (EXCLUDING 5.5FT BEDS) - DOES NOT FULLY REACH THE REAR WHEEL,1999
364009,GMC,SIERRA 3500,EXTENDED CAB (EXCLUDING 5.5FT BEDS) - DOES NOT FULLY REACH THE REAR WHEEL,1999
364046,GMC,SIERRA 1500,EXTENDED CAB,2007
364046,GMC,SIERRA 2500,EXTENDED CAB,2007
364046,GMC,SIERRA 3500,EXTENDED CAB,2007
364046,GMC,SIERRA 1500,DOUBLE CAB,2014
364046,GMC,SIERRA 2500,DOUBLE CAB,2014
364046,GMC,SIERRA 3500,DOUBLE CAB,2014
364046,GMC,SIERRA 1500,DOUBLE CAB,2015
364046,GMC,SIERRA 2500,DOUBLE CAB,2015
364046,GMC,SIERRA 3500,DOUBLE CAB,2015
364020,GMC,SIERRA 1500,STANDARD CAB (SHORT BED),1999
364048,GMC,SIERRA 1500,STANDARD CAB,2007
364048,GMC,SIERRA 2500,STANDARD CAB,2007
364048,GMC,SIERRA 3500,STANDARD CAB,2007
364013,GMC,SIERRA 2500HD,CREW CAB (EXCLUDING 5.5FT OR 5.8FT BEDS) - DOES NOT FULLY REACH THE REAR WHEEL,2001
364013,GMC,SIERRA 3500HD,CREW CAB (EXCLUDING 5.5FT OR 5.8FT BEDS) - DOES NOT FULLY REACH THE REAR WHEEL,2001
364045,GMC,SIERRA 1500,CREW CAB,2007
364045,GMC,SIERRA 2500,CREW CAB,2007
364045,GMC,SIERRA 3500,CREW CAB,2007
364017,GMC,SIERRA 2500HD,STANDARD CAB (LONG BED),2001
364017,GMC,SIERRA 3500HD,STANDARD CAB (LONG BED),2001
364009-2,CHEVROLET,SILVERADO 1500,EXTENDED CAB (EXCLUDING 5.5FT BEDS) - DOES NOT FULLY REACH THE REAR WHEEL,2000
364009-2,CHEVROLET,SILVERADO 2500,EXTENDED CAB (EXCLUDING 5.5FT BEDS) - DOES NOT FULLY REACH THE REAR WHEEL,2000
364009-2,CHEVROLET,SILVERADO 3500,EXTENDED CAB (EXCLUDING 5.5FT BEDS) - DOES NOT FULLY REACH THE REAR WHEEL,2000
364046-2,CHEVROLET,SILVERADO 1500,EXTENDED CAB,2008
364046-2,CHEVROLET,SILVERADO 2500,EXTENDED CAB,2008
364046-2,CHEVROLET,SILVERADO 3500,EXTENDED CAB,2008
364013-2,CHEVROLET,SILVERADO 2500HD,CREW CAB (EXCLUDING 5.5FT OR 5.8FT BEDS) - DOES NOT FULLY REACH THE REAR WHEEL,2002
364013-2,CHEVROLET,SILVERADO 3500HD,CREW CAB (EXCLUDING 5.5FT OR 5.8FT BEDS) - DOES NOT FULLY REACH THE REAR WHEEL,2002
364045-2,CHEVROLET,SILVERADO 1500,CREW CAB,2008
364045-2,CHEVROLET,SILVERADO 2500,CREW CAB,2008
364045-2,CHEVROLET,SILVERADO 3500,CREW CAB,2008
365030-2,DODGE,RAM 1500,MEGA CAB (FITS 6.5FT BEDS) - DOES NOT FULLY REACH THE REAR WHEEL,2011
365030-2,DODGE,RAM 2500,MEGA CAB (FITS 6.5FT BEDS) - DOES NOT FULLY REACH THE REAR WHEEL,2011
365030-2,DODGE,RAM 3500,MEGA CAB (FITS 6.5FT BEDS) - DOES NOT FULLY REACH THE REAR WHEEL,2011
365008-2,DODGE,RAM 1500,QUAD CAB (FITS 6.5FT BEDS) - DOES NOT FULLY REACH THE REAR WHEEL,2003
365016-2,DODGE,RAM 1500,CREW CAB (FITS 6.5FT BEDS) - DOES NOT FULLY REACH THE REAR WHEEL,2010
365017-2,DODGE,RAM 1500,QUAD CAB (FITS 6.5FT BEDS) - DOES NOT FULLY REACH THE REAR WHEEL,2010
365008-2,DODGE,RAM 2500,QUAD CAB (FITS 6.5FT BEDS) - DOES NOT FULLY REACH THE REAR WHEEL,2004
365008-2,DODGE,RAM 3500,QUAD CAB (FITS 6.5FT BEDS) - DOES NOT FULLY REACH THE REAR WHEEL,2004
365019-2,DODGE,RAM 2500,CREW CAB (FITS 6.5FT BEDS) - DOES NOT FULLY REACH THE REAR WHEEL,2011
365019-2,DODGE,RAM 3500,CREW CAB (FITS 6.5FT BEDS) - DOES NOT FULLY REACH THE REAR WHEEL,2011
363006-2,FORD,F-250,SUPER DUTY CREW CAB (FITS 6.5FT BEDS) - DOES NOT FULLY REACH THE REAR WHEEL,2000
363006-2,FORD,F-350,SUPER DUTY CREW CAB (FITS 6.5FT BEDS) - DOES NOT FULLY REACH THE REAR WHEEL,2000
364009-2,GMC,SIERRA 1500,EXTENDED CAB (EXCLUDING 5.5FT BEDS) - DOES NOT FULLY REACH THE REAR WHEEL,2000
364009-2,GMC,SIERRA 2500,EXTENDED CAB (EXCLUDING 5.5FT BEDS) - DOES NOT FULLY REACH THE REAR WHEEL,2000
364009-2,GMC,SIERRA 3500,EXTENDED CAB (EXCLUDING 5.5FT BEDS) - DOES NOT FULLY REACH THE REAR WHEEL,2000
364046-2,GMC,SIERRA 1500,EXTENDED CAB,2008
364046-2,GMC,SIERRA 2500,EXTENDED CAB,2008
364046-2,GMC,SIERRA 3500,EXTENDED CAB,2008
364013-2,GMC,SIERRA 2500HD,CREW CAB (EXCLUDING 5.5FT OR 5.8FT BEDS) - DOES NOT FULLY REACH THE REAR WHEEL,2002
364013-2,GMC,SIERRA 3500HD,CREW CAB (EXCLUDING 5.5FT OR 5.8FT BEDS) - DOES NOT FULLY REACH THE REAR WHEEL,2002
364045-2,GMC,SIERRA 1500,CREW CAB,2008
364045-2,GMC,SIERRA 2500,CREW CAB,2008
364045-2,GMC,SIERRA 3500,CREW CAB,2008
364009,CHEVROLET,SILVERADO 1500,EXTENDED CAB (EXCLUDING 5.5FT BEDS) - DOES NOT FULLY REACH THE REAR WHEEL,2000
364009,CHEVROLET,SILVERADO 2500,EXTENDED CAB (EXCLUDING 5.5FT BEDS) - DOES NOT FULLY REACH THE REAR WHEEL,2000
364009,CHEVROLET,SILVERADO 3500,EXTENDED CAB (EXCLUDING 5.5FT BEDS) - DOES NOT FULLY REACH THE REAR WHEEL,2000
364046,CHEVROLET,SILVERADO 1500,EXTENDED CAB,2008
364046,CHEVROLET,SILVERADO 2500,EXTENDED CAB,2008
364046,CHEVROLET,SILVERADO 3500,EXTENDED CAB,2008
364020,CHEVROLET,SILVERADO 1500,STANDARD CAB (SHORT BED),2000
364048,CHEVROLET,SILVERADO 1500,STANDARD CAB,2008
364048,CHEVROLET,SILVERADO 2500,STANDARD CAB,2008
364048,CHEVROLET,SILVERADO 3500,STANDARD CAB,2008
364013,CHEVROLET,SILVERADO 2500HD,CREW CAB (EXCLUDING 5.5FT OR 5.8FT BEDS) - DOES NOT FULLY REACH THE REAR WHEEL,2002
364013,CHEVROLET,SILVERADO 3500HD,CREW CAB (EXCLUDING 5.5FT OR 5.8FT BEDS) - DOES NOT FULLY REACH THE REAR WHEEL,2002
364045,CHEVROLET,SILVERADO 1500,CREW CAB,2008
364045,CHEVROLET,SILVERADO 2500,CREW CAB,2008
364045,CHEVROLET,SILVERADO 3500,CREW CAB,2008
364017,CHEVROLET,SILVERADO 2500HD,STANDARD CAB (LONG BED),2002
364017,CHEVROLET,SILVERADO 3500HD,STANDARD CAB (LONG BED),2002
365031,DODGE,RAM 1500,STANDARD CAB (SHORT BED),2010
365031,DODGE,RAM 2500,STANDARD CAB (SHORT BED),2010
365031,DODGE,RAM 3500,STANDARD CAB (SHORT BED),2010
365030,DODGE,RAM 1500,MEGA CAB (FITS 6.5FT BEDS) - DOES NOT FULLY REACH THE REAR WHEEL,2011
365030,DODGE,RAM 2500,MEGA CAB (FITS 6.5FT BEDS) - DOES NOT FULLY REACH THE REAR WHEEL,2011
365030,DODGE,RAM 3500,MEGA CAB (FITS 6.5FT BEDS) - DOES NOT FULLY REACH THE REAR WHEEL,2011
365008,DODGE,RAM 1500,QUAD CAB (FITS 6.5FT BEDS) - DOES NOT FULLY REACH THE REAR WHEEL,2003
365016,DODGE,RAM 1500,CREW CAB (FITS 6.5FT BEDS) - DOES NOT FULLY REACH THE REAR WHEEL,2010
365017,DODGE,RAM 1500,QUAD CAB (FITS 6.5FT BEDS) - DOES NOT FULLY REACH THE REAR WHEEL,2010
365018,DODGE,RAM 1500,STANDARD CAB (LONG BED),2011
365018,DODGE,RAM 2500,STANDARD CAB (LONG BED),2011
365018,DODGE,RAM 3500,STANDARD CAB (LONG BED),2011
365008,DODGE,RAM 2500,QUAD CAB (FITS 6.5FT BEDS) - DOES NOT FULLY REACH THE REAR WHEEL,2004
365008,DODGE,RAM 3500,QUAD CAB (FITS 6.5FT BEDS) - DOES NOT FULLY REACH THE REAR WHEEL,2004
365019,DODGE,RAM 2500,CREW CAB (FITS 6.5FT BEDS) - DOES NOT FULLY REACH THE REAR WHEEL,2011
365019,DODGE,RAM 3500,CREW CAB (FITS 6.5FT BEDS) - DOES NOT FULLY REACH THE REAR WHEEL,2011
363017,FORD,F-150,STANDARD CAB (LONG BED),2010
363006,FORD,F-250,SUPER DUTY CREW CAB (FITS 6.5FT BEDS) - DOES NOT FULLY REACH THE REAR WHEEL,2000
363006,FORD,F-350,SUPER DUTY CREW CAB (FITS 6.5FT BEDS) - DOES NOT FULLY REACH THE REAR WHEEL,2000
364009,GMC,SIERRA 1500,EXTENDED CAB (EXCLUDING 5.5FT BEDS) - DOES NOT FULLY REACH THE REAR WHEEL,2000
364009,GMC,SIERRA 2500,EXTENDED CAB (EXCLUDING 5.5FT BEDS) - DOES NOT FULLY REACH THE REAR WHEEL,2000
364009,GMC,SIERRA 3500,EXTENDED CAB (EXCLUDING 5.5FT BEDS) - DOES NOT FULLY REACH THE REAR WHEEL,2000
364046,GMC,SIERRA 1500,EXTENDED CAB,2008
364046,GMC,SIERRA 2500,EXTENDED CAB,2008
364046,GMC,SIERRA 3500,EXTENDED CAB,2008
364020,GMC,SIERRA 1500,STANDARD CAB (SHORT BED),2000
364048,GMC,SIERRA 1500,STANDARD CAB,2008
364048,GMC,SIERRA 2500,STANDARD CAB,2008
364048,GMC,SIERRA 3500,STANDARD CAB,2008
364013,GMC,SIERRA 2500HD,CREW CAB (EXCLUDING 5.5FT OR 5.8FT BEDS) - DOES NOT FULLY REACH THE REAR WHEEL,2002
364013,GMC,SIERRA 3500HD,CREW CAB (EXCLUDING 5.5FT OR 5.8FT BEDS) - DOES NOT FULLY REACH THE REAR WHEEL,2002
364045,GMC,SIERRA 1500,CREW CAB,2008
364045,GMC,SIERRA 2500,CREW CAB,2008
364045,GMC,SIERRA 3500,CREW CAB,2008
364017,GMC,SIERRA 2500HD,STANDARD CAB (LONG BED),2002
364017,GMC,SIERRA 3500HD,STANDARD CAB (LONG BED),2002
364009-2,CHEVROLET,SILVERADO 1500,EXTENDED CAB (EXCLUDING 5.5FT BEDS) - DOES NOT FULLY REACH THE REAR WHEEL,2001
364009-2,CHEVROLET,SILVERADO 2500,EXTENDED CAB (EXCLUDING 5.5FT BEDS) - DOES NOT FULLY REACH THE REAR WHEEL,2001
364009-2,CHEVROLET,SILVERADO 3500,EXTENDED CAB (EXCLUDING 5.5FT BEDS) - DOES NOT FULLY REACH THE REAR WHEEL,2001
364046-2,CHEVROLET,SILVERADO 1500,EXTENDED CAB,2009
364046-2,CHEVROLET,SILVERADO 2500,EXTENDED CAB,2009
364046-2,CHEVROLET,SILVERADO 3500,EXTENDED CAB,2009
364013-2,CHEVROLET,SILVERADO 2500HD,CREW CAB (EXCLUDING 5.5FT OR 5.8FT BEDS) - DOES NOT FULLY REACH THE REAR WHEEL,2003
364013-2,CHEVROLET,SILVERADO 3500HD,CREW CAB (EXCLUDING 5.5FT OR 5.8FT BEDS) - DOES NOT FULLY REACH THE REAR WHEEL,2003
364045-2,CHEVROLET,SILVERADO 1500,CREW CAB,2009
364045-2,CHEVROLET,SILVERADO 2500,CREW CAB,2009
364045-2,CHEVROLET,SILVERADO 3500,CREW CAB,2009
365030-2,DODGE,RAM 1500,MEGA CAB (FITS 6.5FT BEDS) - DOES NOT FULLY REACH THE REAR WHEEL,2012
365030-2,DODGE,RAM 2500,MEGA CAB (FITS 6.5FT BEDS) - DOES NOT FULLY REACH THE REAR WHEEL,2012
365030-2,DODGE,RAM 3500,MEGA CAB (FITS 6.5FT BEDS) - DOES NOT FULLY REACH THE REAR WHEEL,2012
365008-2,DODGE,RAM 1500,QUAD CAB (FITS 6.5FT BEDS) - DOES NOT FULLY REACH THE REAR WHEEL,2004
365016-2,DODGE,RAM 1500,CREW CAB (FITS 6.5FT BEDS) - DOES NOT FULLY REACH THE REAR WHEEL,2011
365017-2,DODGE,RAM 1500,QUAD CAB (FITS 6.5FT BEDS) - DOES NOT FULLY REACH THE REAR WHEEL,2011
365008-2,DODGE,RAM 2500,QUAD CAB (FITS 6.5FT BEDS) - DOES NOT FULLY REACH THE REAR WHEEL,2005
365008-2,DODGE,RAM 3500,QUAD CAB (FITS 6.5FT BEDS) - DOES NOT FULLY REACH THE REAR WHEEL,2005
365019-2,DODGE,RAM 2500,CREW CAB (FITS 6.5FT BEDS) - DOES NOT FULLY REACH THE REAR WHEEL,2012
365019-2,DODGE,RAM 3500,CREW CAB (FITS 6.5FT BEDS) - DOES NOT FULLY REACH THE REAR WHEEL,2012
363006-2,FORD,F-250,SUPER DUTY CREW CAB (FITS 6.5FT BEDS) - DOES NOT FULLY REACH THE REAR WHEEL,2001
363006-2,FORD,F-350,SUPER DUTY CREW CAB (FITS 6.5FT BEDS) - DOES NOT FULLY REACH THE REAR WHEEL,2001
364009-2,GMC,SIERRA 1500,EXTENDED CAB (EXCLUDING 5.5FT BEDS) - DOES NOT FULLY REACH THE REAR WHEEL,2001
364009-2,GMC,SIERRA 2500,EXTENDED CAB (EXCLUDING 5.5FT BEDS) - DOES NOT FULLY REACH THE REAR WHEEL,2001
364009-2,GMC,SIERRA 3500,EXTENDED CAB (EXCLUDING 5.5FT BEDS) - DOES NOT FULLY REACH THE REAR WHEEL,2001
364046-2,GMC,SIERRA 1500,EXTENDED CAB,2009
364046-2,GMC,SIERRA 2500,EXTENDED CAB,2009
364046-2,GMC,SIERRA 3500,EXTENDED CAB,2009
364013-2,GMC,SIERRA 2500HD,CREW CAB (EXCLUDING 5.5FT OR 5.8FT BEDS) - DOES NOT FULLY REACH THE REAR WHEEL,2003
364013-2,GMC,SIERRA 3500HD,CREW CAB (EXCLUDING 5.5FT OR 5.8FT BEDS) - DOES NOT FULLY REACH THE REAR WHEEL,2003
364045-2,GMC,SIERRA 1500,CREW CAB,2009
364045-2,GMC,SIERRA 2500,CREW CAB,2009
364045-2,GMC,SIERRA 3500,CREW CAB,2009
364009,CHEVROLET,SILVERADO 1500,EXTENDED CAB (EXCLUDING 5.5FT BEDS) - DOES NOT FULLY REACH THE REAR WHEEL,2001
364009,CHEVROLET,SILVERADO 2500,EXTENDED CAB (EXCLUDING 5.5FT BEDS) - DOES NOT FULLY REACH THE REAR WHEEL,2001
364009,CHEVROLET,SILVERADO 3500,EXTENDED CAB (EXCLUDING 5.5FT BEDS) - DOES NOT FULLY REACH THE REAR WHEEL,2001
364046,CHEVROLET,SILVERADO 1500,EXTENDED CAB,2009
364046,CHEVROLET,SILVERADO 2500,EXTENDED CAB,2009
364046,CHEVROLET,SILVERADO 3500,EXTENDED CAB,2009
364020,CHEVROLET,SILVERADO 1500,STANDARD CAB (SHORT BED),2001
364048,CHEVROLET,SILVERADO 1500,STANDARD CAB,2009
364048,CHEVROLET,SILVERADO 2500,STANDARD CAB,2009
364048,CHEVROLET,SILVERADO 3500,STANDARD CAB,2009
364013,CHEVROLET,SILVERADO 2500HD,CREW CAB (EXCLUDING 5.5FT OR 5.8FT BEDS) - DOES NOT FULLY REACH THE REAR WHEEL,2003
364013,CHEVROLET,SILVERADO 3500HD,CREW CAB (EXCLUDING 5.5FT OR 5.8FT BEDS) - DOES NOT FULLY REACH THE REAR WHEEL,2003
364045,CHEVROLET,SILVERADO 1500,CREW CAB,2009
364045,CHEVROLET,SILVERADO 2500,CREW CAB,2009
364045,CHEVROLET,SILVERADO 3500,CREW CAB,2009
364017,CHEVROLET,SILVERADO 2500HD,STANDARD CAB (LONG BED),2003
364017,CHEVROLET,SILVERADO 3500HD,STANDARD CAB (LONG BED),2003
365031,DODGE,RAM 1500,STANDARD CAB (SHORT BED),2011
365031,DODGE,RAM 2500,STANDARD CAB (SHORT BED),2011
365031,DODGE,RAM 3500,STANDARD CAB (SHORT BED),2011
365030,DODGE,RAM 1500,MEGA CAB (FITS 6.5FT BEDS) - DOES NOT FULLY REACH THE REAR WHEEL,2012
365030,DODGE,RAM 2500,MEGA CAB (FITS 6.5FT BEDS) - DOES NOT FULLY REACH THE REAR WHEEL,2012
365030,DODGE,RAM 3500,MEGA CAB (FITS 6.5FT BEDS) - DOES NOT FULLY REACH THE REAR WHEEL,2012
365008,DODGE,RAM 1500,QUAD CAB (FITS 6.5FT BEDS) - DOES NOT FULLY REACH THE REAR WHEEL,2004
365016,DODGE,RAM 1500,CREW CAB (FITS 6.5FT BEDS) - DOES NOT FULLY REACH THE REAR WHEEL,2011
365017,DODGE,RAM 1500,QUAD CAB (FITS 6.5FT BEDS) - DOES NOT FULLY REACH THE REAR WHEEL,2011
365018,DODGE,RAM 1500,STANDARD CAB (LONG BED),2012
365018,DODGE,RAM 2500,STANDARD CAB (LONG BED),2012
365018,DODGE,RAM 3500,STANDARD CAB (LONG BED),2012
365008,DODGE,RAM 2500,QUAD CAB (FITS 6.5FT BEDS) - DOES NOT FULLY REACH THE REAR WHEEL,2005
365008,DODGE,RAM 3500,QUAD CAB (FITS 6.5FT BEDS) - DOES NOT FULLY REACH THE REAR WHEEL,2005
365019,DODGE,RAM 2500,CREW CAB (FITS 6.5FT BEDS) - DOES NOT FULLY REACH THE REAR WHEEL,2012
365019,DODGE,RAM 3500,CREW CAB (FITS 6.5FT BEDS) - DOES NOT FULLY REACH THE REAR WHEEL,2012
363017,FORD,F-150,STANDARD CAB (LONG BED),2011
363006,FORD,F-250,SUPER DUTY CREW CAB (FITS 6.5FT BEDS) - DOES NOT FULLY REACH THE REAR WHEEL,2001
363006,FORD,F-350,SUPER DUTY CREW CAB (FITS 6.5FT BEDS) - DOES NOT FULLY REACH THE REAR WHEEL,2001
364009,GMC,SIERRA 1500,EXTENDED CAB (EXCLUDING 5.5FT BEDS) - DOES NOT FULLY REACH THE REAR WHEEL,2001
364009,GMC,SIERRA 2500,EXTENDED CAB (EXCLUDING 5.5FT BEDS) - DOES NOT FULLY REACH THE REAR WHEEL,2001
364009,GMC,SIERRA 3500,EXTENDED CAB (EXCLUDING 5.5FT BEDS) - DOES NOT FULLY REACH THE REAR WHEEL,2001
364046,GMC,SIERRA 1500,EXTENDED CAB,2009
364046,GMC,SIERRA 2500,EXTENDED CAB,2009
364046,GMC,SIERRA 3500,EXTENDED CAB,2009
364020,GMC,SIERRA 1500,STANDARD CAB (SHORT BED),2001
364048,GMC,SIERRA 1500,STANDARD CAB,2009
364048,GMC,SIERRA 2500,STANDARD CAB,2009
364048,GMC,SIERRA 3500,STANDARD CAB,2009
364013,GMC,SIERRA 2500HD,CREW CAB (EXCLUDING 5.5FT OR 5.8FT BEDS) - DOES NOT FULLY REACH THE REAR WHEEL,2003
364013,GMC,SIERRA 3500HD,CREW CAB (EXCLUDING 5.5FT OR 5.8FT BEDS) - DOES NOT FULLY REACH THE REAR WHEEL,2003
364045,GMC,SIERRA 1500,CREW CAB,2009
364045,GMC,SIERRA 2500,CREW CAB,2009
364045,GMC,SIERRA 3500,CREW CAB,2009
364017,GMC,SIERRA 2500HD,STANDARD CAB (LONG BED),2003
364017,GMC,SIERRA 3500HD,STANDARD CAB (LONG BED),2003
364009-2,CHEVROLET,SILVERADO 1500,EXTENDED CAB (EXCLUDING 5.5FT BEDS) - DOES NOT FULLY REACH THE REAR WHEEL,2002
364009-2,CHEVROLET,SILVERADO 2500,EXTENDED CAB (EXCLUDING 5.5FT BEDS) - DOES NOT FULLY REACH THE REAR WHEEL,2002
364009-2,CHEVROLET,SILVERADO 3500,EXTENDED CAB (EXCLUDING 5.5FT BEDS) - DOES NOT FULLY REACH THE REAR WHEEL,2002
364046-2,CHEVROLET,SILVERADO 1500,EXTENDED CAB,2010
364046-2,CHEVROLET,SILVERADO 2500,EXTENDED CAB,2010
364046-2,CHEVROLET,SILVERADO 3500,EXTENDED CAB,2010
364013-2,CHEVROLET,SILVERADO 2500HD,CREW CAB (EXCLUDING 5.5FT OR 5.8FT BEDS) - DOES NOT FULLY REACH THE REAR WHEEL,2004
364013-2,CHEVROLET,SILVERADO 3500HD,CREW CAB (EXCLUDING 5.5FT OR 5.8FT BEDS) - DOES NOT FULLY REACH THE REAR WHEEL,2004
364045-2,CHEVROLET,SILVERADO 1500,CREW CAB,2010
364045-2,CHEVROLET,SILVERADO 2500,CREW CAB,2010
364045-2,CHEVROLET,SILVERADO 3500,CREW CAB,2010
365030-2,DODGE,RAM 1500,MEGA CAB (FITS 6.5FT BEDS) - DOES NOT FULLY REACH THE REAR WHEEL,2013
365030-2,DODGE,RAM 2500,MEGA CAB (FITS 6.5FT BEDS) - DOES NOT FULLY REACH THE REAR WHEEL,2013
365030-2,DODGE,RAM 3500,MEGA CAB (FITS 6.5FT BEDS) - DOES NOT FULLY REACH THE REAR WHEEL,2013
365008-2,DODGE,RAM 1500,QUAD CAB (FITS 6.5FT BEDS) - DOES NOT FULLY REACH THE REAR WHEEL,2005
365016-2,DODGE,RAM 1500,CREW CAB (FITS 6.5FT BEDS) - DOES NOT FULLY REACH THE REAR WHEEL,2012
365017-2,DODGE,RAM 1500,QUAD CAB (FITS 6.5FT BEDS) - DOES NOT FULLY REACH THE REAR WHEEL,2012
365008-2,DODGE,RAM 2500,QUAD CAB (FITS 6.5FT BEDS) - DOES NOT FULLY REACH THE REAR WHEEL,2006
365008-2,DODGE,RAM 3500,QUAD CAB (FITS 6.5FT BEDS) - DOES NOT FULLY REACH THE REAR WHEEL,2006
365019-2,DODGE,RAM 2500,CREW CAB (FITS 6.5FT BEDS) - DOES NOT FULLY REACH THE REAR WHEEL,2013
365019-2,DODGE,RAM 3500,CREW CAB (FITS 6.5FT BEDS) - DOES NOT FULLY REACH THE REAR WHEEL,2013
363006-2,FORD,F-250,SUPER DUTY CREW CAB (FITS 6.5FT BEDS) - DOES NOT FULLY REACH THE REAR WHEEL,2002
363006-2,FORD,F-350,SUPER DUTY CREW CAB (FITS 6.5FT BEDS) - DOES NOT FULLY REACH THE REAR WHEEL,2002
364009-2,GMC,SIERRA 1500,EXTENDED CAB (EXCLUDING 5.5FT BEDS) - DOES NOT FULLY REACH THE REAR WHEEL,2002
364009-2,GMC,SIERRA 2500,EXTENDED CAB (EXCLUDING 5.5FT BEDS) - DOES NOT FULLY REACH THE REAR WHEEL,2002
364009-2,GMC,SIERRA 3500,EXTENDED CAB (EXCLUDING 5.5FT BEDS) - DOES NOT FULLY REACH THE REAR WHEEL,2002
364046-2,GMC,SIERRA 1500,EXTENDED CAB,2010
364046-2,GMC,SIERRA 2500,EXTENDED CAB,2010
364046-2,GMC,SIERRA 3500,EXTENDED CAB,2010
364013-2,GMC,SIERRA 2500HD,CREW CAB (EXCLUDING 5.5FT OR 5.8FT BEDS) - DOES NOT FULLY REACH THE REAR WHEEL,2004
364013-2,GMC,SIERRA 3500HD,CREW CAB (EXCLUDING 5.5FT OR 5.8FT BEDS) - DOES NOT FULLY REACH THE REAR WHEEL,2004
364045-2,GMC,SIERRA 1500,CREW CAB,2010
364045-2,GMC,SIERRA 2500,CREW CAB,2010
364045-2,GMC,SIERRA 3500,CREW CAB,2010
364009,CHEVROLET,SILVERADO 1500,EXTENDED CAB (EXCLUDING 5.5FT BEDS) - DOES NOT FULLY REACH THE REAR WHEEL,2002
364009,CHEVROLET,SILVERADO 2500,EXTENDED CAB (EXCLUDING 5.5FT BEDS) - DOES NOT FULLY REACH THE REAR WHEEL,2002
364009,CHEVROLET,SILVERADO 3500,EXTENDED CAB (EXCLUDING 5.5FT BEDS) - DOES NOT FULLY REACH THE REAR WHEEL,2002
364046,CHEVROLET,SILVERADO 1500,EXTENDED CAB,2010
364046,CHEVROLET,SILVERADO 2500,EXTENDED CAB,2010
364046,CHEVROLET,SILVERADO 3500,EXTENDED CAB,2010
364020,CHEVROLET,SILVERADO 1500,STANDARD CAB (SHORT BED),2002
364048,CHEVROLET,SILVERADO 1500,STANDARD CAB,2010
364048,CHEVROLET,SILVERADO 2500,STANDARD CAB,2010
364048,CHEVROLET,SILVERADO 3500,STANDARD CAB,2010
364013,CHEVROLET,SILVERADO 2500HD,CREW CAB (EXCLUDING 5.5FT OR 5.8FT BEDS) - DOES NOT FULLY REACH THE REAR WHEEL,2004
364013,CHEVROLET,SILVERADO 3500HD,CREW CAB (EXCLUDING 5.5FT OR 5.8FT BEDS) - DOES NOT FULLY REACH THE REAR WHEEL,2004
364045,CHEVROLET,SILVERADO 1500,CREW CAB,2010
364045,CHEVROLET,SILVERADO 2500,CREW CAB,2010
364045,CHEVROLET,SILVERADO 3500,CREW CAB,2010
364017,CHEVROLET,SILVERADO 2500HD,STANDARD CAB (LONG BED),2004
364017,CHEVROLET,SILVERADO 3500HD,STANDARD CAB (LONG BED),2004
365031,DODGE,RAM 1500,STANDARD CAB (SHORT BED),2012
365031,DODGE,RAM 2500,STANDARD CAB (SHORT BED),2012
365031,DODGE,RAM 3500,STANDARD CAB (SHORT BED),2012
365030,DODGE,RAM 1500,MEGA CAB (FITS 6.5FT BEDS) - DOES NOT FULLY REACH THE REAR WHEEL,2013
365030,DODGE,RAM 2500,MEGA CAB (FITS 6.5FT BEDS) - DOES NOT FULLY REACH THE REAR WHEEL,2013
365030,DODGE,RAM 3500,MEGA CAB (FITS 6.5FT BEDS) - DOES NOT FULLY REACH THE REAR WHEEL,2013
365008,DODGE,RAM 1500,QUAD CAB (FITS 6.5FT BEDS) - DOES NOT FULLY REACH THE REAR WHEEL,2005
365016,DODGE,RAM 1500,CREW CAB (FITS 6.5FT BEDS) - DOES NOT FULLY REACH THE REAR WHEEL,2012
365017,DODGE,RAM 1500,QUAD CAB (FITS 6.5FT BEDS) - DOES NOT FULLY REACH THE REAR WHEEL,2012
365018,DODGE,RAM 1500,STANDARD CAB (LONG BED),2013
365018,DODGE,RAM 2500,STANDARD CAB (LONG BED),2013
365018,DODGE,RAM 3500,STANDARD CAB (LONG BED),2013
365008,DODGE,RAM 2500,QUAD CAB (FITS 6.5FT BEDS) - DOES NOT FULLY REACH THE REAR WHEEL,2006
365008,DODGE,RAM 3500,QUAD CAB (FITS 6.5FT BEDS) - DOES NOT FULLY REACH THE REAR WHEEL,2006
365019,DODGE,RAM 2500,CREW CAB (FITS 6.5FT BEDS) - DOES NOT FULLY REACH THE REAR WHEEL,2013
365019,DODGE,RAM 3500,CREW CAB (FITS 6.5FT BEDS) - DOES NOT FULLY REACH THE REAR WHEEL,2013
363017,FORD,F-150,STANDARD CAB (LONG BED),2012
363006,FORD,F-250,SUPER DUTY CREW CAB (FITS 6.5FT BEDS) - DOES NOT FULLY REACH THE REAR WHEEL,2002
363006,FORD,F-350,SUPER DUTY CREW CAB (FITS 6.5FT BEDS) - DOES NOT FULLY REACH THE REAR WHEEL,2002
364009,GMC,SIERRA 1500,EXTENDED CAB (EXCLUDING 5.5FT BEDS) - DOES NOT FULLY REACH THE REAR WHEEL,2002
364009,GMC,SIERRA 2500,EXTENDED CAB (EXCLUDING 5.5FT BEDS) - DOES NOT FULLY REACH THE REAR WHEEL,2002
364009,GMC,SIERRA 3500,EXTENDED CAB (EXCLUDING 5.5FT BEDS) - DOES NOT FULLY REACH THE REAR WHEEL,2002
364046,GMC,SIERRA 1500,EXTENDED CAB,2010
364046,GMC,SIERRA 2500,EXTENDED CAB,2010
364046,GMC,SIERRA 3500,EXTENDED CAB,2010
364020,GMC,SIERRA 1500,STANDARD CAB (SHORT BED),2002
364048,GMC,SIERRA 1500,STANDARD CAB,2010
364048,GMC,SIERRA 2500,STANDARD CAB,2010
364048,GMC,SIERRA 3500,STANDARD CAB,2010
364013,GMC,SIERRA 2500HD,CREW CAB (EXCLUDING 5.5FT OR 5.8FT BEDS) - DOES NOT FULLY REACH THE REAR WHEEL,2004
364013,GMC,SIERRA 3500HD,CREW CAB (EXCLUDING 5.5FT OR 5.8FT BEDS) - DOES NOT FULLY REACH THE REAR WHEEL,2004
364045,GMC,SIERRA 1500,CREW CAB,2010
364045,GMC,SIERRA 2500,CREW CAB,2010
364045,GMC,SIERRA 3500,CREW CAB,2010
364017,GMC,SIERRA 2500HD,STANDARD CAB (LONG BED),2004
364017,GMC,SIERRA 3500HD,STANDARD CAB (LONG BED),2004
364009-2,CHEVROLET,SILVERADO 1500,EXTENDED CAB (EXCLUDING 5.5FT BEDS) - DOES NOT FULLY REACH THE REAR WHEEL,2003
364009-2,CHEVROLET,SILVERADO 2500,EXTENDED CAB (EXCLUDING 5.5FT BEDS) - DOES NOT FULLY REACH THE REAR WHEEL,2003
364009-2,CHEVROLET,SILVERADO 3500,EXTENDED CAB (EXCLUDING 5.5FT BEDS) - DOES NOT FULLY REACH THE REAR WHEEL,2003
364046-2,CHEVROLET,SILVERADO 1500,EXTENDED CAB,2011
364046-2,CHEVROLET,SILVERADO 2500,EXTENDED CAB,2011
364046-2,CHEVROLET,SILVERADO 3500,EXTENDED CAB,2011
364013-2,CHEVROLET,SILVERADO 2500HD,CREW CAB (EXCLUDING 5.5FT OR 5.8FT BEDS) - DOES NOT FULLY REACH THE REAR WHEEL,2005
364013-2,CHEVROLET,SILVERADO 3500HD,CREW CAB (EXCLUDING 5.5FT OR 5.8FT BEDS) - DOES NOT FULLY REACH THE REAR WHEEL,2005
364045-2,CHEVROLET,SILVERADO 1500,CREW CAB,2011
364045-2,CHEVROLET,SILVERADO 2500,CREW CAB,2011
364045-2,CHEVROLET,SILVERADO 3500,CREW CAB,2011
365030-2,DODGE,RAM 1500,MEGA CAB (FITS 6.5FT BEDS) - DOES NOT FULLY REACH THE REAR WHEEL,2014
365030-2,DODGE,RAM 2500,MEGA CAB (FITS 6.5FT BEDS) - DOES NOT FULLY REACH THE REAR WHEEL,2014
365030-2,DODGE,RAM 3500,MEGA CAB (FITS 6.5FT BEDS) - DOES NOT FULLY REACH THE REAR WHEEL,2014
365008-2,DODGE,RAM 1500,QUAD CAB (FITS 6.5FT BEDS) - DOES NOT FULLY REACH THE REAR WHEEL,2006
365016-2,DODGE,RAM 1500,CREW CAB (FITS 6.5FT BEDS) - DOES NOT FULLY REACH THE REAR WHEEL,2013
365017-2,DODGE,RAM 1500,QUAD CAB (FITS 6.5FT BEDS) - DOES NOT FULLY REACH THE REAR WHEEL,2013
365008-2,DODGE,RAM 2500,QUAD CAB (FITS 6.5FT BEDS) - DOES NOT FULLY REACH THE REAR WHEEL,2007
365008-2,DODGE,RAM 3500,QUAD CAB (FITS 6.5FT BEDS) - DOES NOT FULLY REACH THE REAR WHEEL,2007
365019-2,DODGE,RAM 2500,CREW CAB (FITS 6.5FT BEDS) - DOES NOT FULLY REACH THE REAR WHEEL,2014
365019-2,DODGE,RAM 3500,CREW CAB (FITS 6.5FT BEDS) - DOES NOT FULLY REACH THE REAR WHEEL,2014
363006-2,FORD,F-250,SUPER DUTY CREW CAB (FITS 6.5FT BEDS) - DOES NOT FULLY REACH THE REAR WHEEL,2003
363006-2,FORD,F-350,SUPER DUTY CREW CAB (FITS 6.5FT BEDS) - DOES NOT FULLY REACH THE REAR WHEEL,2003
364009-2,GMC,SIERRA 1500,EXTENDED CAB (EXCLUDING 5.5FT BEDS) - DOES NOT FULLY REACH THE REAR WHEEL,2003
364009-2,GMC,SIERRA 2500,EXTENDED CAB (EXCLUDING 5.5FT BEDS) - DOES NOT FULLY REACH THE REAR WHEEL,2003
364009-2,GMC,SIERRA 3500,EXTENDED CAB (EXCLUDING 5.5FT BEDS) - DOES NOT FULLY REACH THE REAR WHEEL,2003
364046-2,GMC,SIERRA 1500,EXTENDED CAB,2011
364046-2,GMC,SIERRA 2500,EXTENDED CAB,2011
364046-2,GMC,SIERRA 3500,EXTENDED CAB,2011
364013-2,GMC,SIERRA 2500HD,CREW CAB (EXCLUDING 5.5FT OR 5.8FT BEDS) - DOES NOT FULLY REACH THE REAR WHEEL,2005
364013-2,GMC,SIERRA 3500HD,CREW CAB (EXCLUDING 5.5FT OR 5.8FT BEDS) - DOES NOT FULLY REACH THE REAR WHEEL,2005
364045-2,GMC,SIERRA 1500,CREW CAB,2011
364045-2,GMC,SIERRA 2500,CREW CAB,2011
364045-2,GMC,SIERRA 3500,CREW CAB,2011
364009,CHEVROLET,SILVERADO 1500,EXTENDED CAB (EXCLUDING 5.5FT BEDS) - DOES NOT FULLY REACH THE REAR WHEEL,2003
364009,CHEVROLET,SILVERADO 2500,EXTENDED CAB (EXCLUDING 5.5FT BEDS) - DOES NOT FULLY REACH THE REAR WHEEL,2003
364009,CHEVROLET,SILVERADO 3500,EXTENDED CAB (EXCLUDING 5.5FT BEDS) - DOES NOT FULLY REACH THE REAR WHEEL,2003
364046,CHEVROLET,SILVERADO 1500,EXTENDED CAB,2011
364046,CHEVROLET,SILVERADO 2500,EXTENDED CAB,2011
364046,CHEVROLET,SILVERADO 3500,EXTENDED CAB,2011
364020,CHEVROLET,SILVERADO 1500,STANDARD CAB (SHORT BED),2003
364048,CHEVROLET,SILVERADO 1500,STANDARD CAB,2011
364048,CHEVROLET,SILVERADO 2500,STANDARD CAB,2011
364048,CHEVROLET,SILVERADO 3500,STANDARD CAB,2011
364013,CHEVROLET,SILVERADO 2500HD,CREW CAB (EXCLUDING 5.5FT OR 5.8FT BEDS) - DOES NOT FULLY REACH THE REAR WHEEL,2005
364013,CHEVROLET,SILVERADO 3500HD,CREW CAB (EXCLUDING 5.5FT OR 5.8FT BEDS) - DOES NOT FULLY REACH THE REAR WHEEL,2005
364045,CHEVROLET,SILVERADO 1500,CREW CAB,2011
364045,CHEVROLET,SILVERADO 2500,CREW CAB,2011
364045,CHEVROLET,SILVERADO 3500,CREW CAB,2011
364017,CHEVROLET,SILVERADO 2500HD,STANDARD CAB (LONG BED),2005
364017,CHEVROLET,SILVERADO 3500HD,STANDARD CAB (LONG BED),2005
365031,DODGE,RAM 1500,STANDARD CAB (SHORT BED),2013
365031,DODGE,RAM 2500,STANDARD CAB (SHORT BED),2013
365031,DODGE,RAM 3500,STANDARD CAB (SHORT BED),2013
365030,DODGE,RAM 1500,MEGA CAB (FITS 6.5FT BEDS) - DOES NOT FULLY REACH THE REAR WHEEL,2014
365030,DODGE,RAM 2500,MEGA CAB (FITS 6.5FT BEDS) - DOES NOT FULLY REACH THE REAR WHEEL,2014
365030,DODGE,RAM 3500,MEGA CAB (FITS 6.5FT BEDS) - DOES NOT FULLY REACH THE REAR WHEEL,2014
365008,DODGE,RAM 1500,QUAD CAB (FITS 6.5FT BEDS) - DOES NOT FULLY REACH THE REAR WHEEL,2006
365016,DODGE,RAM 1500,CREW CAB (FITS 6.5FT BEDS) - DOES NOT FULLY REACH THE REAR WHEEL,2013
365017,DODGE,RAM 1500,QUAD CAB (FITS 6.5FT BEDS) - DOES NOT FULLY REACH THE REAR WHEEL,2013
365018,DODGE,RAM 1500,STANDARD CAB (LONG BED),2014
365018,DODGE,RAM 2500,STANDARD CAB (LONG BED),2014
365018,DODGE,RAM 3500,STANDARD CAB (LONG BED),2014
365008,DODGE,RAM 2500,QUAD CAB (FITS 6.5FT BEDS) - DOES NOT FULLY REACH THE REAR WHEEL,2007
365008,DODGE,RAM 3500,QUAD CAB (FITS 6.5FT BEDS) - DOES NOT FULLY REACH THE REAR WHEEL,2007
365019,DODGE,RAM 2500,CREW CAB (FITS 6.5FT BEDS) - DOES NOT FULLY REACH THE REAR WHEEL,2014
365019,DODGE,RAM 3500,CREW CAB (FITS 6.5FT BEDS) - DOES NOT FULLY REACH THE REAR WHEEL,2014
363017,FORD,F-150,STANDARD CAB (LONG BED),2013
363006,FORD,F-250,SUPER DUTY CREW CAB (FITS 6.5FT BEDS) - DOES NOT FULLY REACH THE REAR WHEEL,2003
363006,FORD,F-350,SUPER DUTY CREW CAB (FITS 6.5FT BEDS) - DOES NOT FULLY REACH THE REAR WHEEL,2003
364009,GMC,SIERRA 1500,EXTENDED CAB (EXCLUDING 5.5FT BEDS) - DOES NOT FULLY REACH THE REAR WHEEL,2003
364009,GMC,SIERRA 2500,EXTENDED CAB (EXCLUDING 5.5FT BEDS) - DOES NOT FULLY REACH THE REAR WHEEL,2003
364009,GMC,SIERRA 3500,EXTENDED CAB (EXCLUDING 5.5FT BEDS) - DOES NOT FULLY REACH THE REAR WHEEL,2003
364046,GMC,SIERRA 1500,EXTENDED CAB,2011
364046,GMC,SIERRA 2500,EXTENDED CAB,2011
364046,GMC,SIERRA 3500,EXTENDED CAB,2011
364020,GMC,SIERRA 1500,STANDARD CAB (SHORT BED),2003
364048,GMC,SIERRA 1500,STANDARD CAB,2011
364048,GMC,SIERRA 2500,STANDARD CAB,2011
364048,GMC,SIERRA 3500,STANDARD CAB,2011
364013,GMC,SIERRA 2500HD,CREW CAB (EXCLUDING 5.5FT OR 5.8FT BEDS) - DOES NOT FULLY REACH THE REAR WHEEL,2005
364013,GMC,SIERRA 3500HD,CREW CAB (EXCLUDING 5.5FT OR 5.8FT BEDS) - DOES NOT FULLY REACH THE REAR WHEEL,2005
364045,GMC,SIERRA 1500,CREW CAB,2011
364045,GMC,SIERRA 2500,CREW CAB,2011
364045,GMC,SIERRA 3500,CREW CAB,2011
364017,GMC,SIERRA 2500HD,STANDARD CAB (LONG BED),2005
364017,GMC,SIERRA 3500HD,STANDARD CAB (LONG BED),2005
364009-2,CHEVROLET,SILVERADO 1500,EXTENDED CAB (EXCLUDING 5.5FT BEDS) - DOES NOT FULLY REACH THE REAR WHEEL,2004
364009-2,CHEVROLET,SILVERADO 2500,EXTENDED CAB (EXCLUDING 5.5FT BEDS) - DOES NOT FULLY REACH THE REAR WHEEL,2004
364009-2,CHEVROLET,SILVERADO 3500,EXTENDED CAB (EXCLUDING 5.5FT BEDS) - DOES NOT FULLY REACH THE REAR WHEEL,2004
364046-2,CHEVROLET,SILVERADO 1500,EXTENDED CAB,2012
364046-2,CHEVROLET,SILVERADO 2500,EXTENDED CAB,2012
364046-2,CHEVROLET,SILVERADO 3500,EXTENDED CAB,2012
364013-2,CHEVROLET,SILVERADO 2500HD,CREW CAB (EXCLUDING 5.5FT OR 5.8FT BEDS) - DOES NOT FULLY REACH THE REAR WHEEL,2006
364013-2,CHEVROLET,SILVERADO 3500HD,CREW CAB (EXCLUDING 5.5FT OR 5.8FT BEDS) - DOES NOT FULLY REACH THE REAR WHEEL,2006
364045-2,CHEVROLET,SILVERADO 1500,CREW CAB,2012
364045-2,CHEVROLET,SILVERADO 2500,CREW CAB,2012
364045-2,CHEVROLET,SILVERADO 3500,CREW CAB,2012
365030-2,DODGE,RAM 1500,MEGA CAB (FITS 6.5FT BEDS) - DOES NOT FULLY REACH THE REAR WHEEL,2015
365030-2,DODGE,RAM 2500,MEGA CAB (FITS 6.5FT BEDS) - DOES NOT FULLY REACH THE REAR WHEEL,2015
365030-2,DODGE,RAM 3500,MEGA CAB (FITS 6.5FT BEDS) - DOES NOT FULLY REACH THE REAR WHEEL,2015
365008-2,DODGE,RAM 1500,QUAD CAB (FITS 6.5FT BEDS) - DOES NOT FULLY REACH THE REAR WHEEL,2007
365016-2,DODGE,RAM 1500,CREW CAB (FITS 6.5FT BEDS) - DOES NOT FULLY REACH THE REAR WHEEL,2014
365017-2,DODGE,RAM 1500,QUAD CAB (FITS 6.5FT BEDS) - DOES NOT FULLY REACH THE REAR WHEEL,2014
365008-2,DODGE,RAM 2500,QUAD CAB (FITS 6.5FT BEDS) - DOES NOT FULLY REACH THE REAR WHEEL,2008
365008-2,DODGE,RAM 3500,QUAD CAB (FITS 6.5FT BEDS) - DOES NOT FULLY REACH THE REAR WHEEL,2008
365019-2,DODGE,RAM 2500,CREW CAB (FITS 6.5FT BEDS) - DOES NOT FULLY REACH THE REAR WHEEL,2015
365019-2,DODGE,RAM 3500,CREW CAB (FITS 6.5FT BEDS) - DOES NOT FULLY REACH THE REAR WHEEL,2015
363006-2,FORD,F-250,SUPER DUTY CREW CAB (FITS 6.5FT BEDS) - DOES NOT FULLY REACH THE REAR WHEEL,2004
363006-2,FORD,F-350,SUPER DUTY CREW CAB (FITS 6.5FT BEDS) - DOES NOT FULLY REACH THE REAR WHEEL,2004
364009-2,GMC,SIERRA 1500,EXTENDED CAB (EXCLUDING 5.5FT BEDS) - DOES NOT FULLY REACH THE REAR WHEEL,2004
364009-2,GMC,SIERRA 2500,EXTENDED CAB (EXCLUDING 5.5FT BEDS) - DOES NOT FULLY REACH THE REAR WHEEL,2004
364009-2,GMC,SIERRA 3500,EXTENDED CAB (EXCLUDING 5.5FT BEDS) - DOES NOT FULLY REACH THE REAR WHEEL,2004
364046-2,GMC,SIERRA 1500,EXTENDED CAB,2012
364046-2,GMC,SIERRA 2500,EXTENDED CAB,2012
364046-2,GMC,SIERRA 3500,EXTENDED CAB,2012
364013-2,GMC,SIERRA 2500HD,CREW CAB (EXCLUDING 5.5FT OR 5.8FT BEDS) - DOES NOT FULLY REACH THE REAR WHEEL,2006
364013-2,GMC,SIERRA 3500HD,CREW CAB (EXCLUDING 5.5FT OR 5.8FT BEDS) - DOES NOT FULLY REACH THE REAR WHEEL,2006
364045-2,GMC,SIERRA 1500,CREW CAB,2012
364045-2,GMC,SIERRA 2500,CREW CAB,2012
364045-2,GMC,SIERRA 3500,CREW CAB,2012
364009,CHEVROLET,SILVERADO 1500,EXTENDED CAB (EXCLUDING 5.5FT BEDS) - DOES NOT FULLY REACH THE REAR WHEEL,2004
364009,CHEVROLET,SILVERADO 2500,EXTENDED CAB (EXCLUDING 5.5FT BEDS) - DOES NOT FULLY REACH THE REAR WHEEL,2004
364009,CHEVROLET,SILVERADO 3500,EXTENDED CAB (EXCLUDING 5.5FT BEDS) - DOES NOT FULLY REACH THE REAR WHEEL,2004
364046,CHEVROLET,SILVERADO 1500,EXTENDED CAB,2012
364046,CHEVROLET,SILVERADO 2500,EXTENDED CAB,2012
364046,CHEVROLET,SILVERADO 3500,EXTENDED CAB,2012
364020,CHEVROLET,SILVERADO 1500,STANDARD CAB (SHORT BED),2004
364048,CHEVROLET,SILVERADO 1500,STANDARD CAB,2012
364048,CHEVROLET,SILVERADO 2500,STANDARD CAB,2012
364048,CHEVROLET,SILVERADO 3500,STANDARD CAB,2012
364013,CHEVROLET,SILVERADO 2500HD,CREW CAB (EXCLUDING 5.5FT OR 5.8FT BEDS) - DOES NOT FULLY REACH THE REAR WHEEL,2006
364013,CHEVROLET,SILVERADO 3500HD,CREW CAB (EXCLUDING 5.5FT OR 5.8FT BEDS) - DOES NOT FULLY REACH THE REAR WHEEL,2006
364045,CHEVROLET,SILVERADO 1500,CREW CAB,2012
364045,CHEVROLET,SILVERADO 2500,CREW CAB,2012
364045,CHEVROLET,SILVERADO 3500,CREW CAB,2012
364017,CHEVROLET,SILVERADO 2500HD,STANDARD CAB (LONG BED),2006
364017,CHEVROLET,SILVERADO 3500HD,STANDARD CAB (LONG BED),2006
365031,DODGE,RAM 1500,STANDARD CAB (SHORT BED),2014
365031,DODGE,RAM 2500,STANDARD CAB (SHORT BED),2014
365031,DODGE,RAM 3500,STANDARD CAB (SHORT BED),2014
365030,DODGE,RAM 1500,MEGA CAB (FITS 6.5FT BEDS) - DOES NOT FULLY REACH THE REAR WHEEL,2015
365030,DODGE,RAM 2500,MEGA CAB (FITS 6.5FT BEDS) - DOES NOT FULLY REACH THE REAR WHEEL,2015
365030,DODGE,RAM 3500,MEGA CAB (FITS 6.5FT BEDS) - DOES NOT FULLY REACH THE REAR WHEEL,2015
365008,DODGE,RAM 1500,QUAD CAB (FITS 6.5FT BEDS) - DOES NOT FULLY REACH THE REAR WHEEL,2007
365016,DODGE,RAM 1500,CREW CAB (FITS 6.5FT BEDS) - DOES NOT FULLY REACH THE REAR WHEEL,2014
365017,DODGE,RAM 1500,QUAD CAB (FITS 6.5FT BEDS) - DOES NOT FULLY REACH THE REAR WHEEL,2014
365008,DODGE,RAM 2500,QUAD CAB (FITS 6.5FT BEDS) - DOES NOT FULLY REACH THE REAR WHEEL,2008
365008,DODGE,RAM 3500,QUAD CAB (FITS 6.5FT BEDS) - DOES NOT FULLY REACH THE REAR WHEEL,2008
365019,DODGE,RAM 2500,CREW CAB (FITS 6.5FT BEDS) - DOES NOT FULLY REACH THE REAR WHEEL,2015
365019,DODGE,RAM 3500,CREW CAB (FITS 6.5FT BEDS) - DOES NOT FULLY REACH THE REAR WHEEL,2015
363017,FORD,F-150,STANDARD CAB (LONG BED),2014
363006,FORD,F-250,SUPER DUTY CREW CAB (FITS 6.5FT BEDS) - DOES NOT FULLY REACH THE REAR WHEEL,2004
363006,FORD,F-350,SUPER DUTY CREW CAB (FITS 6.5FT BEDS) - DOES NOT FULLY REACH THE REAR WHEEL,2004
364009,GMC,SIERRA 1500,EXTENDED CAB (EXCLUDING 5.5FT BEDS) - DOES NOT FULLY REACH THE REAR WHEEL,2004
364009,GMC,SIERRA 2500,EXTENDED CAB (EXCLUDING 5.5FT BEDS) - DOES NOT FULLY REACH THE REAR WHEEL,2004
364009,GMC,SIERRA 3500,EXTENDED CAB (EXCLUDING 5.5FT BEDS) - DOES NOT FULLY REACH THE REAR WHEEL,2004
364046,GMC,SIERRA 1500,EXTENDED CAB,2012
364046,GMC,SIERRA 2500,EXTENDED CAB,2012
364046,GMC,SIERRA 3500,EXTENDED CAB,2012
364020,GMC,SIERRA 1500,STANDARD CAB (SHORT BED),2004
364048,GMC,SIERRA 1500,STANDARD CAB,2012
364048,GMC,SIERRA 2500,STANDARD CAB,2012
364048,GMC,SIERRA 3500,STANDARD CAB,2012
364013,GMC,SIERRA 2500HD,CREW CAB (EXCLUDING 5.5FT OR 5.8FT BEDS) - DOES NOT FULLY REACH THE REAR WHEEL,2006
364013,GMC,SIERRA 3500HD,CREW CAB (EXCLUDING 5.5FT OR 5.8FT BEDS) - DOES NOT FULLY REACH THE REAR WHEEL,2006
364045,GMC,SIERRA 1500,CREW CAB,2012
364045,GMC,SIERRA 2500,CREW CAB,2012
364045,GMC,SIERRA 3500,CREW CAB,2012
364017,GMC,SIERRA 2500HD,STANDARD CAB (LONG BED),2006
364017,GMC,SIERRA 3500HD,STANDARD CAB (LONG BED),2006
364009-2,CHEVROLET,SILVERADO 1500,EXTENDED CAB (EXCLUDING 5.5FT BEDS) - DOES NOT FULLY REACH THE REAR WHEEL,2005
364009-2,CHEVROLET,SILVERADO 2500,EXTENDED CAB (EXCLUDING 5.5FT BEDS) - DOES NOT FULLY REACH THE REAR WHEEL,2005
364009-2,CHEVROLET,SILVERADO 3500,EXTENDED CAB (EXCLUDING 5.5FT BEDS) - DOES NOT FULLY REACH THE REAR WHEEL,2005
364046-2,CHEVROLET,SILVERADO 1500,EXTENDED CAB,2013
364046-2,CHEVROLET,SILVERADO 2500,EXTENDED CAB,2013
364046-2,CHEVROLET,SILVERADO 3500,EXTENDED CAB,2013
364013-2,CHEVROLET,SILVERADO 2500HD,CREW CAB (EXCLUDING 5.5FT OR 5.8FT BEDS) - DOES NOT FULLY REACH THE REAR WHEEL,2007
364013-2,CHEVROLET,SILVERADO 3500HD,CREW CAB (EXCLUDING 5.5FT OR 5.8FT BEDS) - DOES NOT FULLY REACH THE REAR WHEEL,2007
364045-2,CHEVROLET,SILVERADO 1500,CREW CAB,2013
364045-2,CHEVROLET,SILVERADO 2500,CREW CAB,2013
364045-2,CHEVROLET,SILVERADO 3500,CREW CAB,2013
365008-2,DODGE,RAM 1500,QUAD CAB (FITS 6.5FT BEDS) - DOES NOT FULLY REACH THE REAR WHEEL,2008
365016-2,DODGE,RAM 1500,CREW CAB (FITS 6.5FT BEDS) - DOES NOT FULLY REACH THE REAR WHEEL,2015
365017-2,DODGE,RAM 1500,QUAD CAB (FITS 6.5FT BEDS) - DOES NOT FULLY REACH THE REAR WHEEL,2015
365008-2,DODGE,RAM 2500,QUAD CAB (FITS 6.5FT BEDS) - DOES NOT FULLY REACH THE REAR WHEEL,2009
365008-2,DODGE,RAM 3500,QUAD CAB (FITS 6.5FT BEDS) - DOES NOT FULLY REACH THE REAR WHEEL,2009
363006-2,FORD,F-250,SUPER DUTY CREW CAB (FITS 6.5FT BEDS) - DOES NOT FULLY REACH THE REAR WHEEL,2005
363006-2,FORD,F-350,SUPER DUTY CREW CAB (FITS 6.5FT BEDS) - DOES NOT FULLY REACH THE REAR WHEEL,2005
364009-2,GMC,SIERRA 1500,EXTENDED CAB (EXCLUDING 5.5FT BEDS) - DOES NOT FULLY REACH THE REAR WHEEL,2005
364009-2,GMC,SIERRA 2500,EXTENDED CAB (EXCLUDING 5.5FT BEDS) - DOES NOT FULLY REACH THE REAR WHEEL,2005
364009-2,GMC,SIERRA 3500,EXTENDED CAB (EXCLUDING 5.5FT BEDS) - DOES NOT FULLY REACH THE REAR WHEEL,2005
364046-2,GMC,SIERRA 1500,EXTENDED CAB,2013
364046-2,GMC,SIERRA 2500,EXTENDED CAB,2013
364046-2,GMC,SIERRA 3500,EXTENDED CAB,2013
364013-2,GMC,SIERRA 2500HD,CREW CAB (EXCLUDING 5.5FT OR 5.8FT BEDS) - DOES NOT FULLY REACH THE REAR WHEEL,2007
364013-2,GMC,SIERRA 3500HD,CREW CAB (EXCLUDING 5.5FT OR 5.8FT BEDS) - DOES NOT FULLY REACH THE REAR WHEEL,2007
364045-2,GMC,SIERRA 1500,CREW CAB,2013
364045-2,GMC,SIERRA 2500,CREW CAB,2013
364045-2,GMC,SIERRA 3500,CREW CAB,2013
364009,CHEVROLET,SILVERADO 1500,EXTENDED CAB (EXCLUDING 5.5FT BEDS) - DOES NOT FULLY REACH THE REAR WHEEL,2005
364009,CHEVROLET,SILVERADO 2500,EXTENDED CAB (EXCLUDING 5.5FT BEDS) - DOES NOT FULLY REACH THE REAR WHEEL,2005
364009,CHEVROLET,SILVERADO 3500,EXTENDED CAB (EXCLUDING 5.5FT BEDS) - DOES NOT FULLY REACH THE REAR WHEEL,2005
364046,CHEVROLET,SILVERADO 1500,EXTENDED CAB,2013
364046,CHEVROLET,SILVERADO 2500,EXTENDED CAB,2013
364046,CHEVROLET,SILVERADO 3500,EXTENDED CAB,2013
364020,CHEVROLET,SILVERADO 1500,STANDARD CAB (SHORT BED),2005
364048,CHEVROLET,SILVERADO 1500,STANDARD CAB,2013
364048,CHEVROLET,SILVERADO 2500,STANDARD CAB,2013
364048,CHEVROLET,SILVERADO 3500,STANDARD CAB,2013
364013,CHEVROLET,SILVERADO 2500HD,CREW CAB (EXCLUDING 5.5FT OR 5.8FT BEDS) - DOES NOT FULLY REACH THE REAR WHEEL,2007
364013,CHEVROLET,SILVERADO 3500HD,CREW CAB (EXCLUDING 5.5FT OR 5.8FT BEDS) - DOES NOT FULLY REACH THE REAR WHEEL,2007
364045,CHEVROLET,SILVERADO 1500,CREW CAB,2013
364045,CHEVROLET,SILVERADO 2500,CREW CAB,2013
364045,CHEVROLET,SILVERADO 3500,CREW CAB,2013
364017,CHEVROLET,SILVERADO 2500HD,STANDARD CAB (LONG BED),2007
364017,CHEVROLET,SILVERADO 3500HD,STANDARD CAB (LONG BED),2007
365008,DODGE,RAM 1500,QUAD CAB (FITS 6.5FT BEDS) - DOES NOT FULLY REACH THE REAR WHEEL,2008
365016,DODGE,RAM 1500,CREW CAB (FITS 6.5FT BEDS) - DOES NOT FULLY REACH THE REAR WHEEL,2015
365017,DODGE,RAM 1500,QUAD CAB (FITS 6.5FT BEDS) - DOES NOT FULLY REACH THE REAR WHEEL,2015
365008,DODGE,RAM 2500,QUAD CAB (FITS 6.5FT BEDS) - DOES NOT FULLY REACH THE REAR WHEEL,2009
365008,DODGE,RAM 3500,QUAD CAB (FITS 6.5FT BEDS) - DOES NOT FULLY REACH THE REAR WHEEL,2009
363006,FORD,F-250,SUPER DUTY CREW CAB (FITS 6.5FT BEDS) - DOES NOT FULLY REACH THE REAR WHEEL,2005
363006,FORD,F-350,SUPER DUTY CREW CAB (FITS 6.5FT BEDS) - DOES NOT FULLY REACH THE REAR WHEEL,2005
364009,GMC,SIERRA 1500,EXTENDED CAB (EXCLUDING 5.5FT BEDS) - DOES NOT FULLY REACH THE REAR WHEEL,2005
364009,GMC,SIERRA 2500,EXTENDED CAB (EXCLUDING 5.5FT BEDS) - DOES NOT FULLY REACH THE REAR WHEEL,2005
364009,GMC,SIERRA 3500,EXTENDED CAB (EXCLUDING 5.5FT BEDS) - DOES NOT FULLY REACH THE REAR WHEEL,2005
364046,GMC,SIERRA 1500,EXTENDED CAB,2013
364046,GMC,SIERRA 2500,EXTENDED CAB,2013
364046,GMC,SIERRA 3500,EXTENDED CAB,2013
364020,GMC,SIERRA 1500,STANDARD CAB (SHORT BED),2005
364048,GMC,SIERRA 1500,STANDARD CAB,2013
364048,GMC,SIERRA 2500,STANDARD CAB,2013
364048,GMC,SIERRA 3500,STANDARD CAB,2013
364013,GMC,SIERRA 2500HD,CREW CAB (EXCLUDING 5.5FT OR 5.8FT BEDS) - DOES NOT FULLY REACH THE REAR WHEEL,2007
364013,GMC,SIERRA 3500HD,CREW CAB (EXCLUDING 5.5FT OR 5.8FT BEDS) - DOES NOT FULLY REACH THE REAR WHEEL,2007
364045,GMC,SIERRA 1500,CREW CAB,2013
364045,GMC,SIERRA 2500,CREW CAB,2013
364045,GMC,SIERRA 3500,CREW CAB,2013
364017,GMC,SIERRA 2500HD,STANDARD CAB (LONG BED),2007
364017,GMC,SIERRA 3500HD,STANDARD CAB (LONG BED),2007
364009-2,CHEVROLET,SILVERADO 1500,EXTENDED CAB (EXCLUDING 5.5FT BEDS) - DOES NOT FULLY REACH THE REAR WHEEL,2006
364009-2,CHEVROLET,SILVERADO 2500,EXTENDED CAB (EXCLUDING 5.5FT BEDS) - DOES NOT FULLY REACH THE REAR WHEEL,2006
364009-2,CHEVROLET,SILVERADO 3500,EXTENDED CAB (EXCLUDING 5.5FT BEDS) - DOES NOT FULLY REACH THE REAR WHEEL,2006
364013-2,CHEVROLET,SILVERADO 2500HD,CREW CAB (EXCLUDING 5.5FT OR 5.8FT BEDS) - DOES NOT FULLY REACH THE REAR WHEEL,2008
364013-2,CHEVROLET,SILVERADO 3500HD,CREW CAB (EXCLUDING 5.5FT OR 5.8FT BEDS) - DOES NOT FULLY REACH THE REAR WHEEL,2008
364045-2,CHEVROLET,SILVERADO 1500,CREW CAB,2014
364045-2,CHEVROLET,SILVERADO 2500,CREW CAB,2014
364045-2,CHEVROLET,SILVERADO 3500,CREW CAB,2014
363006-2,FORD,F-250,SUPER DUTY CREW CAB (FITS 6.5FT BEDS) - DOES NOT FULLY REACH THE REAR WHEEL,2006
363006-2,FORD,F-350,SUPER DUTY CREW CAB (FITS 6.5FT BEDS) - DOES NOT FULLY REACH THE REAR WHEEL,2006
364009-2,GMC,SIERRA 1500,EXTENDED CAB (EXCLUDING 5.5FT BEDS) - DOES NOT FULLY REACH THE REAR WHEEL,2006
364009-2,GMC,SIERRA 2500,EXTENDED CAB (EXCLUDING 5.5FT BEDS) - DOES NOT FULLY REACH THE REAR WHEEL,2006
364009-2,GMC,SIERRA 3500,EXTENDED CAB (EXCLUDING 5.5FT BEDS) - DOES NOT FULLY REACH THE REAR WHEEL,2006
364013-2,GMC,SIERRA 2500HD,CREW CAB (EXCLUDING 5.5FT OR 5.8FT BEDS) - DOES NOT FULLY REACH THE REAR WHEEL,2008
364013-2,GMC,SIERRA 3500HD,CREW CAB (EXCLUDING 5.5FT OR 5.8FT BEDS) - DOES NOT FULLY REACH THE REAR WHEEL,2008
364045-2,GMC,SIERRA 1500,CREW CAB,2014
364045-2,GMC,SIERRA 2500,CREW CAB,2014
364045-2,GMC,SIERRA 3500,CREW CAB,2014
364009,CHEVROLET,SILVERADO 1500,EXTENDED CAB (EXCLUDING 5.5FT BEDS) - DOES NOT FULLY REACH THE REAR WHEEL,2006
364009,CHEVROLET,SILVERADO 2500,EXTENDED CAB (EXCLUDING 5.5FT BEDS) - DOES NOT FULLY REACH THE REAR WHEEL,2006
364009,CHEVROLET,SILVERADO 3500,EXTENDED CAB (EXCLUDING 5.5FT BEDS) - DOES NOT FULLY REACH THE REAR WHEEL,2006
364020,CHEVROLET,SILVERADO 1500,STANDARD CAB (SHORT BED),2006
364048,CHEVROLET,SILVERADO 1500,STANDARD CAB,2014
364048,CHEVROLET,SILVERADO 2500,STANDARD CAB,2014
364048,CHEVROLET,SILVERADO 3500,STANDARD CAB,2014
364013,CHEVROLET,SILVERADO 2500HD,CREW CAB (EXCLUDING 5.5FT OR 5.8FT BEDS) - DOES NOT FULLY REACH THE REAR WHEEL,2008
364013,CHEVROLET,SILVERADO 3500HD,CREW CAB (EXCLUDING 5.5FT OR 5.8FT BEDS) - DOES NOT FULLY REACH THE REAR WHEEL,2008
364045,CHEVROLET,SILVERADO 1500,CREW CAB,2014
364045,CHEVROLET,SILVERADO 2500,CREW CAB,2014
364045,CHEVROLET,SILVERADO 3500,CREW CAB,2014
364017,CHEVROLET,SILVERADO 2500HD,STANDARD CAB (LONG BED),2008
364017,CHEVROLET,SILVERADO 3500HD,STANDARD CAB (LONG BED),2008
363006,FORD,F-250,SUPER DUTY CREW CAB (FITS 6.5FT BEDS) - DOES NOT FULLY REACH THE REAR WHEEL,2006
363006,FORD,F-350,SUPER DUTY CREW CAB (FITS 6.5FT BEDS) - DOES NOT FULLY REACH THE REAR WHEEL,2006
364009,GMC,SIERRA 1500,EXTENDED CAB (EXCLUDING 5.5FT BEDS) - DOES NOT FULLY REACH THE REAR WHEEL,2006
364009,GMC,SIERRA 2500,EXTENDED CAB (EXCLUDING 5.5FT BEDS) - DOES NOT FULLY REACH THE REAR WHEEL,2006
364009,GMC,SIERRA 3500,EXTENDED CAB (EXCLUDING 5.5FT BEDS) - DOES NOT FULLY REACH THE REAR WHEEL,2006
364020,GMC,SIERRA 1500,STANDARD CAB (SHORT BED),2006
364048,GMC,SIERRA 1500,STANDARD CAB,2014
364048,GMC,SIERRA 2500,STANDARD CAB,2014
364048,GMC,SIERRA 3500,STANDARD CAB,2014
364013,GMC,SIERRA 2500HD,CREW CAB (EXCLUDING 5.5FT OR 5.8FT BEDS) - DOES NOT FULLY REACH THE REAR WHEEL,2008
364013,GMC,SIERRA 3500HD,CREW CAB (EXCLUDING 5.5FT OR 5.8FT BEDS) - DOES NOT FULLY REACH THE REAR WHEEL,2008
364045,GMC,SIERRA 1500,CREW CAB,2014
364045,GMC,SIERRA 2500,CREW CAB,2014
364045,GMC,SIERRA 3500,CREW CAB,2014
364017,GMC,SIERRA 2500HD,STANDARD CAB (LONG BED),2008
364017,GMC,SIERRA 3500HD,STANDARD CAB (LONG BED),2008
364009-2,CHEVROLET,SILVERADO 1500,EXTENDED CAB (EXCLUDING 5.5FT BEDS) - DOES NOT FULLY REACH THE REAR WHEEL,2007
364009-2,CHEVROLET,SILVERADO 2500,EXTENDED CAB (EXCLUDING 5.5FT BEDS) - DOES NOT FULLY REACH THE REAR WHEEL,2007
364009-2,CHEVROLET,SILVERADO 3500,EXTENDED CAB (EXCLUDING 5.5FT BEDS) - DOES NOT FULLY REACH THE REAR WHEEL,2007
364013-2,CHEVROLET,SILVERADO 2500HD,CREW CAB (EXCLUDING 5.5FT OR 5.8FT BEDS) - DOES NOT FULLY REACH THE REAR WHEEL,2009
364013-2,CHEVROLET,SILVERADO 3500HD,CREW CAB (EXCLUDING 5.5FT OR 5.8FT BEDS) - DOES NOT FULLY REACH THE REAR WHEEL,2009
364045-2,CHEVROLET,SILVERADO 1500,CREW CAB,2015
364045-2,CHEVROLET,SILVERADO 2500,CREW CAB,2015
364045-2,CHEVROLET,SILVERADO 3500,CREW CAB,2015
363006-2,FORD,F-250,SUPER DUTY CREW CAB (FITS 6.5FT BEDS) - DOES NOT FULLY REACH THE REAR WHEEL,2007
363006-2,FORD,F-350,SUPER DUTY CREW CAB (FITS 6.5FT BEDS) - DOES NOT FULLY REACH THE REAR WHEEL,2007
364009-2,GMC,SIERRA 1500,EXTENDED CAB (EXCLUDING 5.5FT BEDS) - DOES NOT FULLY REACH THE REAR WHEEL,2007
364009-2,GMC,SIERRA 2500,EXTENDED CAB (EXCLUDING 5.5FT BEDS) - DOES NOT FULLY REACH THE REAR WHEEL,2007
364009-2,GMC,SIERRA 3500,EXTENDED CAB (EXCLUDING 5.5FT BEDS) - DOES NOT FULLY REACH THE REAR WHEEL,2007
364013-2,GMC,SIERRA 2500HD,CREW CAB (EXCLUDING 5.5FT OR 5.8FT BEDS) - DOES NOT FULLY REACH THE REAR WHEEL,2009
364013-2,GMC,SIERRA 3500HD,CREW CAB (EXCLUDING 5.5FT OR 5.8FT BEDS) - DOES NOT FULLY REACH THE REAR WHEEL,2009
364045-2,GMC,SIERRA 1500,CREW CAB,2015
364045-2,GMC,SIERRA 2500,CREW CAB,2015
364045-2,GMC,SIERRA 3500,CREW CAB,2015
364009,CHEVROLET,SILVERADO 1500,EXTENDED CAB (EXCLUDING 5.5FT BEDS) - DOES NOT FULLY REACH THE REAR WHEEL,2007
364009,CHEVROLET,SILVERADO 2500,EXTENDED CAB (EXCLUDING 5.5FT BEDS) - DOES NOT FULLY REACH THE REAR WHEEL,2007
364009,CHEVROLET,SILVERADO 3500,EXTENDED CAB (EXCLUDING 5.5FT BEDS) - DOES NOT FULLY REACH THE REAR WHEEL,2007
364020,CHEVROLET,SILVERADO 1500,STANDARD CAB (SHORT BED),2007
364048,CHEVROLET,SILVERADO 1500,STANDARD CAB,2015
364048,CHEVROLET,SILVERADO 2500,STANDARD CAB,2015
364048,CHEVROLET,SILVERADO 3500,STANDARD CAB,2015
364013,CHEVROLET,SILVERADO 2500HD,CREW CAB (EXCLUDING 5.5FT OR 5.8FT BEDS) - DOES NOT FULLY REACH THE REAR WHEEL,2009
364013,CHEVROLET,SILVERADO 3500HD,CREW CAB (EXCLUDING 5.5FT OR 5.8FT BEDS) - DOES NOT FULLY REACH THE REAR WHEEL,2009
364045,CHEVROLET,SILVERADO 1500,CREW CAB,2015
364045,CHEVROLET,SILVERADO 2500,CREW CAB,2015
364045,CHEVROLET,SILVERADO 3500,CREW CAB,2015
364017,CHEVROLET,SILVERADO 2500HD,STANDARD CAB (LONG BED),2009
364017,CHEVROLET,SILVERADO 3500HD,STANDARD CAB (LONG BED),2009
363006,FORD,F-250,SUPER DUTY CREW CAB (FITS 6.5FT BEDS) - DOES NOT FULLY REACH THE REAR WHEEL,2007
363006,FORD,F-350,SUPER DUTY CREW CAB (FITS 6.5FT BEDS) - DOES NOT FULLY REACH THE REAR WHEEL,2007
364009,GMC,SIERRA 1500,EXTENDED CAB (EXCLUDING 5.5FT BEDS) - DOES NOT FULLY REACH THE REAR WHEEL,2007
364009,GMC,SIERRA 2500,EXTENDED CAB (EXCLUDING 5.5FT BEDS) - DOES NOT FULLY REACH THE REAR WHEEL,2007
364009,GMC,SIERRA 3500,EXTENDED CAB (EXCLUDING 5.5FT BEDS) - DOES NOT FULLY REACH THE REAR WHEEL,2007
364020,GMC,SIERRA 1500,STANDARD CAB (SHORT BED),2007
364048,GMC,SIERRA 1500,STANDARD CAB,2015
364048,GMC,SIERRA 2500,STANDARD CAB,2015
364048,GMC,SIERRA 3500,STANDARD CAB,2015
364013,GMC,SIERRA 2500HD,CREW CAB (EXCLUDING 5.5FT OR 5.8FT BEDS) - DOES NOT FULLY REACH THE REAR WHEEL,2009
364013,GMC,SIERRA 3500HD,CREW CAB (EXCLUDING 5.5FT OR 5.8FT BEDS) - DOES NOT FULLY REACH THE REAR WHEEL,2009
364045,GMC,SIERRA 1500,CREW CAB,2015
364045,GMC,SIERRA 2500,CREW CAB,2015
364045,GMC,SIERRA 3500,CREW CAB,2015
364017,GMC,SIERRA 2500HD,STANDARD CAB (LONG BED),2009
364017,GMC,SIERRA 3500HD,STANDARD CAB (LONG BED),2009
364009-2,CHEVROLET,SILVERADO 1500,EXTENDED CAB (EXCLUDING 5.5FT BEDS) - DOES NOT FULLY REACH THE REAR WHEEL,2008
364009-2,CHEVROLET,SILVERADO 2500,EXTENDED CAB (EXCLUDING 5.5FT BEDS) - DOES NOT FULLY REACH THE REAR WHEEL,2008
364009-2,CHEVROLET,SILVERADO 3500,EXTENDED CAB (EXCLUDING 5.5FT BEDS) - DOES NOT FULLY REACH THE REAR WHEEL,2008
364013-2,CHEVROLET,SILVERADO 2500HD,CREW CAB (EXCLUDING 5.5FT OR 5.8FT BEDS) - DOES NOT FULLY REACH THE REAR WHEEL,2010
364013-2,CHEVROLET,SILVERADO 3500HD,CREW CAB (EXCLUDING 5.5FT OR 5.8FT BEDS) - DOES NOT FULLY REACH THE REAR WHEEL,2010
363006-2,FORD,F-250,SUPER DUTY CREW CAB (FITS 6.5FT BEDS) - DOES NOT FULLY REACH THE REAR WHEEL,2008
363006-2,FORD,F-350,SUPER DUTY CREW CAB (FITS 6.5FT BEDS) - DOES NOT FULLY REACH THE REAR WHEEL,2008
364009-2,GMC,SIERRA 1500,EXTENDED CAB (EXCLUDING 5.5FT BEDS) - DOES NOT FULLY REACH THE REAR WHEEL,2008
364009-2,GMC,SIERRA 2500,EXTENDED CAB (EXCLUDING 5.5FT BEDS) - DOES NOT FULLY REACH THE REAR WHEEL,2008
364009-2,GMC,SIERRA 3500,EXTENDED CAB (EXCLUDING 5.5FT BEDS) - DOES NOT FULLY REACH THE REAR WHEEL,2008
364013-2,GMC,SIERRA 2500HD,CREW CAB (EXCLUDING 5.5FT OR 5.8FT BEDS) - DOES NOT FULLY REACH THE REAR WHEEL,2010
364013-2,GMC,SIERRA 3500HD,CREW CAB (EXCLUDING 5.5FT OR 5.8FT BEDS) - DOES NOT FULLY REACH THE REAR WHEEL,2010
364009,CHEVROLET,SILVERADO 1500,EXTENDED CAB (EXCLUDING 5.5FT BEDS) - DOES NOT FULLY REACH THE REAR WHEEL,2008
364009,CHEVROLET,SILVERADO 2500,EXTENDED CAB (EXCLUDING 5.5FT BEDS) - DOES NOT FULLY REACH THE REAR WHEEL,2008
364009,CHEVROLET,SILVERADO 3500,EXTENDED CAB (EXCLUDING 5.5FT BEDS) - DOES NOT FULLY REACH THE REAR WHEEL,2008
364020,CHEVROLET,SILVERADO 1500,STANDARD CAB (SHORT BED),2008
364013,CHEVROLET,SILVERADO 2500HD,CREW CAB (EXCLUDING 5.5FT OR 5.8FT BEDS) - DOES NOT FULLY REACH THE REAR WHEEL,2010
364013,CHEVROLET,SILVERADO 3500HD,CREW CAB (EXCLUDING 5.5FT OR 5.8FT BEDS) - DOES NOT FULLY REACH THE REAR WHEEL,2010
364017,CHEVROLET,SILVERADO 2500HD,STANDARD CAB (LONG BED),2010
364017,CHEVROLET,SILVERADO 3500HD,STANDARD CAB (LONG BED),2010
363006,FORD,F-250,SUPER DUTY CREW CAB (FITS 6.5FT BEDS) - DOES NOT FULLY REACH THE REAR WHEEL,2008
363006,FORD,F-350,SUPER DUTY CREW CAB (FITS 6.5FT BEDS) - DOES NOT FULLY REACH THE REAR WHEEL,2008
364009,GMC,SIERRA 1500,EXTENDED CAB (EXCLUDING 5.5FT BEDS) - DOES NOT FULLY REACH THE REAR WHEEL,2008
364009,GMC,SIERRA 2500,EXTENDED CAB (EXCLUDING 5.5FT BEDS) - DOES NOT FULLY REACH THE REAR WHEEL,2008
364009,GMC,SIERRA 3500,EXTENDED CAB (EXCLUDING 5.5FT BEDS) - DOES NOT FULLY REACH THE REAR WHEEL,2008
364020,GMC,SIERRA 1500,STANDARD CAB (SHORT BED),2008
364013,GMC,SIERRA 2500HD,CREW CAB (EXCLUDING 5.5FT OR 5.8FT BEDS) - DOES NOT FULLY REACH THE REAR WHEEL,2010
364013,GMC,SIERRA 3500HD,CREW CAB (EXCLUDING 5.5FT OR 5.8FT BEDS) - DOES NOT FULLY REACH THE REAR WHEEL,2010
364017,GMC,SIERRA 2500HD,STANDARD CAB (LONG BED),2010
364017,GMC,SIERRA 3500HD,STANDARD CAB (LONG BED),2010
364009-2,CHEVROLET,SILVERADO 1500,EXTENDED CAB (EXCLUDING 5.5FT BEDS) - DOES NOT FULLY REACH THE REAR WHEEL,2009
364009-2,CHEVROLET,SILVERADO 2500,EXTENDED CAB (EXCLUDING 5.5FT BEDS) - DOES NOT FULLY REACH THE REAR WHEEL,2009
364009-2,CHEVROLET,SILVERADO 3500,EXTENDED CAB (EXCLUDING 5.5FT BEDS) - DOES NOT FULLY REACH THE REAR WHEEL,2009
364013-2,CHEVROLET,SILVERADO 2500HD,CREW CAB (EXCLUDING 5.5FT OR 5.8FT BEDS) - DOES NOT FULLY REACH THE REAR WHEEL,2011
364013-2,CHEVROLET,SILVERADO 3500HD,CREW CAB (EXCLUDING 5.5FT OR 5.8FT BEDS) - DOES NOT FULLY REACH THE REAR WHEEL,2011
363006-2,FORD,F-250,SUPER DUTY CREW CAB (FITS 6.5FT BEDS) - DOES NOT FULLY REACH THE REAR WHEEL,2009
363006-2,FORD,F-350,SUPER DUTY CREW CAB (FITS 6.5FT BEDS) - DOES NOT FULLY REACH THE REAR WHEEL,2009
364009-2,GMC,SIERRA 1500,EXTENDED CAB (EXCLUDING 5.5FT BEDS) - DOES NOT FULLY REACH THE REAR WHEEL,2009
364009-2,GMC,SIERRA 2500,EXTENDED CAB (EXCLUDING 5.5FT BEDS) - DOES NOT FULLY REACH THE REAR WHEEL,2009
364009-2,GMC,SIERRA 3500,EXTENDED CAB (EXCLUDING 5.5FT BEDS) - DOES NOT FULLY REACH THE REAR WHEEL,2009
364013-2,GMC,SIERRA 2500HD,CREW CAB (EXCLUDING 5.5FT OR 5.8FT BEDS) - DOES NOT FULLY REACH THE REAR WHEEL,2011
364013-2,GMC,SIERRA 3500HD,CREW CAB (EXCLUDING 5.5FT OR 5.8FT BEDS) - DOES NOT FULLY REACH THE REAR WHEEL,2011
364009,CHEVROLET,SILVERADO 1500,EXTENDED CAB (EXCLUDING 5.5FT BEDS) - DOES NOT FULLY REACH THE REAR WHEEL,2009
364009,CHEVROLET,SILVERADO 2500,EXTENDED CAB (EXCLUDING 5.5FT BEDS) - DOES NOT FULLY REACH THE REAR WHEEL,2009
364009,CHEVROLET,SILVERADO 3500,EXTENDED CAB (EXCLUDING 5.5FT BEDS) - DOES NOT FULLY REACH THE REAR WHEEL,2009
364020,CHEVROLET,SILVERADO 1500,STANDARD CAB (SHORT BED),2009
364013,CHEVROLET,SILVERADO 2500HD,CREW CAB (EXCLUDING 5.5FT OR 5.8FT BEDS) - DOES NOT FULLY REACH THE REAR WHEEL,2011
364013,CHEVROLET,SILVERADO 3500HD,CREW CAB (EXCLUDING 5.5FT OR 5.8FT BEDS) - DOES NOT FULLY REACH THE REAR WHEEL,2011
364017,CHEVROLET,SILVERADO 2500HD,STANDARD CAB (LONG BED),2011
364017,CHEVROLET,SILVERADO 3500HD,STANDARD CAB (LONG BED),2011
363006,FORD,F-250,SUPER DUTY CREW CAB (FITS 6.5FT BEDS) - DOES NOT FULLY REACH THE REAR WHEEL,2009
363006,FORD,F-350,SUPER DUTY CREW CAB (FITS 6.5FT BEDS) - DOES NOT FULLY REACH THE REAR WHEEL,2009
364009,GMC,SIERRA 1500,EXTENDED CAB (EXCLUDING 5.5FT BEDS) - DOES NOT FULLY REACH THE REAR WHEEL,2009
364009,GMC,SIERRA 2500,EXTENDED CAB (EXCLUDING 5.5FT BEDS) - DOES NOT FULLY REACH THE REAR WHEEL,2009
364009,GMC,SIERRA 3500,EXTENDED CAB (EXCLUDING 5.5FT BEDS) - DOES NOT FULLY REACH THE REAR WHEEL,2009
364020,GMC,SIERRA 1500,STANDARD CAB (SHORT BED),2009
364013,GMC,SIERRA 2500HD,CREW CAB (EXCLUDING 5.5FT OR 5.8FT BEDS) - DOES NOT FULLY REACH THE REAR WHEEL,2011
364013,GMC,SIERRA 3500HD,CREW CAB (EXCLUDING 5.5FT OR 5.8FT BEDS) - DOES NOT FULLY REACH THE REAR WHEEL,2011
364017,GMC,SIERRA 2500HD,STANDARD CAB (LONG BED),2011
364017,GMC,SIERRA 3500HD,STANDARD CAB (LONG BED),2011
364009-2,CHEVROLET,SILVERADO 1500,EXTENDED CAB (EXCLUDING 5.5FT BEDS) - DOES NOT FULLY REACH THE REAR WHEEL,2010
364009-2,CHEVROLET,SILVERADO 2500,EXTENDED CAB (EXCLUDING 5.5FT BEDS) - DOES NOT FULLY REACH THE REAR WHEEL,2010
364009-2,CHEVROLET,SILVERADO 3500,EXTENDED CAB (EXCLUDING 5.5FT BEDS) - DOES NOT FULLY REACH THE REAR WHEEL,2010
364013-2,CHEVROLET,SILVERADO 2500HD,CREW CAB (EXCLUDING 5.5FT OR 5.8FT BEDS) - DOES NOT FULLY REACH THE REAR WHEEL,2012
364013-2,CHEVROLET,SILVERADO 3500HD,CREW CAB (EXCLUDING 5.5FT OR 5.8FT BEDS) - DOES NOT FULLY REACH THE REAR WHEEL,2012
363006-2,FORD,F-250,SUPER DUTY CREW CAB (FITS 6.5FT BEDS) - DOES NOT FULLY REACH THE REAR WHEEL,2010
363006-2,FORD,F-350,SUPER DUTY CREW CAB (FITS 6.5FT BEDS) - DOES NOT FULLY REACH THE REAR WHEEL,2010
364009-2,GMC,SIERRA 1500,EXTENDED CAB (EXCLUDING 5.5FT BEDS) - DOES NOT FULLY REACH THE REAR WHEEL,2010
364009-2,GMC,SIERRA 2500,EXTENDED CAB (EXCLUDING 5.5FT BEDS) - DOES NOT FULLY REACH THE REAR WHEEL,2010
364009-2,GMC,SIERRA 3500,EXTENDED CAB (EXCLUDING 5.5FT BEDS) - DOES NOT FULLY REACH THE REAR WHEEL,2010
364013-2,GMC,SIERRA 2500HD,CREW CAB (EXCLUDING 5.5FT OR 5.8FT BEDS) - DOES NOT FULLY REACH THE REAR WHEEL,2012
364013-2,GMC,SIERRA 3500HD,CREW CAB (EXCLUDING 5.5FT OR 5.8FT BEDS) - DOES NOT FULLY REACH THE REAR WHEEL,2012
364009,CHEVROLET,SILVERADO 1500,EXTENDED CAB (EXCLUDING 5.5FT BEDS) - DOES NOT FULLY REACH THE REAR WHEEL,2010
364009,CHEVROLET,SILVERADO 2500,EXTENDED CAB (EXCLUDING 5.5FT BEDS) - DOES NOT FULLY REACH THE REAR WHEEL,2010
364009,CHEVROLET,SILVERADO 3500,EXTENDED CAB (EXCLUDING 5.5FT BEDS) - DOES NOT FULLY REACH THE REAR WHEEL,2010
364020,CHEVROLET,SILVERADO 1500,STANDARD CAB (SHORT BED),2010
364013,CHEVROLET,SILVERADO 2500HD,CREW CAB (EXCLUDING 5.5FT OR 5.8FT BEDS) - DOES NOT FULLY REACH THE REAR WHEEL,2012
364013,CHEVROLET,SILVERADO 3500HD,CREW CAB (EXCLUDING 5.5FT OR 5.8FT BEDS) - DOES NOT FULLY REACH THE REAR WHEEL,2012
364017,CHEVROLET,SILVERADO 2500HD,STANDARD CAB (LONG BED),2012
364017,CHEVROLET,SILVERADO 3500HD,STANDARD CAB (LONG BED),2012
363006,FORD,F-250,SUPER DUTY CREW CAB (FITS 6.5FT BEDS) - DOES NOT FULLY REACH THE REAR WHEEL,2010
363006,FORD,F-350,SUPER DUTY CREW CAB (FITS 6.5FT BEDS) - DOES NOT FULLY REACH THE REAR WHEEL,2010
364009,GMC,SIERRA 1500,EXTENDED CAB (EXCLUDING 5.5FT BEDS) - DOES NOT FULLY REACH THE REAR WHEEL,2010
364009,GMC,SIERRA 2500,EXTENDED CAB (EXCLUDING 5.5FT BEDS) - DOES NOT FULLY REACH THE REAR WHEEL,2010
364009,GMC,SIERRA 3500,EXTENDED CAB (EXCLUDING 5.5FT BEDS) - DOES NOT FULLY REACH THE REAR WHEEL,2010
364020,GMC,SIERRA 1500,STANDARD CAB (SHORT BED),2010
364013,GMC,SIERRA 2500HD,CREW CAB (EXCLUDING 5.5FT OR 5.8FT BEDS) - DOES NOT FULLY REACH THE REAR WHEEL,2012
364013,GMC,SIERRA 3500HD,CREW CAB (EXCLUDING 5.5FT OR 5.8FT BEDS) - DOES NOT FULLY REACH THE REAR WHEEL,2012
364017,GMC,SIERRA 2500HD,STANDARD CAB (LONG BED),2012
364017,GMC,SIERRA 3500HD,STANDARD CAB (LONG BED),2012
364009-2,CHEVROLET,SILVERADO 1500,EXTENDED CAB (EXCLUDING 5.5FT BEDS) - DOES NOT FULLY REACH THE REAR WHEEL,2011
364009-2,CHEVROLET,SILVERADO 2500,EXTENDED CAB (EXCLUDING 5.5FT BEDS) - DOES NOT FULLY REACH THE REAR WHEEL,2011
364009-2,CHEVROLET,SILVERADO 3500,EXTENDED CAB (EXCLUDING 5.5FT BEDS) - DOES NOT FULLY REACH THE REAR WHEEL,2011
364013-2,CHEVROLET,SILVERADO 2500HD,CREW CAB (EXCLUDING 5.5FT OR 5.8FT BEDS) - DOES NOT FULLY REACH THE REAR WHEEL,2013
364013-2,CHEVROLET,SILVERADO 3500HD,CREW CAB (EXCLUDING 5.5FT OR 5.8FT BEDS) - DOES NOT FULLY REACH THE REAR WHEEL,2013
363006-2,FORD,F-250,SUPER DUTY CREW CAB (FITS 6.5FT BEDS) - DOES NOT FULLY REACH THE REAR WHEEL,2011
363006-2,FORD,F-350,SUPER DUTY CREW CAB (FITS 6.5FT BEDS) - DOES NOT FULLY REACH THE REAR WHEEL,2011
364009-2,GMC,SIERRA 1500,EXTENDED CAB (EXCLUDING 5.5FT BEDS) - DOES NOT FULLY REACH THE REAR WHEEL,2011
364009-2,GMC,SIERRA 2500,EXTENDED CAB (EXCLUDING 5.5FT BEDS) - DOES NOT FULLY REACH THE REAR WHEEL,2011
364009-2,GMC,SIERRA 3500,EXTENDED CAB (EXCLUDING 5.5FT BEDS) - DOES NOT FULLY REACH THE REAR WHEEL,2011
364013-2,GMC,SIERRA 2500HD,CREW CAB (EXCLUDING 5.5FT OR 5.8FT BEDS) - DOES NOT FULLY REACH THE REAR WHEEL,2013
364013-2,GMC,SIERRA 3500HD,CREW CAB (EXCLUDING 5.5FT OR 5.8FT BEDS) - DOES NOT FULLY REACH THE REAR WHEEL,2013
364009,CHEVROLET,SILVERADO 1500,EXTENDED CAB (EXCLUDING 5.5FT BEDS) - DOES NOT FULLY REACH THE REAR WHEEL,2011
364009,CHEVROLET,SILVERADO 2500,EXTENDED CAB (EXCLUDING 5.5FT BEDS) - DOES NOT FULLY REACH THE REAR WHEEL,2011
364009,CHEVROLET,SILVERADO 3500,EXTENDED CAB (EXCLUDING 5.5FT BEDS) - DOES NOT FULLY REACH THE REAR WHEEL,2011
364020,CHEVROLET,SILVERADO 1500,STANDARD CAB (SHORT BED),2011
364013,CHEVROLET,SILVERADO 2500HD,CREW CAB (EXCLUDING 5.5FT OR 5.8FT BEDS) - DOES NOT FULLY REACH THE REAR WHEEL,2013
364013,CHEVROLET,SILVERADO 3500HD,CREW CAB (EXCLUDING 5.5FT OR 5.8FT BEDS) - DOES NOT FULLY REACH THE REAR WHEEL,2013
364017,CHEVROLET,SILVERADO 2500HD,STANDARD CAB (LONG BED),2013
364017,CHEVROLET,SILVERADO 3500HD,STANDARD CAB (LONG BED),2013
363006,FORD,F-250,SUPER DUTY CREW CAB (FITS 6.5FT BEDS) - DOES NOT FULLY REACH THE REAR WHEEL,2011
363006,FORD,F-350,SUPER DUTY CREW CAB (FITS 6.5FT BEDS) - DOES NOT FULLY REACH THE REAR WHEEL,2011
364009,GMC,SIERRA 1500,EXTENDED CAB (EXCLUDING 5.5FT BEDS) - DOES NOT FULLY REACH THE REAR WHEEL,2011
364009,GMC,SIERRA 2500,EXTENDED CAB (EXCLUDING 5.5FT BEDS) - DOES NOT FULLY REACH THE REAR WHEEL,2011
364009,GMC,SIERRA 3500,EXTENDED CAB (EXCLUDING 5.5FT BEDS) - DOES NOT FULLY REACH THE REAR WHEEL,2011
364020,GMC,SIERRA 1500,STANDARD CAB (SHORT BED),2011
364013,GMC,SIERRA 2500HD,CREW CAB (EXCLUDING 5.5FT OR 5.8FT BEDS) - DOES NOT FULLY REACH THE REAR WHEEL,2013
364013,GMC,SIERRA 3500HD,CREW CAB (EXCLUDING 5.5FT OR 5.8FT BEDS) - DOES NOT FULLY REACH THE REAR WHEEL,2013
364017,GMC,SIERRA 2500HD,STANDARD CAB (LONG BED),2013
364017,GMC,SIERRA 3500HD,STANDARD CAB (LONG BED),2013
364009-2,CHEVROLET,SILVERADO 1500,EXTENDED CAB (EXCLUDING 5.5FT BEDS) - DOES NOT FULLY REACH THE REAR WHEEL,2012
364009-2,CHEVROLET,SILVERADO 2500,EXTENDED CAB (EXCLUDING 5.5FT BEDS) - DOES NOT FULLY REACH THE REAR WHEEL,2012
364009-2,CHEVROLET,SILVERADO 3500,EXTENDED CAB (EXCLUDING 5.5FT BEDS) - DOES NOT FULLY REACH THE REAR WHEEL,2012
364013-2,CHEVROLET,SILVERADO 2500HD,CREW CAB (EXCLUDING 5.5FT OR 5.8FT BEDS) - DOES NOT FULLY REACH THE REAR WHEEL,2014
364013-2,CHEVROLET,SILVERADO 3500HD,CREW CAB (EXCLUDING 5.5FT OR 5.8FT BEDS) - DOES NOT FULLY REACH THE REAR WHEEL,2014
363006-2,FORD,F-250,SUPER DUTY CREW CAB (FITS 6.5FT BEDS) - DOES NOT FULLY REACH THE REAR WHEEL,2012
363006-2,FORD,F-350,SUPER DUTY CREW CAB (FITS 6.5FT BEDS) - DOES NOT FULLY REACH THE REAR WHEEL,2012
364009-2,GMC,SIERRA 1500,EXTENDED CAB (EXCLUDING 5.5FT BEDS) - DOES NOT FULLY REACH THE REAR WHEEL,2012
364009-2,GMC,SIERRA 2500,EXTENDED CAB (EXCLUDING 5.5FT BEDS) - DOES NOT FULLY REACH THE REAR WHEEL,2012
364009-2,GMC,SIERRA 3500,EXTENDED CAB (EXCLUDING 5.5FT BEDS) - DOES NOT FULLY REACH THE REAR WHEEL,2012
364013-2,GMC,SIERRA 2500HD,CREW CAB (EXCLUDING 5.5FT OR 5.8FT BEDS) - DOES NOT FULLY REACH THE REAR WHEEL,2014
364013-2,GMC,SIERRA 3500HD,CREW CAB (EXCLUDING 5.5FT OR 5.8FT BEDS) - DOES NOT FULLY REACH THE REAR WHEEL,2014
364009,CHEVROLET,SILVERADO 1500,EXTENDED CAB (EXCLUDING 5.5FT BEDS) - DOES NOT FULLY REACH THE REAR WHEEL,2012
364009,CHEVROLET,SILVERADO 2500,EXTENDED CAB (EXCLUDING 5.5FT BEDS) - DOES NOT FULLY REACH THE REAR WHEEL,2012
364009,CHEVROLET,SILVERADO 3500,EXTENDED CAB (EXCLUDING 5.5FT BEDS) - DOES NOT FULLY REACH THE REAR WHEEL,2012
364020,CHEVROLET,SILVERADO 1500,STANDARD CAB (SHORT BED),2012
364013,CHEVROLET,SILVERADO 2500HD,CREW CAB (EXCLUDING 5.5FT OR 5.8FT BEDS) - DOES NOT FULLY REACH THE REAR WHEEL,2014
364013,CHEVROLET,SILVERADO 3500HD,CREW CAB (EXCLUDING 5.5FT OR 5.8FT BEDS) - DOES NOT FULLY REACH THE REAR WHEEL,2014
363006,FORD,F-250,SUPER DUTY CREW CAB (FITS 6.5FT BEDS) - DOES NOT FULLY REACH THE REAR WHEEL,2012
363006,FORD,F-350,SUPER DUTY CREW CAB (FITS 6.5FT BEDS) - DOES NOT FULLY REACH THE REAR WHEEL,2012
364009,GMC,SIERRA 1500,EXTENDED CAB (EXCLUDING 5.5FT BEDS) - DOES NOT FULLY REACH THE REAR WHEEL,2012
364009,GMC,SIERRA 2500,EXTENDED CAB (EXCLUDING 5.5FT BEDS) - DOES NOT FULLY REACH THE REAR WHEEL,2012
364009,GMC,SIERRA 3500,EXTENDED CAB (EXCLUDING 5.5FT BEDS) - DOES NOT FULLY REACH THE REAR WHEEL,2012
364020,GMC,SIERRA 1500,STANDARD CAB (SHORT BED),2012
364013,GMC,SIERRA 2500HD,CREW CAB (EXCLUDING 5.5FT OR 5.8FT BEDS) - DOES NOT FULLY REACH THE REAR WHEEL,2014
364013,GMC,SIERRA 3500HD,CREW CAB (EXCLUDING 5.5FT OR 5.8FT BEDS) - DOES NOT FULLY REACH THE REAR WHEEL,2014
364009-2,CHEVROLET,SILVERADO 1500,EXTENDED CAB (EXCLUDING 5.5FT BEDS) - DOES NOT FULLY REACH THE REAR WHEEL,2013
364009-2,CHEVROLET,SILVERADO 2500,EXTENDED CAB (EXCLUDING 5.5FT BEDS) - DOES NOT FULLY REACH THE REAR WHEEL,2013
364009-2,CHEVROLET,SILVERADO 3500,EXTENDED CAB (EXCLUDING 5.5FT BEDS) - DOES NOT FULLY REACH THE REAR WHEEL,2013
363006-2,FORD,F-250,SUPER DUTY CREW CAB (FITS 6.5FT BEDS) - DOES NOT FULLY REACH THE REAR WHEEL,2013
363006-2,FORD,F-350,SUPER DUTY CREW CAB (FITS 6.5FT BEDS) - DOES NOT FULLY REACH THE REAR WHEEL,2013
364009-2,GMC,SIERRA 1500,EXTENDED CAB (EXCLUDING 5.5FT BEDS) - DOES NOT FULLY REACH THE REAR WHEEL,2013
364009-2,GMC,SIERRA 2500,EXTENDED CAB (EXCLUDING 5.5FT BEDS) - DOES NOT FULLY REACH THE REAR WHEEL,2013
364009-2,GMC,SIERRA 3500,EXTENDED CAB (EXCLUDING 5.5FT BEDS) - DOES NOT FULLY REACH THE REAR WHEEL,2013
364009,CHEVROLET,SILVERADO 1500,EXTENDED CAB (EXCLUDING 5.5FT BEDS) - DOES NOT FULLY REACH THE REAR WHEEL,2013
364009,CHEVROLET,SILVERADO 2500,EXTENDED CAB (EXCLUDING 5.5FT BEDS) - DOES NOT FULLY REACH THE REAR WHEEL,2013
364009,CHEVROLET,SILVERADO 3500,EXTENDED CAB (EXCLUDING 5.5FT BEDS) - DOES NOT FULLY REACH THE REAR WHEEL,2013
364020,CHEVROLET,SILVERADO 1500,STANDARD CAB (SHORT BED),2013
363006,FORD,F-250,SUPER DUTY CREW CAB (FITS 6.5FT BEDS) - DOES NOT FULLY REACH THE REAR WHEEL,2013
363006,FORD,F-350,SUPER DUTY CREW CAB (FITS 6.5FT BEDS) - DOES NOT FULLY REACH THE REAR WHEEL,2013
364009,GMC,SIERRA 1500,EXTENDED CAB (EXCLUDING 5.5FT BEDS) - DOES NOT FULLY REACH THE REAR WHEEL,2013
364009,GMC,SIERRA 2500,EXTENDED CAB (EXCLUDING 5.5FT BEDS) - DOES NOT FULLY REACH THE REAR WHEEL,2013
364009,GMC,SIERRA 3500,EXTENDED CAB (EXCLUDING 5.5FT BEDS) - DOES NOT FULLY REACH THE REAR WHEEL,2013
364020,GMC,SIERRA 1500,STANDARD CAB (SHORT BED),2013
363006,FORD,F-250,SUPER DUTY CREW CAB (FITS 6.5FT BEDS) - DOES NOT FULLY REACH THE REAR WHEEL,2014
363006,FORD,F-350,SUPER DUTY CREW CAB (FITS 6.5FT BEDS) - DOES NOT FULLY REACH THE REAR WHEEL,2014
363006,FORD,F-250,SUPER DUTY CREW CAB (FITS 6.5FT BEDS) - DOES NOT FULLY REACH THE REAR WHEEL,2015
363006,FORD,F-350,SUPER DUTY CREW CAB (FITS 6.5FT BEDS) - DOES NOT FULLY REACH THE REAR WHEEL,2015