CHEVROLET,AVALANCHE 1500,WITH AND WITHOUT CLADDING,45-4001,2001
CHEVROLET,AVALANCHE 2500,ALL,45-4002,2001
CHEVROLET,SILVERADO 1500,ALL,45-4001,1999
CHEVROLET,SILVERADO 1500,CLASSIC ONLY,45-4001,2007
CHEVROLET,SILVERADO 1500,ALL,45-4005,2007
CHEVROLET,SILVERADO 1500,ALL,45-4012,2014
CHEVROLET,SILVERADO 2500LD,ALL,45-4002,1999
CHEVROLET,SILVERADO 1500HD,ALL,45-4002,2001
CHEVROLET,SILVERADO 2500HD,ALL,45-4002,2001
CHEVROLET,SILVERADO 3500HD,ALL,45-4002,2001
CHEVROLET,SILVERADO 1500HD,CLASSIC ONLY,45-4002,2007
CHEVROLET,SILVERADO 2500HD,CLASSIC ONLY,45-4002,2007
CHEVROLET,SILVERADO 3500HD,CLASSIC ONLY,45-4002,2007
CHEVROLET,SILVERADO 2500HD,ALL,45-4006,2007
CHEVROLET,SILVERADO 3500HD,ALL,45-4006,2007
CHEVROLET,SILVERADO 2500HD,ALL,45-4013,2011
CHEVROLET,SILVERADO 3500HD,ALL,45-4013,2011
CHEVROLET,SUBURBAN 1500,ALL,45-4001,2000
CHEVROLET,SUBURBAN 2500,ALL,45-4002,2000
CHEVROLET,TAHOE,ALL,45-4001,2000
CHEVROLET,TAHOE 2500,ALL,45-4002,2000
DODGE,RAM,MEGA CAB,45-5006,2006
DODGE,RAM,MEGA CAB,45-5006,2010
DODGE,RAM 1500,QUAD CAB,45-5006,2002
DODGE,RAM 1500,ALL,45-5005,2009
DODGE,RAM 2500,QUAD CAB,45-5006,2003
DODGE,RAM 3500,QUAD CAB,45-5006,2003
DODGE,RAM 2500,CREW CAB,45-5006,2010
DODGE,RAM 3500,CREW CAB,45-5006,2010
FORD,EXCURSION,ALL,45-3001,2000
FORD,F-150,ALL,45-3007,2004
FORD,F-250,SUPER DUTY,45-3001,1999
FORD,F-350,SUPER DUTY,45-3001,1999
FORD,F-250,SUPER DUTY,45-3006,2008
FORD,F-350,SUPER DUTY,45-3006,2008
FORD,F-350,SUPER DUTY,45-3012,2011
FORD,F-450,SUPER DUTY,45-3012,2011
FORD,F-550,SUPER DUTY,45-3012,2011
GMC,SIERRA 1500,ALL,45-4001,1999
GMC,SIERRA 1500,CLASSIC ONLY,45-4001,2007
GMC,SIERRA 1500,ALL,45-4005,2007
GMC,SIERRA 1500,ALL,45-4012,2014
GMC,SIERRA 2500LD,ALL,45-4002,1999
GMC,SIERRA 1500HD,ALL,45-4002,2001
GMC,SIERRA 2500HD,ALL,45-4002,2001
GMC,SIERRA 3500HD,ALL,45-4002,2001
GMC,SIERRA 1500HD,CLASSIC ONLY,45-4002,2007
GMC,SIERRA 2500HD,CLASSIC ONLY,45-4002,2007
GMC,SIERRA 3500HD,CLASSIC ONLY,45-4002,2007
GMC,SIERRA 2500HD,ALL,45-4006,2007
GMC,SIERRA 3500HD,ALL,45-4006,2007
GMC,SIERRA 2500HD,ALL,45-4013,2011
GMC,SIERRA 3500HD,ALL,45-4013,2011
GMC,YUKON,ALL,45-4001,2000
GMC,YUKON XL 1500,ALL,45-4001,2000
GMC,YUKON XL 2500LD,ALL,45-4002,2000
TOYOTA,SEQUOIA,ALL,45-2004,2008
TOYOTA,TUNDRA,ALL,45-2004,2007
CHEVROLET,AVALANCHE 1500,WITH AND WITHOUT CLADDING,AL45-4001,2001
CHEVROLET,AVALANCHE 2500,ALL,AL45-4002,2001
CHEVROLET,SILVERADO 1500,ALL,AL45-4001,1999
CHEVROLET,SILVERADO 1500,CLASSIC ONLY,AL45-4001,2007
CHEVROLET,SILVERADO 1500,ALL,AL45-4005,2007
CHEVROLET,SILVERADO 1500,ALL,AL45-4012,2014
CHEVROLET,SILVERADO 2500LD,ALL,AL45-4002,1999
CHEVROLET,SILVERADO 1500HD,ALL,AL45-4002,2001
CHEVROLET,SILVERADO 2500HD,ALL,AL45-4002,2001
CHEVROLET,SILVERADO 3500HD,ALL,AL45-4002,2001
CHEVROLET,SILVERADO 1500HD,CLASSIC ONLY,AL45-4002,2007
CHEVROLET,SILVERADO 2500HD,CLASSIC ONLY,AL45-4002,2007
CHEVROLET,SILVERADO 3500HD,CLASSIC ONLY,AL45-4002,2007
CHEVROLET,SILVERADO 2500HD,ALL,AL45-4006,2007
CHEVROLET,SILVERADO 3500HD,ALL,AL45-4006,2007
CHEVROLET,SILVERADO 2500HD,ALL,AL45-4013,2011
CHEVROLET,SILVERADO 3500HD,ALL,AL45-4013,2011
CHEVROLET,SUBURBAN 1500,ALL,AL45-4001,2000
CHEVROLET,SUBURBAN 2500,ALL,AL45-4002,2000
CHEVROLET,TAHOE,ALL,AL45-4001,2000
CHEVROLET,TAHOE 2500,ALL,AL45-4002,2000
DODGE,RAM,MEGA CAB,AL45-5006,2006
DODGE,RAM,MEGA CAB,AL45-5006,2010
DODGE,RAM 1500,QUAD CAB,AL45-5006,2002
DODGE,RAM 1500,ALL,AL45-5005,2009
DODGE,RAM 2500,QUAD CAB,AL45-5006,2003
DODGE,RAM 3500,QUAD CAB,AL45-5006,2003
DODGE,RAM 2500,CREW CAB,AL45-5006,2010
DODGE,RAM 3500,CREW CAB,AL45-5006,2010
FORD,EXCURSION,ALL,AL45-3001,2000
FORD,F-150,ALL,AL45-3007,2004
FORD,F-250,SUPER DUTY,AL45-3001,1999
FORD,F-350,SUPER DUTY,AL45-3001,1999
FORD,F-250,SUPER DUTY,AL45-3006,2008
FORD,F-350,SUPER DUTY,AL45-3006,2008
FORD,F-350,SUPER DUTY,AL45-3012,2011
FORD,F-450,SUPER DUTY,AL45-3012,2011
FORD,F-550,SUPER DUTY,AL45-3012,2011
GMC,SIERRA 1500,ALL,AL45-4001,1999
GMC,SIERRA 1500,CLASSIC ONLY,AL45-4001,2007
GMC,SIERRA 1500,ALL,AL45-4005,2007
GMC,SIERRA 1500,ALL,AL45-4012,2014
GMC,SIERRA 2500LD,ALL,AL45-4002,1999
GMC,SIERRA 1500HD,ALL,AL45-4002,2001
GMC,SIERRA 2500HD,ALL,AL45-4002,2001
GMC,SIERRA 3500HD,ALL,AL45-4002,2001
GMC,SIERRA 1500HD,CLASSIC ONLY,AL45-4002,2007
GMC,SIERRA 2500HD,CLASSIC ONLY,AL45-4002,2007
GMC,SIERRA 3500HD,CLASSIC ONLY,AL45-4002,2007
GMC,SIERRA 2500HD,ALL,AL45-4006,2007
GMC,SIERRA 3500HD,ALL,AL45-4006,2007
GMC,SIERRA 2500HD,ALL,AL45-4013,2011
GMC,SIERRA 3500HD,ALL,AL45-4013,2011
GMC,YUKON,ALL,AL45-4001,2000
GMC,YUKON XL 1500,ALL,AL45-4001,2000
GMC,YUKON XL 2500LD,ALL,AL45-4002,2000
NISSAN,TITAN,ALL,AL45-9001,2004
TOYOTA,SEQUOIA,ALL,AL45-2004,2008
TOYOTA,TUNDRA,ALL,AL45-2004,2007
CHEVROLET,AVALANCHE 1500,WITH AND WITHOUT CLADDING,45-4001,2002
CHEVROLET,AVALANCHE 2500,ALL,45-4002,2002
CHEVROLET,SILVERADO 1500,ALL,45-4001,2000
CHEVROLET,SILVERADO 1500,CLASSIC ONLY,45-4001,
CHEVROLET,SILVERADO 1500,ALL,45-4005,2008
CHEVROLET,SILVERADO 1500,ALL,45-4012,2015
CHEVROLET,SILVERADO 2500LD,ALL,45-4002,2000
CHEVROLET,SILVERADO 1500HD,ALL,45-4002,2002
CHEVROLET,SILVERADO 2500HD,ALL,45-4002,2002
CHEVROLET,SILVERADO 3500HD,ALL,45-4002,2002
CHEVROLET,SILVERADO 1500HD,CLASSIC ONLY,45-4002,
CHEVROLET,SILVERADO 2500HD,CLASSIC ONLY,45-4002,
CHEVROLET,SILVERADO 3500HD,CLASSIC ONLY,45-4002,
CHEVROLET,SILVERADO 2500HD,ALL,45-4006,2008
CHEVROLET,SILVERADO 3500HD,ALL,45-4006,2008
CHEVROLET,SILVERADO 2500HD,ALL,45-4013,2012
CHEVROLET,SILVERADO 3500HD,ALL,45-4013,2012
CHEVROLET,SUBURBAN 1500,ALL,45-4001,2001
CHEVROLET,SUBURBAN 2500,ALL,45-4002,2001
CHEVROLET,TAHOE,ALL,45-4001,2001
CHEVROLET,TAHOE 2500,ALL,45-4002,2001
DODGE,RAM,MEGA CAB,45-5006,2007
DODGE,RAM,MEGA CAB,45-5006,2011
DODGE,RAM 1500,QUAD CAB,45-5006,2003
DODGE,RAM 1500,ALL,45-5005,2010
DODGE,RAM 2500,QUAD CAB,45-5006,2004
DODGE,RAM 3500,QUAD CAB,45-5006,2004
DODGE,RAM 2500,CREW CAB,45-5006,2011
DODGE,RAM 3500,CREW CAB,45-5006,2011
FORD,EXCURSION,ALL,45-3001,2001
FORD,F-150,ALL,45-3007,2005
FORD,F-250,SUPER DUTY,45-3001,2000
FORD,F-350,SUPER DUTY,45-3001,2000
FORD,F-250,SUPER DUTY,45-3006,2009
FORD,F-350,SUPER DUTY,45-3006,2009
FORD,F-350,SUPER DUTY,45-3012,2012
FORD,F-450,SUPER DUTY,45-3012,2012
FORD,F-550,SUPER DUTY,45-3012,2012
GMC,SIERRA 1500,ALL,45-4001,2000
GMC,SIERRA 1500,CLASSIC ONLY,45-4001,
GMC,SIERRA 1500,ALL,45-4005,2008
GMC,SIERRA 1500,ALL,45-4012,2015
GMC,SIERRA 2500LD,ALL,45-4002,2000
GMC,SIERRA 1500HD,ALL,45-4002,2002
GMC,SIERRA 2500HD,ALL,45-4002,2002
GMC,SIERRA 3500HD,ALL,45-4002,2002
GMC,SIERRA 1500HD,CLASSIC ONLY,45-4002,
GMC,SIERRA 2500HD,CLASSIC ONLY,45-4002,
GMC,SIERRA 3500HD,CLASSIC ONLY,45-4002,
GMC,SIERRA 2500HD,ALL,45-4006,2008
GMC,SIERRA 3500HD,ALL,45-4006,2008
GMC,SIERRA 2500HD,ALL,45-4013,2012
GMC,SIERRA 3500HD,ALL,45-4013,2012
GMC,YUKON,ALL,45-4001,2001
GMC,YUKON XL 1500,ALL,45-4001,2001
GMC,YUKON XL 2500LD,ALL,45-4002,2001
TOYOTA,SEQUOIA,ALL,45-2004,2009
TOYOTA,TUNDRA,ALL,45-2004,2008
CHEVROLET,AVALANCHE 1500,WITH AND WITHOUT CLADDING,AL45-4001,2002
CHEVROLET,AVALANCHE 2500,ALL,AL45-4002,2002
CHEVROLET,SILVERADO 1500,ALL,AL45-4001,2000
CHEVROLET,SILVERADO 1500,CLASSIC ONLY,AL45-4001,
CHEVROLET,SILVERADO 1500,ALL,AL45-4005,2008
CHEVROLET,SILVERADO 1500,ALL,AL45-4012,2015
CHEVROLET,SILVERADO 2500LD,ALL,AL45-4002,2000
CHEVROLET,SILVERADO 1500HD,ALL,AL45-4002,2002
CHEVROLET,SILVERADO 2500HD,ALL,AL45-4002,2002
CHEVROLET,SILVERADO 3500HD,ALL,AL45-4002,2002
CHEVROLET,SILVERADO 1500HD,CLASSIC ONLY,AL45-4002,
CHEVROLET,SILVERADO 2500HD,CLASSIC ONLY,AL45-4002,
CHEVROLET,SILVERADO 3500HD,CLASSIC ONLY,AL45-4002,
CHEVROLET,SILVERADO 2500HD,ALL,AL45-4006,2008
CHEVROLET,SILVERADO 3500HD,ALL,AL45-4006,2008
CHEVROLET,SILVERADO 2500HD,ALL,AL45-4013,2012
CHEVROLET,SILVERADO 3500HD,ALL,AL45-4013,2012
CHEVROLET,SUBURBAN 1500,ALL,AL45-4001,2001
CHEVROLET,SUBURBAN 2500,ALL,AL45-4002,2001
CHEVROLET,TAHOE,ALL,AL45-4001,2001
CHEVROLET,TAHOE 2500,ALL,AL45-4002,2001
DODGE,RAM,MEGA CAB,AL45-5006,2007
DODGE,RAM,MEGA CAB,AL45-5006,2011
DODGE,RAM 1500,QUAD CAB,AL45-5006,2003
DODGE,RAM 1500,ALL,AL45-5005,2010
DODGE,RAM 2500,QUAD CAB,AL45-5006,2004
DODGE,RAM 3500,QUAD CAB,AL45-5006,2004
DODGE,RAM 2500,CREW CAB,AL45-5006,2011
DODGE,RAM 3500,CREW CAB,AL45-5006,2011
FORD,EXCURSION,ALL,AL45-3001,2001
FORD,F-150,ALL,AL45-3007,2005
FORD,F-250,SUPER DUTY,AL45-3001,2000
FORD,F-350,SUPER DUTY,AL45-3001,2000
FORD,F-250,SUPER DUTY,AL45-3006,2009
FORD,F-350,SUPER DUTY,AL45-3006,2009
FORD,F-350,SUPER DUTY,AL45-3012,2012
FORD,F-450,SUPER DUTY,AL45-3012,2012
FORD,F-550,SUPER DUTY,AL45-3012,2012
GMC,SIERRA 1500,ALL,AL45-4001,2000
GMC,SIERRA 1500,CLASSIC ONLY,AL45-4001,
GMC,SIERRA 1500,ALL,AL45-4005,2008
GMC,SIERRA 1500,ALL,AL45-4012,2015
GMC,SIERRA 2500LD,ALL,AL45-4002,2000
GMC,SIERRA 1500HD,ALL,AL45-4002,2002
GMC,SIERRA 2500HD,ALL,AL45-4002,2002
GMC,SIERRA 3500HD,ALL,AL45-4002,2002
GMC,SIERRA 1500HD,CLASSIC ONLY,AL45-4002,
GMC,SIERRA 2500HD,CLASSIC ONLY,AL45-4002,
GMC,SIERRA 3500HD,CLASSIC ONLY,AL45-4002,
GMC,SIERRA 2500HD,ALL,AL45-4006,2008
GMC,SIERRA 3500HD,ALL,AL45-4006,2008
GMC,SIERRA 2500HD,ALL,AL45-4013,2012
GMC,SIERRA 3500HD,ALL,AL45-4013,2012
GMC,YUKON,ALL,AL45-4001,2001
GMC,YUKON XL 1500,ALL,AL45-4001,2001
GMC,YUKON XL 2500LD,ALL,AL45-4002,2001
NISSAN,TITAN,ALL,AL45-9001,2005
TOYOTA,SEQUOIA,ALL,AL45-2004,2009
TOYOTA,TUNDRA,ALL,AL45-2004,2008
CHEVROLET,AVALANCHE 1500,WITH AND WITHOUT CLADDING,45-4001,2003
CHEVROLET,AVALANCHE 2500,ALL,45-4002,2003
CHEVROLET,SILVERADO 1500,ALL,45-4001,2001
CHEVROLET,SILVERADO 1500,CLASSIC ONLY,45-4001,
CHEVROLET,SILVERADO 1500,ALL,45-4005,2009
CHEVROLET,SILVERADO 1500,ALL,45-4012,
CHEVROLET,SILVERADO 2500LD,ALL,45-4002,2001
CHEVROLET,SILVERADO 1500HD,ALL,45-4002,2003
CHEVROLET,SILVERADO 2500HD,ALL,45-4002,2003
CHEVROLET,SILVERADO 3500HD,ALL,45-4002,2003
CHEVROLET,SILVERADO 1500HD,CLASSIC ONLY,45-4002,
CHEVROLET,SILVERADO 2500HD,CLASSIC ONLY,45-4002,
CHEVROLET,SILVERADO 3500HD,CLASSIC ONLY,45-4002,
CHEVROLET,SILVERADO 2500HD,ALL,45-4006,2009
CHEVROLET,SILVERADO 3500HD,ALL,45-4006,2009
CHEVROLET,SILVERADO 2500HD,ALL,45-4013,2013
CHEVROLET,SILVERADO 3500HD,ALL,45-4013,2013
CHEVROLET,SUBURBAN 1500,ALL,45-4001,2002
CHEVROLET,SUBURBAN 2500,ALL,45-4002,2002
CHEVROLET,TAHOE,ALL,45-4001,2002
CHEVROLET,TAHOE 2500,ALL,45-4002,2002
DODGE,RAM,MEGA CAB,45-5006,2008
DODGE,RAM,MEGA CAB,45-5006,2012
DODGE,RAM 1500,QUAD CAB,45-5006,2004
DODGE,RAM 1500,ALL,45-5005,2011
DODGE,RAM 2500,QUAD CAB,45-5006,2005
DODGE,RAM 3500,QUAD CAB,45-5006,2005
DODGE,RAM 2500,CREW CAB,45-5006,2012
DODGE,RAM 3500,CREW CAB,45-5006,2012
FORD,EXCURSION,ALL,45-3001,2002
FORD,F-150,ALL,45-3007,2006
FORD,F-250,SUPER DUTY,45-3001,2001
FORD,F-350,SUPER DUTY,45-3001,2001
FORD,F-250,SUPER DUTY,45-3006,2010
FORD,F-350,SUPER DUTY,45-3006,2010
FORD,F-350,SUPER DUTY,45-3012,2013
FORD,F-450,SUPER DUTY,45-3012,2013
FORD,F-550,SUPER DUTY,45-3012,2013
GMC,SIERRA 1500,ALL,45-4001,2001
GMC,SIERRA 1500,CLASSIC ONLY,45-4001,
GMC,SIERRA 1500,ALL,45-4005,2009
GMC,SIERRA 1500,ALL,45-4012,
GMC,SIERRA 2500LD,ALL,45-4002,2001
GMC,SIERRA 1500HD,ALL,45-4002,2003
GMC,SIERRA 2500HD,ALL,45-4002,2003
GMC,SIERRA 3500HD,ALL,45-4002,2003
GMC,SIERRA 1500HD,CLASSIC ONLY,45-4002,
GMC,SIERRA 2500HD,CLASSIC ONLY,45-4002,
GMC,SIERRA 3500HD,CLASSIC ONLY,45-4002,
GMC,SIERRA 2500HD,ALL,45-4006,2009
GMC,SIERRA 3500HD,ALL,45-4006,2009
GMC,SIERRA 2500HD,ALL,45-4013,2013
GMC,SIERRA 3500HD,ALL,45-4013,2013
GMC,YUKON,ALL,45-4001,2002
GMC,YUKON XL 1500,ALL,45-4001,2002
GMC,YUKON XL 2500LD,ALL,45-4002,2002
TOYOTA,SEQUOIA,ALL,45-2004,2010
TOYOTA,TUNDRA,ALL,45-2004,2009
CHEVROLET,AVALANCHE 1500,WITH AND WITHOUT CLADDING,AL45-4001,2003
CHEVROLET,AVALANCHE 2500,ALL,AL45-4002,2003
CHEVROLET,SILVERADO 1500,ALL,AL45-4001,2001
CHEVROLET,SILVERADO 1500,CLASSIC ONLY,AL45-4001,
CHEVROLET,SILVERADO 1500,ALL,AL45-4005,2009
CHEVROLET,SILVERADO 1500,ALL,AL45-4012,
CHEVROLET,SILVERADO 2500LD,ALL,AL45-4002,2001
CHEVROLET,SILVERADO 1500HD,ALL,AL45-4002,2003
CHEVROLET,SILVERADO 2500HD,ALL,AL45-4002,2003
CHEVROLET,SILVERADO 3500HD,ALL,AL45-4002,2003
CHEVROLET,SILVERADO 1500HD,CLASSIC ONLY,AL45-4002,
CHEVROLET,SILVERADO 2500HD,CLASSIC ONLY,AL45-4002,
CHEVROLET,SILVERADO 3500HD,CLASSIC ONLY,AL45-4002,
CHEVROLET,SILVERADO 2500HD,ALL,AL45-4006,2009
CHEVROLET,SILVERADO 3500HD,ALL,AL45-4006,2009
CHEVROLET,SILVERADO 2500HD,ALL,AL45-4013,2013
CHEVROLET,SILVERADO 3500HD,ALL,AL45-4013,2013
CHEVROLET,SUBURBAN 1500,ALL,AL45-4001,2002
CHEVROLET,SUBURBAN 2500,ALL,AL45-4002,2002
CHEVROLET,TAHOE,ALL,AL45-4001,2002
CHEVROLET,TAHOE 2500,ALL,AL45-4002,2002
DODGE,RAM,MEGA CAB,AL45-5006,2008
DODGE,RAM,MEGA CAB,AL45-5006,2012
DODGE,RAM 1500,QUAD CAB,AL45-5006,2004
DODGE,RAM 1500,ALL,AL45-5005,2011
DODGE,RAM 2500,QUAD CAB,AL45-5006,2005
DODGE,RAM 3500,QUAD CAB,AL45-5006,2005
DODGE,RAM 2500,CREW CAB,AL45-5006,2012
DODGE,RAM 3500,CREW CAB,AL45-5006,2012
FORD,EXCURSION,ALL,AL45-3001,2002
FORD,F-150,ALL,AL45-3007,2006
FORD,F-250,SUPER DUTY,AL45-3001,2001
FORD,F-350,SUPER DUTY,AL45-3001,2001
FORD,F-250,SUPER DUTY,AL45-3006,2010
FORD,F-350,SUPER DUTY,AL45-3006,2010
FORD,F-350,SUPER DUTY,AL45-3012,2013
FORD,F-450,SUPER DUTY,AL45-3012,2013
FORD,F-550,SUPER DUTY,AL45-3012,2013
GMC,SIERRA 1500,ALL,AL45-4001,2001
GMC,SIERRA 1500,CLASSIC ONLY,AL45-4001,
GMC,SIERRA 1500,ALL,AL45-4005,2009
GMC,SIERRA 1500,ALL,AL45-4012,
GMC,SIERRA 2500LD,ALL,AL45-4002,2001
GMC,SIERRA 1500HD,ALL,AL45-4002,2003
GMC,SIERRA 2500HD,ALL,AL45-4002,2003
GMC,SIERRA 3500HD,ALL,AL45-4002,2003
GMC,SIERRA 1500HD,CLASSIC ONLY,AL45-4002,
GMC,SIERRA 2500HD,CLASSIC ONLY,AL45-4002,
GMC,SIERRA 3500HD,CLASSIC ONLY,AL45-4002,
GMC,SIERRA 2500HD,ALL,AL45-4006,2009
GMC,SIERRA 3500HD,ALL,AL45-4006,2009
GMC,SIERRA 2500HD,ALL,AL45-4013,2013
GMC,SIERRA 3500HD,ALL,AL45-4013,2013
GMC,YUKON,ALL,AL45-4001,2002
GMC,YUKON XL 1500,ALL,AL45-4001,2002
GMC,YUKON XL 2500LD,ALL,AL45-4002,2002
NISSAN,TITAN,ALL,AL45-9001,2006
TOYOTA,SEQUOIA,ALL,AL45-2004,2010
TOYOTA,TUNDRA,ALL,AL45-2004,2009
CHEVROLET,AVALANCHE 1500,WITH AND WITHOUT CLADDING,45-4001,2004
CHEVROLET,AVALANCHE 2500,ALL,45-4002,2004
CHEVROLET,SILVERADO 1500,ALL,45-4001,2002
CHEVROLET,SILVERADO 1500,CLASSIC ONLY,45-4001,
CHEVROLET,SILVERADO 1500,ALL,45-4005,2010
CHEVROLET,SILVERADO 1500,ALL,45-4012,
CHEVROLET,SILVERADO 2500LD,ALL,45-4002,2002
CHEVROLET,SILVERADO 1500HD,ALL,45-4002,2004
CHEVROLET,SILVERADO 2500HD,ALL,45-4002,2004
CHEVROLET,SILVERADO 3500HD,ALL,45-4002,2004
CHEVROLET,SILVERADO 1500HD,CLASSIC ONLY,45-4002,
CHEVROLET,SILVERADO 2500HD,CLASSIC ONLY,45-4002,
CHEVROLET,SILVERADO 3500HD,CLASSIC ONLY,45-4002,
CHEVROLET,SILVERADO 2500HD,ALL,45-4006,2010
CHEVROLET,SILVERADO 3500HD,ALL,45-4006,2010
CHEVROLET,SILVERADO 2500HD,ALL,45-4013,2014
CHEVROLET,SILVERADO 3500HD,ALL,45-4013,2014
CHEVROLET,SUBURBAN 1500,ALL,45-4001,2003
CHEVROLET,SUBURBAN 2500,ALL,45-4002,2003
CHEVROLET,TAHOE,ALL,45-4001,2003
CHEVROLET,TAHOE 2500,ALL,45-4002,2003
DODGE,RAM,MEGA CAB,45-5006,2009
DODGE,RAM,MEGA CAB,45-5006,2013
DODGE,RAM 1500,QUAD CAB,45-5006,2005
DODGE,RAM 1500,ALL,45-5005,2012
DODGE,RAM 2500,QUAD CAB,45-5006,2006
DODGE,RAM 3500,QUAD CAB,45-5006,2006
DODGE,RAM 2500,CREW CAB,45-5006,2013
DODGE,RAM 3500,CREW CAB,45-5006,2013
FORD,EXCURSION,ALL,45-3001,2003
FORD,F-150,ALL,45-3007,2007
FORD,F-250,SUPER DUTY,45-3001,2002
FORD,F-350,SUPER DUTY,45-3001,2002
FORD,F-250,SUPER DUTY,45-3006,
FORD,F-350,SUPER DUTY,45-3006,
FORD,F-350,SUPER DUTY,45-3012,2014
FORD,F-450,SUPER DUTY,45-3012,2014
FORD,F-550,SUPER DUTY,45-3012,2014
GMC,SIERRA 1500,ALL,45-4001,2002
GMC,SIERRA 1500,CLASSIC ONLY,45-4001,
GMC,SIERRA 1500,ALL,45-4005,2010
GMC,SIERRA 1500,ALL,45-4012,
GMC,SIERRA 2500LD,ALL,45-4002,2002
GMC,SIERRA 1500HD,ALL,45-4002,2004
GMC,SIERRA 2500HD,ALL,45-4002,2004
GMC,SIERRA 3500HD,ALL,45-4002,2004
GMC,SIERRA 1500HD,CLASSIC ONLY,45-4002,
GMC,SIERRA 2500HD,CLASSIC ONLY,45-4002,
GMC,SIERRA 3500HD,CLASSIC ONLY,45-4002,
GMC,SIERRA 2500HD,ALL,45-4006,2010
GMC,SIERRA 3500HD,ALL,45-4006,2010
GMC,SIERRA 2500HD,ALL,45-4013,2014
GMC,SIERRA 3500HD,ALL,45-4013,2014
GMC,YUKON,ALL,45-4001,2003
GMC,YUKON XL 1500,ALL,45-4001,2003
GMC,YUKON XL 2500LD,ALL,45-4002,2003
TOYOTA,SEQUOIA,ALL,45-2004,2011
TOYOTA,TUNDRA,ALL,45-2004,2010
CHEVROLET,AVALANCHE 1500,WITH AND WITHOUT CLADDING,AL45-4001,2004
CHEVROLET,AVALANCHE 2500,ALL,AL45-4002,2004
CHEVROLET,SILVERADO 1500,ALL,AL45-4001,2002
CHEVROLET,SILVERADO 1500,CLASSIC ONLY,AL45-4001,
CHEVROLET,SILVERADO 1500,ALL,AL45-4005,2010
CHEVROLET,SILVERADO 1500,ALL,AL45-4012,
CHEVROLET,SILVERADO 2500LD,ALL,AL45-4002,2002
CHEVROLET,SILVERADO 1500HD,ALL,AL45-4002,2004
CHEVROLET,SILVERADO 2500HD,ALL,AL45-4002,2004
CHEVROLET,SILVERADO 3500HD,ALL,AL45-4002,2004
CHEVROLET,SILVERADO 1500HD,CLASSIC ONLY,AL45-4002,
CHEVROLET,SILVERADO 2500HD,CLASSIC ONLY,AL45-4002,
CHEVROLET,SILVERADO 3500HD,CLASSIC ONLY,AL45-4002,
CHEVROLET,SILVERADO 2500HD,ALL,AL45-4006,2010
CHEVROLET,SILVERADO 3500HD,ALL,AL45-4006,2010
CHEVROLET,SILVERADO 2500HD,ALL,AL45-4013,2014
CHEVROLET,SILVERADO 3500HD,ALL,AL45-4013,2014
CHEVROLET,SUBURBAN 1500,ALL,AL45-4001,2003
CHEVROLET,SUBURBAN 2500,ALL,AL45-4002,2003
CHEVROLET,TAHOE,ALL,AL45-4001,2003
CHEVROLET,TAHOE 2500,ALL,AL45-4002,2003
DODGE,RAM,MEGA CAB,AL45-5006,2009
DODGE,RAM,MEGA CAB,AL45-5006,2013
DODGE,RAM 1500,QUAD CAB,AL45-5006,2005
DODGE,RAM 1500,ALL,AL45-5005,2012
DODGE,RAM 2500,QUAD CAB,AL45-5006,2006
DODGE,RAM 3500,QUAD CAB,AL45-5006,2006
DODGE,RAM 2500,CREW CAB,AL45-5006,2013
DODGE,RAM 3500,CREW CAB,AL45-5006,2013
FORD,EXCURSION,ALL,AL45-3001,2003
FORD,F-150,ALL,AL45-3007,2007
FORD,F-250,SUPER DUTY,AL45-3001,2002
FORD,F-350,SUPER DUTY,AL45-3001,2002
FORD,F-250,SUPER DUTY,AL45-3006,
FORD,F-350,SUPER DUTY,AL45-3006,
FORD,F-350,SUPER DUTY,AL45-3012,2014
FORD,F-450,SUPER DUTY,AL45-3012,2014
FORD,F-550,SUPER DUTY,AL45-3012,2014
GMC,SIERRA 1500,ALL,AL45-4001,2002
GMC,SIERRA 1500,CLASSIC ONLY,AL45-4001,
GMC,SIERRA 1500,ALL,AL45-4005,2010
GMC,SIERRA 1500,ALL,AL45-4012,
GMC,SIERRA 2500LD,ALL,AL45-4002,2002
GMC,SIERRA 1500HD,ALL,AL45-4002,2004
GMC,SIERRA 2500HD,ALL,AL45-4002,2004
GMC,SIERRA 3500HD,ALL,AL45-4002,2004
GMC,SIERRA 1500HD,CLASSIC ONLY,AL45-4002,
GMC,SIERRA 2500HD,CLASSIC ONLY,AL45-4002,
GMC,SIERRA 3500HD,CLASSIC ONLY,AL45-4002,
GMC,SIERRA 2500HD,ALL,AL45-4006,2010
GMC,SIERRA 3500HD,ALL,AL45-4006,2010
GMC,SIERRA 2500HD,ALL,AL45-4013,2014
GMC,SIERRA 3500HD,ALL,AL45-4013,2014
GMC,YUKON,ALL,AL45-4001,2003
GMC,YUKON XL 1500,ALL,AL45-4001,2003
GMC,YUKON XL 2500LD,ALL,AL45-4002,2003
NISSAN,TITAN,ALL,AL45-9001,2007
TOYOTA,SEQUOIA,ALL,AL45-2004,2011
TOYOTA,TUNDRA,ALL,AL45-2004,2010
CHEVROLET,AVALANCHE 1500,WITH AND WITHOUT CLADDING,45-4001,2005
CHEVROLET,AVALANCHE 2500,ALL,45-4002,2005
CHEVROLET,SILVERADO 1500,ALL,45-4001,2003
CHEVROLET,SILVERADO 1500,CLASSIC ONLY,45-4001,
CHEVROLET,SILVERADO 1500,ALL,45-4005,2011
CHEVROLET,SILVERADO 1500,ALL,45-4012,
CHEVROLET,SILVERADO 2500LD,ALL,45-4002,2003
CHEVROLET,SILVERADO 1500HD,ALL,45-4002,2005
CHEVROLET,SILVERADO 2500HD,ALL,45-4002,2005
CHEVROLET,SILVERADO 3500HD,ALL,45-4002,2005
CHEVROLET,SILVERADO 1500HD,CLASSIC ONLY,45-4002,
CHEVROLET,SILVERADO 2500HD,CLASSIC ONLY,45-4002,
CHEVROLET,SILVERADO 3500HD,CLASSIC ONLY,45-4002,
CHEVROLET,SILVERADO 2500HD,ALL,45-4006,
CHEVROLET,SILVERADO 3500HD,ALL,45-4006,
CHEVROLET,SILVERADO 2500HD,ALL,45-4013,2015
CHEVROLET,SILVERADO 3500HD,ALL,45-4013,2015
CHEVROLET,SUBURBAN 1500,ALL,45-4001,2004
CHEVROLET,SUBURBAN 2500,ALL,45-4002,2004
CHEVROLET,TAHOE,ALL,45-4001,2004
CHEVROLET,TAHOE 2500,ALL,45-4002,2004
DODGE,RAM,MEGA CAB,45-5006,
DODGE,RAM,MEGA CAB,45-5006,2014
DODGE,RAM 1500,QUAD CAB,45-5006,
DODGE,RAM 1500,ALL,45-5005,2013
DODGE,RAM 2500,QUAD CAB,45-5006,2007
DODGE,RAM 3500,QUAD CAB,45-5006,2007
DODGE,RAM 2500,CREW CAB,45-5006,2014
DODGE,RAM 3500,CREW CAB,45-5006,2014
FORD,EXCURSION,ALL,45-3001,2004
FORD,F-150,ALL,45-3007,2008
FORD,F-250,SUPER DUTY,45-3001,2003
FORD,F-350,SUPER DUTY,45-3001,2003
FORD,F-250,SUPER DUTY,45-3006,
FORD,F-350,SUPER DUTY,45-3006,
FORD,F-350,SUPER DUTY,45-3012,2015
FORD,F-450,SUPER DUTY,45-3012,2015
FORD,F-550,SUPER DUTY,45-3012,2015
GMC,SIERRA 1500,ALL,45-4001,2003
GMC,SIERRA 1500,CLASSIC ONLY,45-4001,
GMC,SIERRA 1500,ALL,45-4005,2011
GMC,SIERRA 1500,ALL,45-4012,
GMC,SIERRA 2500LD,ALL,45-4002,2003
GMC,SIERRA 1500HD,ALL,45-4002,2005
GMC,SIERRA 2500HD,ALL,45-4002,2005
GMC,SIERRA 3500HD,ALL,45-4002,2005
GMC,SIERRA 1500HD,CLASSIC ONLY,45-4002,
GMC,SIERRA 2500HD,CLASSIC ONLY,45-4002,
GMC,SIERRA 3500HD,CLASSIC ONLY,45-4002,
GMC,SIERRA 2500HD,ALL,45-4006,
GMC,SIERRA 3500HD,ALL,45-4006,
GMC,SIERRA 2500HD,ALL,45-4013,2015
GMC,SIERRA 3500HD,ALL,45-4013,2015
GMC,YUKON,ALL,45-4001,2004
GMC,YUKON XL 1500,ALL,45-4001,2004
GMC,YUKON XL 2500LD,ALL,45-4002,2004
TOYOTA,SEQUOIA,ALL,45-2004,2012
TOYOTA,TUNDRA,ALL,45-2004,2011
CHEVROLET,AVALANCHE 1500,WITH AND WITHOUT CLADDING,AL45-4001,2005
CHEVROLET,AVALANCHE 2500,ALL,AL45-4002,2005
CHEVROLET,SILVERADO 1500,ALL,AL45-4001,2003
CHEVROLET,SILVERADO 1500,CLASSIC ONLY,AL45-4001,
CHEVROLET,SILVERADO 1500,ALL,AL45-4005,2011
CHEVROLET,SILVERADO 1500,ALL,AL45-4012,
CHEVROLET,SILVERADO 2500LD,ALL,AL45-4002,2003
CHEVROLET,SILVERADO 1500HD,ALL,AL45-4002,2005
CHEVROLET,SILVERADO 2500HD,ALL,AL45-4002,2005
CHEVROLET,SILVERADO 3500HD,ALL,AL45-4002,2005
CHEVROLET,SILVERADO 1500HD,CLASSIC ONLY,AL45-4002,
CHEVROLET,SILVERADO 2500HD,CLASSIC ONLY,AL45-4002,
CHEVROLET,SILVERADO 3500HD,CLASSIC ONLY,AL45-4002,
CHEVROLET,SILVERADO 2500HD,ALL,AL45-4006,
CHEVROLET,SILVERADO 3500HD,ALL,AL45-4006,
CHEVROLET,SILVERADO 2500HD,ALL,AL45-4013,2015
CHEVROLET,SILVERADO 3500HD,ALL,AL45-4013,2015
CHEVROLET,SUBURBAN 1500,ALL,AL45-4001,2004
CHEVROLET,SUBURBAN 2500,ALL,AL45-4002,2004
CHEVROLET,TAHOE,ALL,AL45-4001,2004
CHEVROLET,TAHOE 2500,ALL,AL45-4002,2004
DODGE,RAM,MEGA CAB,AL45-5006,
DODGE,RAM,MEGA CAB,AL45-5006,2014
DODGE,RAM 1500,QUAD CAB,AL45-5006,
DODGE,RAM 1500,ALL,AL45-5005,2013
DODGE,RAM 2500,QUAD CAB,AL45-5006,2007
DODGE,RAM 3500,QUAD CAB,AL45-5006,2007
DODGE,RAM 2500,CREW CAB,AL45-5006,2014
DODGE,RAM 3500,CREW CAB,AL45-5006,2014
FORD,EXCURSION,ALL,AL45-3001,2004
FORD,F-150,ALL,AL45-3007,2008
FORD,F-250,SUPER DUTY,AL45-3001,2003
FORD,F-350,SUPER DUTY,AL45-3001,2003
FORD,F-250,SUPER DUTY,AL45-3006,
FORD,F-350,SUPER DUTY,AL45-3006,
FORD,F-350,SUPER DUTY,AL45-3012,2015
FORD,F-450,SUPER DUTY,AL45-3012,2015
FORD,F-550,SUPER DUTY,AL45-3012,2015
GMC,SIERRA 1500,ALL,AL45-4001,2003
GMC,SIERRA 1500,CLASSIC ONLY,AL45-4001,
GMC,SIERRA 1500,ALL,AL45-4005,2011
GMC,SIERRA 1500,ALL,AL45-4012,
GMC,SIERRA 2500LD,ALL,AL45-4002,2003
GMC,SIERRA 1500HD,ALL,AL45-4002,2005
GMC,SIERRA 2500HD,ALL,AL45-4002,2005
GMC,SIERRA 3500HD,ALL,AL45-4002,2005
GMC,SIERRA 1500HD,CLASSIC ONLY,AL45-4002,
GMC,SIERRA 2500HD,CLASSIC ONLY,AL45-4002,
GMC,SIERRA 3500HD,CLASSIC ONLY,AL45-4002,
GMC,SIERRA 2500HD,ALL,AL45-4006,
GMC,SIERRA 3500HD,ALL,AL45-4006,
GMC,SIERRA 2500HD,ALL,AL45-4013,2015
GMC,SIERRA 3500HD,ALL,AL45-4013,2015
GMC,YUKON,ALL,AL45-4001,2004
GMC,YUKON XL 1500,ALL,AL45-4001,2004
GMC,YUKON XL 2500LD,ALL,AL45-4002,2004
NISSAN,TITAN,ALL,AL45-9001,2008
TOYOTA,SEQUOIA,ALL,AL45-2004,2012
TOYOTA,TUNDRA,ALL,AL45-2004,2011
CHEVROLET,AVALANCHE 1500,WITH AND WITHOUT CLADDING,45-4001,2006
CHEVROLET,AVALANCHE 2500,ALL,45-4002,2006
CHEVROLET,SILVERADO 1500,ALL,45-4001,2004
CHEVROLET,SILVERADO 1500,CLASSIC ONLY,45-4001,
CHEVROLET,SILVERADO 1500,ALL,45-4005,2012
CHEVROLET,SILVERADO 1500,ALL,45-4012,
CHEVROLET,SILVERADO 2500LD,ALL,45-4002,2004
CHEVROLET,SILVERADO 1500HD,ALL,45-4002,2006
CHEVROLET,SILVERADO 2500HD,ALL,45-4002,2006
CHEVROLET,SILVERADO 3500HD,ALL,45-4002,2006
CHEVROLET,SILVERADO 1500HD,CLASSIC ONLY,45-4002,
CHEVROLET,SILVERADO 2500HD,CLASSIC ONLY,45-4002,
CHEVROLET,SILVERADO 3500HD,CLASSIC ONLY,45-4002,
CHEVROLET,SILVERADO 2500HD,ALL,45-4006,
CHEVROLET,SILVERADO 3500HD,ALL,45-4006,
CHEVROLET,SILVERADO 2500HD,ALL,45-4013,
CHEVROLET,SILVERADO 3500HD,ALL,45-4013,
CHEVROLET,SUBURBAN 1500,ALL,45-4001,2005
CHEVROLET,SUBURBAN 2500,ALL,45-4002,2005
CHEVROLET,TAHOE,ALL,45-4001,2005
CHEVROLET,TAHOE 2500,ALL,45-4002,2005
DODGE,RAM,MEGA CAB,45-5006,
DODGE,RAM,MEGA CAB,45-5006,2015
DODGE,RAM 1500,QUAD CAB,45-5006,
DODGE,RAM 1500,ALL,45-5005,2014
DODGE,RAM 2500,QUAD CAB,45-5006,2008
DODGE,RAM 3500,QUAD CAB,45-5006,2008
DODGE,RAM 2500,CREW CAB,45-5006,2015
DODGE,RAM 3500,CREW CAB,45-5006,2015
FORD,EXCURSION,ALL,45-3001,2005
FORD,F-150,ALL,45-3007,2009
FORD,F-250,SUPER DUTY,45-3001,2004
FORD,F-350,SUPER DUTY,45-3001,2004
FORD,F-250,SUPER DUTY,45-3006,
FORD,F-350,SUPER DUTY,45-3006,
FORD,F-350,SUPER DUTY,45-3012,
FORD,F-450,SUPER DUTY,45-3012,
FORD,F-550,SUPER DUTY,45-3012,
GMC,SIERRA 1500,ALL,45-4001,2004
GMC,SIERRA 1500,CLASSIC ONLY,45-4001,
GMC,SIERRA 1500,ALL,45-4005,2012
GMC,SIERRA 1500,ALL,45-4012,
GMC,SIERRA 2500LD,ALL,45-4002,2004
GMC,SIERRA 1500HD,ALL,45-4002,2006
GMC,SIERRA 2500HD,ALL,45-4002,2006
GMC,SIERRA 3500HD,ALL,45-4002,2006
GMC,SIERRA 1500HD,CLASSIC ONLY,45-4002,
GMC,SIERRA 2500HD,CLASSIC ONLY,45-4002,
GMC,SIERRA 3500HD,CLASSIC ONLY,45-4002,
GMC,SIERRA 2500HD,ALL,45-4006,
GMC,SIERRA 3500HD,ALL,45-4006,
GMC,SIERRA 2500HD,ALL,45-4013,
GMC,SIERRA 3500HD,ALL,45-4013,
GMC,YUKON,ALL,45-4001,2005
GMC,YUKON XL 1500,ALL,45-4001,2005
GMC,YUKON XL 2500LD,ALL,45-4002,2005
TOYOTA,SEQUOIA,ALL,45-2004,2013
TOYOTA,TUNDRA,ALL,45-2004,2012
CHEVROLET,AVALANCHE 1500,WITH AND WITHOUT CLADDING,AL45-4001,2006
CHEVROLET,AVALANCHE 2500,ALL,AL45-4002,2006
CHEVROLET,SILVERADO 1500,ALL,AL45-4001,2004
CHEVROLET,SILVERADO 1500,CLASSIC ONLY,AL45-4001,
CHEVROLET,SILVERADO 1500,ALL,AL45-4005,2012
CHEVROLET,SILVERADO 1500,ALL,AL45-4012,
CHEVROLET,SILVERADO 2500LD,ALL,AL45-4002,2004
CHEVROLET,SILVERADO 1500HD,ALL,AL45-4002,2006
CHEVROLET,SILVERADO 2500HD,ALL,AL45-4002,2006
CHEVROLET,SILVERADO 3500HD,ALL,AL45-4002,2006
CHEVROLET,SILVERADO 1500HD,CLASSIC ONLY,AL45-4002,
CHEVROLET,SILVERADO 2500HD,CLASSIC ONLY,AL45-4002,
CHEVROLET,SILVERADO 3500HD,CLASSIC ONLY,AL45-4002,
CHEVROLET,SILVERADO 2500HD,ALL,AL45-4006,
CHEVROLET,SILVERADO 3500HD,ALL,AL45-4006,
CHEVROLET,SILVERADO 2500HD,ALL,AL45-4013,
CHEVROLET,SILVERADO 3500HD,ALL,AL45-4013,
CHEVROLET,SUBURBAN 1500,ALL,AL45-4001,2005
CHEVROLET,SUBURBAN 2500,ALL,AL45-4002,2005
CHEVROLET,TAHOE,ALL,AL45-4001,2005
CHEVROLET,TAHOE 2500,ALL,AL45-4002,2005
DODGE,RAM,MEGA CAB,AL45-5006,
DODGE,RAM,MEGA CAB,AL45-5006,2015
DODGE,RAM 1500,QUAD CAB,AL45-5006,
DODGE,RAM 1500,ALL,AL45-5005,2014
DODGE,RAM 2500,QUAD CAB,AL45-5006,2008
DODGE,RAM 3500,QUAD CAB,AL45-5006,2008
DODGE,RAM 2500,CREW CAB,AL45-5006,2015
DODGE,RAM 3500,CREW CAB,AL45-5006,2015
FORD,EXCURSION,ALL,AL45-3001,2005
FORD,F-150,ALL,AL45-3007,2009
FORD,F-250,SUPER DUTY,AL45-3001,2004
FORD,F-350,SUPER DUTY,AL45-3001,2004
FORD,F-250,SUPER DUTY,AL45-3006,
FORD,F-350,SUPER DUTY,AL45-3006,
FORD,F-350,SUPER DUTY,AL45-3012,
FORD,F-450,SUPER DUTY,AL45-3012,
FORD,F-550,SUPER DUTY,AL45-3012,
GMC,SIERRA 1500,ALL,AL45-4001,2004
GMC,SIERRA 1500,CLASSIC ONLY,AL45-4001,
GMC,SIERRA 1500,ALL,AL45-4005,2012
GMC,SIERRA 1500,ALL,AL45-4012,
GMC,SIERRA 2500LD,ALL,AL45-4002,2004
GMC,SIERRA 1500HD,ALL,AL45-4002,2006
GMC,SIERRA 2500HD,ALL,AL45-4002,2006
GMC,SIERRA 3500HD,ALL,AL45-4002,2006
GMC,SIERRA 1500HD,CLASSIC ONLY,AL45-4002,
GMC,SIERRA 2500HD,CLASSIC ONLY,AL45-4002,
GMC,SIERRA 3500HD,CLASSIC ONLY,AL45-4002,
GMC,SIERRA 2500HD,ALL,AL45-4006,
GMC,SIERRA 3500HD,ALL,AL45-4006,
GMC,SIERRA 2500HD,ALL,AL45-4013,
GMC,SIERRA 3500HD,ALL,AL45-4013,
GMC,YUKON,ALL,AL45-4001,2005
GMC,YUKON XL 1500,ALL,AL45-4001,2005
GMC,YUKON XL 2500LD,ALL,AL45-4002,2005
NISSAN,TITAN,ALL,AL45-9001,2009
TOYOTA,SEQUOIA,ALL,AL45-2004,2013
TOYOTA,TUNDRA,ALL,AL45-2004,2012
CHEVROLET,AVALANCHE 1500,WITH AND WITHOUT CLADDING,45-4001,
CHEVROLET,AVALANCHE 2500,ALL,45-4002,
CHEVROLET,SILVERADO 1500,ALL,45-4001,2005
CHEVROLET,SILVERADO 1500,CLASSIC ONLY,45-4001,
CHEVROLET,SILVERADO 1500,ALL,45-4005,2013
CHEVROLET,SILVERADO 1500,ALL,45-4012,
CHEVROLET,SILVERADO 2500LD,ALL,45-4002,2005
CHEVROLET,SILVERADO 1500HD,ALL,45-4002,
CHEVROLET,SILVERADO 2500HD,ALL,45-4002,
CHEVROLET,SILVERADO 3500HD,ALL,45-4002,
CHEVROLET,SILVERADO 1500HD,CLASSIC ONLY,45-4002,
CHEVROLET,SILVERADO 2500HD,CLASSIC ONLY,45-4002,
CHEVROLET,SILVERADO 3500HD,CLASSIC ONLY,45-4002,
CHEVROLET,SILVERADO 2500HD,ALL,45-4006,
CHEVROLET,SILVERADO 3500HD,ALL,45-4006,
CHEVROLET,SILVERADO 2500HD,ALL,45-4013,
CHEVROLET,SILVERADO 3500HD,ALL,45-4013,
CHEVROLET,SUBURBAN 1500,ALL,45-4001,2006
CHEVROLET,SUBURBAN 2500,ALL,45-4002,2006
CHEVROLET,TAHOE,ALL,45-4001,2006
CHEVROLET,TAHOE 2500,ALL,45-4002,2006
DODGE,RAM,MEGA CAB,45-5006,
DODGE,RAM,MEGA CAB,45-5006,
DODGE,RAM 1500,QUAD CAB,45-5006,
DODGE,RAM 1500,ALL,45-5005,
DODGE,RAM 2500,QUAD CAB,45-5006,
DODGE,RAM 3500,QUAD CAB,45-5006,
DODGE,RAM 2500,CREW CAB,45-5006,
DODGE,RAM 3500,CREW CAB,45-5006,
FORD,EXCURSION,ALL,45-3001,
FORD,F-150,ALL,45-3007,2010
FORD,F-250,SUPER DUTY,45-3001,2005
FORD,F-350,SUPER DUTY,45-3001,2005
FORD,F-250,SUPER DUTY,45-3006,
FORD,F-350,SUPER DUTY,45-3006,
FORD,F-350,SUPER DUTY,45-3012,
FORD,F-450,SUPER DUTY,45-3012,
FORD,F-550,SUPER DUTY,45-3012,
GMC,SIERRA 1500,ALL,45-4001,2005
GMC,SIERRA 1500,CLASSIC ONLY,45-4001,
GMC,SIERRA 1500,ALL,45-4005,2013
GMC,SIERRA 1500,ALL,45-4012,
GMC,SIERRA 2500LD,ALL,45-4002,2005
GMC,SIERRA 1500HD,ALL,45-4002,
GMC,SIERRA 2500HD,ALL,45-4002,
GMC,SIERRA 3500HD,ALL,45-4002,
GMC,SIERRA 1500HD,CLASSIC ONLY,45-4002,
GMC,SIERRA 2500HD,CLASSIC ONLY,45-4002,
GMC,SIERRA 3500HD,CLASSIC ONLY,45-4002,
GMC,SIERRA 2500HD,ALL,45-4006,
GMC,SIERRA 3500HD,ALL,45-4006,
GMC,SIERRA 2500HD,ALL,45-4013,
GMC,SIERRA 3500HD,ALL,45-4013,
GMC,YUKON,ALL,45-4001,2006
GMC,YUKON XL 1500,ALL,45-4001,2006
GMC,YUKON XL 2500LD,ALL,45-4002,2006
TOYOTA,SEQUOIA,ALL,45-2004,2014
TOYOTA,TUNDRA,ALL,45-2004,2013
CHEVROLET,AVALANCHE 1500,WITH AND WITHOUT CLADDING,AL45-4001,
CHEVROLET,AVALANCHE 2500,ALL,AL45-4002,
CHEVROLET,SILVERADO 1500,ALL,AL45-4001,2005
CHEVROLET,SILVERADO 1500,CLASSIC ONLY,AL45-4001,
CHEVROLET,SILVERADO 1500,ALL,AL45-4005,2013
CHEVROLET,SILVERADO 1500,ALL,AL45-4012,
CHEVROLET,SILVERADO 2500LD,ALL,AL45-4002,2005
CHEVROLET,SILVERADO 1500HD,ALL,AL45-4002,
CHEVROLET,SILVERADO 2500HD,ALL,AL45-4002,
CHEVROLET,SILVERADO 3500HD,ALL,AL45-4002,
CHEVROLET,SILVERADO 1500HD,CLASSIC ONLY,AL45-4002,
CHEVROLET,SILVERADO 2500HD,CLASSIC ONLY,AL45-4002,
CHEVROLET,SILVERADO 3500HD,CLASSIC ONLY,AL45-4002,
CHEVROLET,SILVERADO 2500HD,ALL,AL45-4006,
CHEVROLET,SILVERADO 3500HD,ALL,AL45-4006,
CHEVROLET,SILVERADO 2500HD,ALL,AL45-4013,
CHEVROLET,SILVERADO 3500HD,ALL,AL45-4013,
CHEVROLET,SUBURBAN 1500,ALL,AL45-4001,2006
CHEVROLET,SUBURBAN 2500,ALL,AL45-4002,2006
CHEVROLET,TAHOE,ALL,AL45-4001,2006
CHEVROLET,TAHOE 2500,ALL,AL45-4002,2006
DODGE,RAM,MEGA CAB,AL45-5006,
DODGE,RAM,MEGA CAB,AL45-5006,
DODGE,RAM 1500,QUAD CAB,AL45-5006,
DODGE,RAM 1500,ALL,AL45-5005,
DODGE,RAM 2500,QUAD CAB,AL45-5006,
DODGE,RAM 3500,QUAD CAB,AL45-5006,
DODGE,RAM 2500,CREW CAB,AL45-5006,
DODGE,RAM 3500,CREW CAB,AL45-5006,
FORD,EXCURSION,ALL,AL45-3001,
FORD,F-150,ALL,AL45-3007,2010
FORD,F-250,SUPER DUTY,AL45-3001,2005
FORD,F-350,SUPER DUTY,AL45-3001,2005
FORD,F-250,SUPER DUTY,AL45-3006,
FORD,F-350,SUPER DUTY,AL45-3006,
FORD,F-350,SUPER DUTY,AL45-3012,
FORD,F-450,SUPER DUTY,AL45-3012,
FORD,F-550,SUPER DUTY,AL45-3012,
GMC,SIERRA 1500,ALL,AL45-4001,2005
GMC,SIERRA 1500,CLASSIC ONLY,AL45-4001,
GMC,SIERRA 1500,ALL,AL45-4005,2013
GMC,SIERRA 1500,ALL,AL45-4012,
GMC,SIERRA 2500LD,ALL,AL45-4002,2005
GMC,SIERRA 1500HD,ALL,AL45-4002,
GMC,SIERRA 2500HD,ALL,AL45-4002,
GMC,SIERRA 3500HD,ALL,AL45-4002,
GMC,SIERRA 1500HD,CLASSIC ONLY,AL45-4002,
GMC,SIERRA 2500HD,CLASSIC ONLY,AL45-4002,
GMC,SIERRA 3500HD,CLASSIC ONLY,AL45-4002,
GMC,SIERRA 2500HD,ALL,AL45-4006,
GMC,SIERRA 3500HD,ALL,AL45-4006,
GMC,SIERRA 2500HD,ALL,AL45-4013,
GMC,SIERRA 3500HD,ALL,AL45-4013,
GMC,YUKON,ALL,AL45-4001,2006
GMC,YUKON XL 1500,ALL,AL45-4001,2006
GMC,YUKON XL 2500LD,ALL,AL45-4002,2006
NISSAN,TITAN,ALL,AL45-9001,2010
TOYOTA,SEQUOIA,ALL,AL45-2004,2014
TOYOTA,TUNDRA,ALL,AL45-2004,2013
CHEVROLET,AVALANCHE 1500,WITH AND WITHOUT CLADDING,45-4001,
CHEVROLET,AVALANCHE 2500,ALL,45-4002,
CHEVROLET,SILVERADO 1500,ALL,45-4001,2006
CHEVROLET,SILVERADO 1500,CLASSIC ONLY,45-4001,
CHEVROLET,SILVERADO 1500,ALL,45-4005,
CHEVROLET,SILVERADO 1500,ALL,45-4012,
CHEVROLET,SILVERADO 2500LD,ALL,45-4002,2006
CHEVROLET,SILVERADO 1500HD,ALL,45-4002,
CHEVROLET,SILVERADO 2500HD,ALL,45-4002,
CHEVROLET,SILVERADO 3500HD,ALL,45-4002,
CHEVROLET,SILVERADO 1500HD,CLASSIC ONLY,45-4002,
CHEVROLET,SILVERADO 2500HD,CLASSIC ONLY,45-4002,
CHEVROLET,SILVERADO 3500HD,CLASSIC ONLY,45-4002,
CHEVROLET,SILVERADO 2500HD,ALL,45-4006,
CHEVROLET,SILVERADO 3500HD,ALL,45-4006,
CHEVROLET,SILVERADO 2500HD,ALL,45-4013,
CHEVROLET,SILVERADO 3500HD,ALL,45-4013,
CHEVROLET,SUBURBAN 1500,ALL,45-4001,
CHEVROLET,SUBURBAN 2500,ALL,45-4002,
CHEVROLET,TAHOE,ALL,45-4001,
CHEVROLET,TAHOE 2500,ALL,45-4002,
DODGE,RAM,MEGA CAB,45-5006,
DODGE,RAM,MEGA CAB,45-5006,
DODGE,RAM 1500,QUAD CAB,45-5006,
DODGE,RAM 1500,ALL,45-5005,
DODGE,RAM 2500,QUAD CAB,45-5006,
DODGE,RAM 3500,QUAD CAB,45-5006,
DODGE,RAM 2500,CREW CAB,45-5006,
DODGE,RAM 3500,CREW CAB,45-5006,
FORD,EXCURSION,ALL,45-3001,
FORD,F-150,ALL,45-3007,2011
FORD,F-250,SUPER DUTY,45-3001,2006
FORD,F-350,SUPER DUTY,45-3001,2006
FORD,F-250,SUPER DUTY,45-3006,
FORD,F-350,SUPER DUTY,45-3006,
FORD,F-350,SUPER DUTY,45-3012,
FORD,F-450,SUPER DUTY,45-3012,
FORD,F-550,SUPER DUTY,45-3012,
GMC,SIERRA 1500,ALL,45-4001,2006
GMC,SIERRA 1500,CLASSIC ONLY,45-4001,
GMC,SIERRA 1500,ALL,45-4005,
GMC,SIERRA 1500,ALL,45-4012,
GMC,SIERRA 2500LD,ALL,45-4002,2006
GMC,SIERRA 1500HD,ALL,45-4002,
GMC,SIERRA 2500HD,ALL,45-4002,
GMC,SIERRA 3500HD,ALL,45-4002,
GMC,SIERRA 1500HD,CLASSIC ONLY,45-4002,
GMC,SIERRA 2500HD,CLASSIC ONLY,45-4002,
GMC,SIERRA 3500HD,CLASSIC ONLY,45-4002,
GMC,SIERRA 2500HD,ALL,45-4006,
GMC,SIERRA 3500HD,ALL,45-4006,
GMC,SIERRA 2500HD,ALL,45-4013,
GMC,SIERRA 3500HD,ALL,45-4013,
GMC,YUKON,ALL,45-4001,
GMC,YUKON XL 1500,ALL,45-4001,
GMC,YUKON XL 2500LD,ALL,45-4002,
TOYOTA,SEQUOIA,ALL,45-2004,2015
TOYOTA,TUNDRA,ALL,45-2004,2014
CHEVROLET,AVALANCHE 1500,WITH AND WITHOUT CLADDING,AL45-4001,
CHEVROLET,AVALANCHE 2500,ALL,AL45-4002,
CHEVROLET,SILVERADO 1500,ALL,AL45-4001,2006
CHEVROLET,SILVERADO 1500,CLASSIC ONLY,AL45-4001,
CHEVROLET,SILVERADO 1500,ALL,AL45-4005,
CHEVROLET,SILVERADO 1500,ALL,AL45-4012,
CHEVROLET,SILVERADO 2500LD,ALL,AL45-4002,2006
CHEVROLET,SILVERADO 1500HD,ALL,AL45-4002,
CHEVROLET,SILVERADO 2500HD,ALL,AL45-4002,
CHEVROLET,SILVERADO 3500HD,ALL,AL45-4002,
CHEVROLET,SILVERADO 1500HD,CLASSIC ONLY,AL45-4002,
CHEVROLET,SILVERADO 2500HD,CLASSIC ONLY,AL45-4002,
CHEVROLET,SILVERADO 3500HD,CLASSIC ONLY,AL45-4002,
CHEVROLET,SILVERADO 2500HD,ALL,AL45-4006,
CHEVROLET,SILVERADO 3500HD,ALL,AL45-4006,
CHEVROLET,SILVERADO 2500HD,ALL,AL45-4013,
CHEVROLET,SILVERADO 3500HD,ALL,AL45-4013,
CHEVROLET,SUBURBAN 1500,ALL,AL45-4001,
CHEVROLET,SUBURBAN 2500,ALL,AL45-4002,
CHEVROLET,TAHOE,ALL,AL45-4001,
CHEVROLET,TAHOE 2500,ALL,AL45-4002,
DODGE,RAM,MEGA CAB,AL45-5006,
DODGE,RAM,MEGA CAB,AL45-5006,
DODGE,RAM 1500,QUAD CAB,AL45-5006,
DODGE,RAM 1500,ALL,AL45-5005,
DODGE,RAM 2500,QUAD CAB,AL45-5006,
DODGE,RAM 3500,QUAD CAB,AL45-5006,
DODGE,RAM 2500,CREW CAB,AL45-5006,
DODGE,RAM 3500,CREW CAB,AL45-5006,
FORD,EXCURSION,ALL,AL45-3001,
FORD,F-150,ALL,AL45-3007,2011
FORD,F-250,SUPER DUTY,AL45-3001,2006
FORD,F-350,SUPER DUTY,AL45-3001,2006
FORD,F-250,SUPER DUTY,AL45-3006,
FORD,F-350,SUPER DUTY,AL45-3006,
FORD,F-350,SUPER DUTY,AL45-3012,
FORD,F-450,SUPER DUTY,AL45-3012,
FORD,F-550,SUPER DUTY,AL45-3012,
GMC,SIERRA 1500,ALL,AL45-4001,2006
GMC,SIERRA 1500,CLASSIC ONLY,AL45-4001,
GMC,SIERRA 1500,ALL,AL45-4005,
GMC,SIERRA 1500,ALL,AL45-4012,
GMC,SIERRA 2500LD,ALL,AL45-4002,2006
GMC,SIERRA 1500HD,ALL,AL45-4002,
GMC,SIERRA 2500HD,ALL,AL45-4002,
GMC,SIERRA 3500HD,ALL,AL45-4002,
GMC,SIERRA 1500HD,CLASSIC ONLY,AL45-4002,
GMC,SIERRA 2500HD,CLASSIC ONLY,AL45-4002,
GMC,SIERRA 3500HD,CLASSIC ONLY,AL45-4002,
GMC,SIERRA 2500HD,ALL,AL45-4006,
GMC,SIERRA 3500HD,ALL,AL45-4006,
GMC,SIERRA 2500HD,ALL,AL45-4013,
GMC,SIERRA 3500HD,ALL,AL45-4013,
GMC,YUKON,ALL,AL45-4001,
GMC,YUKON XL 1500,ALL,AL45-4001,
GMC,YUKON XL 2500LD,ALL,AL45-4002,
NISSAN,TITAN,ALL,AL45-9001,2011
TOYOTA,SEQUOIA,ALL,AL45-2004,2015
TOYOTA,TUNDRA,ALL,AL45-2004,2014
CHEVROLET,AVALANCHE 1500,WITH AND WITHOUT CLADDING,45-4001,
CHEVROLET,AVALANCHE 2500,ALL,45-4002,
CHEVROLET,SILVERADO 1500,ALL,45-4001,
CHEVROLET,SILVERADO 1500,CLASSIC ONLY,45-4001,
CHEVROLET,SILVERADO 1500,ALL,45-4005,
CHEVROLET,SILVERADO 1500,ALL,45-4012,
CHEVROLET,SILVERADO 2500LD,ALL,45-4002,
CHEVROLET,SILVERADO 1500HD,ALL,45-4002,
CHEVROLET,SILVERADO 2500HD,ALL,45-4002,
CHEVROLET,SILVERADO 3500HD,ALL,45-4002,
CHEVROLET,SILVERADO 1500HD,CLASSIC ONLY,45-4002,
CHEVROLET,SILVERADO 2500HD,CLASSIC ONLY,45-4002,
CHEVROLET,SILVERADO 3500HD,CLASSIC ONLY,45-4002,
CHEVROLET,SILVERADO 2500HD,ALL,45-4006,
CHEVROLET,SILVERADO 3500HD,ALL,45-4006,
CHEVROLET,SILVERADO 2500HD,ALL,45-4013,
CHEVROLET,SILVERADO 3500HD,ALL,45-4013,
CHEVROLET,SUBURBAN 1500,ALL,45-4001,
CHEVROLET,SUBURBAN 2500,ALL,45-4002,
CHEVROLET,TAHOE,ALL,45-4001,
CHEVROLET,TAHOE 2500,ALL,45-4002,
DODGE,RAM,MEGA CAB,45-5006,
DODGE,RAM,MEGA CAB,45-5006,
DODGE,RAM 1500,QUAD CAB,45-5006,
DODGE,RAM 1500,ALL,45-5005,
DODGE,RAM 2500,QUAD CAB,45-5006,
DODGE,RAM 3500,QUAD CAB,45-5006,
DODGE,RAM 2500,CREW CAB,45-5006,
DODGE,RAM 3500,CREW CAB,45-5006,
FORD,EXCURSION,ALL,45-3001,
FORD,F-150,ALL,45-3007,2012
FORD,F-250,SUPER DUTY,45-3001,2007
FORD,F-350,SUPER DUTY,45-3001,2007
FORD,F-250,SUPER DUTY,45-3006,
FORD,F-350,SUPER DUTY,45-3006,
FORD,F-350,SUPER DUTY,45-3012,
FORD,F-450,SUPER DUTY,45-3012,
FORD,F-550,SUPER DUTY,45-3012,
GMC,SIERRA 1500,ALL,45-4001,
GMC,SIERRA 1500,CLASSIC ONLY,45-4001,
GMC,SIERRA 1500,ALL,45-4005,
GMC,SIERRA 1500,ALL,45-4012,
GMC,SIERRA 2500LD,ALL,45-4002,
GMC,SIERRA 1500HD,ALL,45-4002,
GMC,SIERRA 2500HD,ALL,45-4002,
GMC,SIERRA 3500HD,ALL,45-4002,
GMC,SIERRA 1500HD,CLASSIC ONLY,45-4002,
GMC,SIERRA 2500HD,CLASSIC ONLY,45-4002,
GMC,SIERRA 3500HD,CLASSIC ONLY,45-4002,
GMC,SIERRA 2500HD,ALL,45-4006,
GMC,SIERRA 3500HD,ALL,45-4006,
GMC,SIERRA 2500HD,ALL,45-4013,
GMC,SIERRA 3500HD,ALL,45-4013,
GMC,YUKON,ALL,45-4001,
GMC,YUKON XL 1500,ALL,45-4001,
GMC,YUKON XL 2500LD,ALL,45-4002,
TOYOTA,SEQUOIA,ALL,45-2004,
TOYOTA,TUNDRA,ALL,45-2004,2015
CHEVROLET,AVALANCHE 1500,WITH AND WITHOUT CLADDING,AL45-4001,
CHEVROLET,AVALANCHE 2500,ALL,AL45-4002,
CHEVROLET,SILVERADO 1500,ALL,AL45-4001,
CHEVROLET,SILVERADO 1500,CLASSIC ONLY,AL45-4001,
CHEVROLET,SILVERADO 1500,ALL,AL45-4005,
CHEVROLET,SILVERADO 1500,ALL,AL45-4012,
CHEVROLET,SILVERADO 2500LD,ALL,AL45-4002,
CHEVROLET,SILVERADO 1500HD,ALL,AL45-4002,
CHEVROLET,SILVERADO 2500HD,ALL,AL45-4002,
CHEVROLET,SILVERADO 3500HD,ALL,AL45-4002,
CHEVROLET,SILVERADO 1500HD,CLASSIC ONLY,AL45-4002,
CHEVROLET,SILVERADO 2500HD,CLASSIC ONLY,AL45-4002,
CHEVROLET,SILVERADO 3500HD,CLASSIC ONLY,AL45-4002,
CHEVROLET,SILVERADO 2500HD,ALL,AL45-4006,
CHEVROLET,SILVERADO 3500HD,ALL,AL45-4006,
CHEVROLET,SILVERADO 2500HD,ALL,AL45-4013,
CHEVROLET,SILVERADO 3500HD,ALL,AL45-4013,
CHEVROLET,SUBURBAN 1500,ALL,AL45-4001,
CHEVROLET,SUBURBAN 2500,ALL,AL45-4002,
CHEVROLET,TAHOE,ALL,AL45-4001,
CHEVROLET,TAHOE 2500,ALL,AL45-4002,
DODGE,RAM,MEGA CAB,AL45-5006,
DODGE,RAM,MEGA CAB,AL45-5006,
DODGE,RAM 1500,QUAD CAB,AL45-5006,
DODGE,RAM 1500,ALL,AL45-5005,
DODGE,RAM 2500,QUAD CAB,AL45-5006,
DODGE,RAM 3500,QUAD CAB,AL45-5006,
DODGE,RAM 2500,CREW CAB,AL45-5006,
DODGE,RAM 3500,CREW CAB,AL45-5006,
FORD,EXCURSION,ALL,AL45-3001,
FORD,F-150,ALL,AL45-3007,2012
FORD,F-250,SUPER DUTY,AL45-3001,2007
FORD,F-350,SUPER DUTY,AL45-3001,2007
FORD,F-250,SUPER DUTY,AL45-3006,
FORD,F-350,SUPER DUTY,AL45-3006,
FORD,F-350,SUPER DUTY,AL45-3012,
FORD,F-450,SUPER DUTY,AL45-3012,
FORD,F-550,SUPER DUTY,AL45-3012,
GMC,SIERRA 1500,ALL,AL45-4001,
GMC,SIERRA 1500,CLASSIC ONLY,AL45-4001,
GMC,SIERRA 1500,ALL,AL45-4005,
GMC,SIERRA 1500,ALL,AL45-4012,
GMC,SIERRA 2500LD,ALL,AL45-4002,
GMC,SIERRA 1500HD,ALL,AL45-4002,
GMC,SIERRA 2500HD,ALL,AL45-4002,
GMC,SIERRA 3500HD,ALL,AL45-4002,
GMC,SIERRA 1500HD,CLASSIC ONLY,AL45-4002,
GMC,SIERRA 2500HD,CLASSIC ONLY,AL45-4002,
GMC,SIERRA 3500HD,CLASSIC ONLY,AL45-4002,
GMC,SIERRA 2500HD,ALL,AL45-4006,
GMC,SIERRA 3500HD,ALL,AL45-4006,
GMC,SIERRA 2500HD,ALL,AL45-4013,
GMC,SIERRA 3500HD,ALL,AL45-4013,
GMC,YUKON,ALL,AL45-4001,
GMC,YUKON XL 1500,ALL,AL45-4001,
GMC,YUKON XL 2500LD,ALL,AL45-4002,
NISSAN,TITAN,ALL,AL45-9001,2012
TOYOTA,SEQUOIA,ALL,AL45-2004,
TOYOTA,TUNDRA,ALL,AL45-2004,2015
CHEVROLET,AVALANCHE 1500,WITH AND WITHOUT CLADDING,45-4001,
CHEVROLET,AVALANCHE 2500,ALL,45-4002,
CHEVROLET,SILVERADO 1500,ALL,45-4001,
CHEVROLET,SILVERADO 1500,CLASSIC ONLY,45-4001,
CHEVROLET,SILVERADO 1500,ALL,45-4005,
CHEVROLET,SILVERADO 1500,ALL,45-4012,
CHEVROLET,SILVERADO 2500LD,ALL,45-4002,
CHEVROLET,SILVERADO 1500HD,ALL,45-4002,
CHEVROLET,SILVERADO 2500HD,ALL,45-4002,
CHEVROLET,SILVERADO 3500HD,ALL,45-4002,
CHEVROLET,SILVERADO 1500HD,CLASSIC ONLY,45-4002,
CHEVROLET,SILVERADO 2500HD,CLASSIC ONLY,45-4002,
CHEVROLET,SILVERADO 3500HD,CLASSIC ONLY,45-4002,
CHEVROLET,SILVERADO 2500HD,ALL,45-4006,
CHEVROLET,SILVERADO 3500HD,ALL,45-4006,
CHEVROLET,SILVERADO 2500HD,ALL,45-4013,
CHEVROLET,SILVERADO 3500HD,ALL,45-4013,
CHEVROLET,SUBURBAN 1500,ALL,45-4001,
CHEVROLET,SUBURBAN 2500,ALL,45-4002,
CHEVROLET,TAHOE,ALL,45-4001,
CHEVROLET,TAHOE 2500,ALL,45-4002,
DODGE,RAM,MEGA CAB,45-5006,
DODGE,RAM,MEGA CAB,45-5006,
DODGE,RAM 1500,QUAD CAB,45-5006,
DODGE,RAM 1500,ALL,45-5005,
DODGE,RAM 2500,QUAD CAB,45-5006,
DODGE,RAM 3500,QUAD CAB,45-5006,
DODGE,RAM 2500,CREW CAB,45-5006,
DODGE,RAM 3500,CREW CAB,45-5006,
FORD,EXCURSION,ALL,45-3001,
FORD,F-150,ALL,45-3007,2013
FORD,F-250,SUPER DUTY,45-3001,
FORD,F-350,SUPER DUTY,45-3001,
FORD,F-250,SUPER DUTY,45-3006,
FORD,F-350,SUPER DUTY,45-3006,
FORD,F-350,SUPER DUTY,45-3012,
FORD,F-450,SUPER DUTY,45-3012,
FORD,F-550,SUPER DUTY,45-3012,
GMC,SIERRA 1500,ALL,45-4001,
GMC,SIERRA 1500,CLASSIC ONLY,45-4001,
GMC,SIERRA 1500,ALL,45-4005,
GMC,SIERRA 1500,ALL,45-4012,
GMC,SIERRA 2500LD,ALL,45-4002,
GMC,SIERRA 1500HD,ALL,45-4002,
GMC,SIERRA 2500HD,ALL,45-4002,
GMC,SIERRA 3500HD,ALL,45-4002,
GMC,SIERRA 1500HD,CLASSIC ONLY,45-4002,
GMC,SIERRA 2500HD,CLASSIC ONLY,45-4002,
GMC,SIERRA 3500HD,CLASSIC ONLY,45-4002,
GMC,SIERRA 2500HD,ALL,45-4006,
GMC,SIERRA 3500HD,ALL,45-4006,
GMC,SIERRA 2500HD,ALL,45-4013,
GMC,SIERRA 3500HD,ALL,45-4013,
GMC,YUKON,ALL,45-4001,
GMC,YUKON XL 1500,ALL,45-4001,
GMC,YUKON XL 2500LD,ALL,45-4002,
TOYOTA,SEQUOIA,ALL,45-2004,
TOYOTA,TUNDRA,ALL,45-2004,
CHEVROLET,AVALANCHE 1500,WITH AND WITHOUT CLADDING,AL45-4001,
CHEVROLET,AVALANCHE 2500,ALL,AL45-4002,
CHEVROLET,SILVERADO 1500,ALL,AL45-4001,
CHEVROLET,SILVERADO 1500,CLASSIC ONLY,AL45-4001,
CHEVROLET,SILVERADO 1500,ALL,AL45-4005,
CHEVROLET,SILVERADO 1500,ALL,AL45-4012,
CHEVROLET,SILVERADO 2500LD,ALL,AL45-4002,
CHEVROLET,SILVERADO 1500HD,ALL,AL45-4002,
CHEVROLET,SILVERADO 2500HD,ALL,AL45-4002,
CHEVROLET,SILVERADO 3500HD,ALL,AL45-4002,
CHEVROLET,SILVERADO 1500HD,CLASSIC ONLY,AL45-4002,
CHEVROLET,SILVERADO 2500HD,CLASSIC ONLY,AL45-4002,
CHEVROLET,SILVERADO 3500HD,CLASSIC ONLY,AL45-4002,
CHEVROLET,SILVERADO 2500HD,ALL,AL45-4006,
CHEVROLET,SILVERADO 3500HD,ALL,AL45-4006,
CHEVROLET,SILVERADO 2500HD,ALL,AL45-4013,
CHEVROLET,SILVERADO 3500HD,ALL,AL45-4013,
CHEVROLET,SUBURBAN 1500,ALL,AL45-4001,
CHEVROLET,SUBURBAN 2500,ALL,AL45-4002,
CHEVROLET,TAHOE,ALL,AL45-4001,
CHEVROLET,TAHOE 2500,ALL,AL45-4002,
DODGE,RAM,MEGA CAB,AL45-5006,
DODGE,RAM,MEGA CAB,AL45-5006,
DODGE,RAM 1500,QUAD CAB,AL45-5006,
DODGE,RAM 1500,ALL,AL45-5005,
DODGE,RAM 2500,QUAD CAB,AL45-5006,
DODGE,RAM 3500,QUAD CAB,AL45-5006,
DODGE,RAM 2500,CREW CAB,AL45-5006,
DODGE,RAM 3500,CREW CAB,AL45-5006,
FORD,EXCURSION,ALL,AL45-3001,
FORD,F-150,ALL,AL45-3007,2013
FORD,F-250,SUPER DUTY,AL45-3001,
FORD,F-350,SUPER DUTY,AL45-3001,
FORD,F-250,SUPER DUTY,AL45-3006,
FORD,F-350,SUPER DUTY,AL45-3006,
FORD,F-350,SUPER DUTY,AL45-3012,
FORD,F-450,SUPER DUTY,AL45-3012,
FORD,F-550,SUPER DUTY,AL45-3012,
GMC,SIERRA 1500,ALL,AL45-4001,
GMC,SIERRA 1500,CLASSIC ONLY,AL45-4001,
GMC,SIERRA 1500,ALL,AL45-4005,
GMC,SIERRA 1500,ALL,AL45-4012,
GMC,SIERRA 2500LD,ALL,AL45-4002,
GMC,SIERRA 1500HD,ALL,AL45-4002,
GMC,SIERRA 2500HD,ALL,AL45-4002,
GMC,SIERRA 3500HD,ALL,AL45-4002,
GMC,SIERRA 1500HD,CLASSIC ONLY,AL45-4002,
GMC,SIERRA 2500HD,CLASSIC ONLY,AL45-4002,
GMC,SIERRA 3500HD,CLASSIC ONLY,AL45-4002,
GMC,SIERRA 2500HD,ALL,AL45-4006,
GMC,SIERRA 3500HD,ALL,AL45-4006,
GMC,SIERRA 2500HD,ALL,AL45-4013,
GMC,SIERRA 3500HD,ALL,AL45-4013,
GMC,YUKON,ALL,AL45-4001,
GMC,YUKON XL 1500,ALL,AL45-4001,
GMC,YUKON XL 2500LD,ALL,AL45-4002,
NISSAN,TITAN,ALL,AL45-9001,2013
TOYOTA,SEQUOIA,ALL,AL45-2004,
TOYOTA,TUNDRA,ALL,AL45-2004,
CHEVROLET,AVALANCHE 1500,WITH AND WITHOUT CLADDING,45-4001,
CHEVROLET,AVALANCHE 2500,ALL,45-4002,
CHEVROLET,SILVERADO 1500,ALL,45-4001,
CHEVROLET,SILVERADO 1500,CLASSIC ONLY,45-4001,
CHEVROLET,SILVERADO 1500,ALL,45-4005,
CHEVROLET,SILVERADO 1500,ALL,45-4012,
CHEVROLET,SILVERADO 2500LD,ALL,45-4002,
CHEVROLET,SILVERADO 1500HD,ALL,45-4002,
CHEVROLET,SILVERADO 2500HD,ALL,45-4002,
CHEVROLET,SILVERADO 3500HD,ALL,45-4002,
CHEVROLET,SILVERADO 1500HD,CLASSIC ONLY,45-4002,
CHEVROLET,SILVERADO 2500HD,CLASSIC ONLY,45-4002,
CHEVROLET,SILVERADO 3500HD,CLASSIC ONLY,45-4002,
CHEVROLET,SILVERADO 2500HD,ALL,45-4006,
CHEVROLET,SILVERADO 3500HD,ALL,45-4006,
CHEVROLET,SILVERADO 2500HD,ALL,45-4013,
CHEVROLET,SILVERADO 3500HD,ALL,45-4013,
CHEVROLET,SUBURBAN 1500,ALL,45-4001,
CHEVROLET,SUBURBAN 2500,ALL,45-4002,
CHEVROLET,TAHOE,ALL,45-4001,
CHEVROLET,TAHOE 2500,ALL,45-4002,
DODGE,RAM,MEGA CAB,45-5006,
DODGE,RAM,MEGA CAB,45-5006,
DODGE,RAM 1500,QUAD CAB,45-5006,
DODGE,RAM 1500,ALL,45-5005,
DODGE,RAM 2500,QUAD CAB,45-5006,
DODGE,RAM 3500,QUAD CAB,45-5006,
DODGE,RAM 2500,CREW CAB,45-5006,
DODGE,RAM 3500,CREW CAB,45-5006,
FORD,EXCURSION,ALL,45-3001,
FORD,F-150,ALL,45-3007,2014
FORD,F-250,SUPER DUTY,45-3001,
FORD,F-350,SUPER DUTY,45-3001,
FORD,F-250,SUPER DUTY,45-3006,
FORD,F-350,SUPER DUTY,45-3006,
FORD,F-350,SUPER DUTY,45-3012,
FORD,F-450,SUPER DUTY,45-3012,
FORD,F-550,SUPER DUTY,45-3012,
GMC,SIERRA 1500,ALL,45-4001,
GMC,SIERRA 1500,CLASSIC ONLY,45-4001,
GMC,SIERRA 1500,ALL,45-4005,
GMC,SIERRA 1500,ALL,45-4012,
GMC,SIERRA 2500LD,ALL,45-4002,
GMC,SIERRA 1500HD,ALL,45-4002,
GMC,SIERRA 2500HD,ALL,45-4002,
GMC,SIERRA 3500HD,ALL,45-4002,
GMC,SIERRA 1500HD,CLASSIC ONLY,45-4002,
GMC,SIERRA 2500HD,CLASSIC ONLY,45-4002,
GMC,SIERRA 3500HD,CLASSIC ONLY,45-4002,
GMC,SIERRA 2500HD,ALL,45-4006,
GMC,SIERRA 3500HD,ALL,45-4006,
GMC,SIERRA 2500HD,ALL,45-4013,
GMC,SIERRA 3500HD,ALL,45-4013,
GMC,YUKON,ALL,45-4001,
GMC,YUKON XL 1500,ALL,45-4001,
GMC,YUKON XL 2500LD,ALL,45-4002,
TOYOTA,SEQUOIA,ALL,45-2004,
TOYOTA,TUNDRA,ALL,45-2004,
CHEVROLET,AVALANCHE 1500,WITH AND WITHOUT CLADDING,AL45-4001,
CHEVROLET,AVALANCHE 2500,ALL,AL45-4002,
CHEVROLET,SILVERADO 1500,ALL,AL45-4001,
CHEVROLET,SILVERADO 1500,CLASSIC ONLY,AL45-4001,
CHEVROLET,SILVERADO 1500,ALL,AL45-4005,
CHEVROLET,SILVERADO 1500,ALL,AL45-4012,
CHEVROLET,SILVERADO 2500LD,ALL,AL45-4002,
CHEVROLET,SILVERADO 1500HD,ALL,AL45-4002,
CHEVROLET,SILVERADO 2500HD,ALL,AL45-4002,
CHEVROLET,SILVERADO 3500HD,ALL,AL45-4002,
CHEVROLET,SILVERADO 1500HD,CLASSIC ONLY,AL45-4002,
CHEVROLET,SILVERADO 2500HD,CLASSIC ONLY,AL45-4002,
CHEVROLET,SILVERADO 3500HD,CLASSIC ONLY,AL45-4002,
CHEVROLET,SILVERADO 2500HD,ALL,AL45-4006,
CHEVROLET,SILVERADO 3500HD,ALL,AL45-4006,
CHEVROLET,SILVERADO 2500HD,ALL,AL45-4013,
CHEVROLET,SILVERADO 3500HD,ALL,AL45-4013,
CHEVROLET,SUBURBAN 1500,ALL,AL45-4001,
CHEVROLET,SUBURBAN 2500,ALL,AL45-4002,
CHEVROLET,TAHOE,ALL,AL45-4001,
CHEVROLET,TAHOE 2500,ALL,AL45-4002,
DODGE,RAM,MEGA CAB,AL45-5006,
DODGE,RAM,MEGA CAB,AL45-5006,
DODGE,RAM 1500,QUAD CAB,AL45-5006,
DODGE,RAM 1500,ALL,AL45-5005,
DODGE,RAM 2500,QUAD CAB,AL45-5006,
DODGE,RAM 3500,QUAD CAB,AL45-5006,
DODGE,RAM 2500,CREW CAB,AL45-5006,
DODGE,RAM 3500,CREW CAB,AL45-5006,
FORD,EXCURSION,ALL,AL45-3001,
FORD,F-150,ALL,AL45-3007,2014
FORD,F-250,SUPER DUTY,AL45-3001,
FORD,F-350,SUPER DUTY,AL45-3001,
FORD,F-250,SUPER DUTY,AL45-3006,
FORD,F-350,SUPER DUTY,AL45-3006,
FORD,F-350,SUPER DUTY,AL45-3012,
FORD,F-450,SUPER DUTY,AL45-3012,
FORD,F-550,SUPER DUTY,AL45-3012,
GMC,SIERRA 1500,ALL,AL45-4001,
GMC,SIERRA 1500,CLASSIC ONLY,AL45-4001,
GMC,SIERRA 1500,ALL,AL45-4005,
GMC,SIERRA 1500,ALL,AL45-4012,
GMC,SIERRA 2500LD,ALL,AL45-4002,
GMC,SIERRA 1500HD,ALL,AL45-4002,
GMC,SIERRA 2500HD,ALL,AL45-4002,
GMC,SIERRA 3500HD,ALL,AL45-4002,
GMC,SIERRA 1500HD,CLASSIC ONLY,AL45-4002,
GMC,SIERRA 2500HD,CLASSIC ONLY,AL45-4002,
GMC,SIERRA 3500HD,CLASSIC ONLY,AL45-4002,
GMC,SIERRA 2500HD,ALL,AL45-4006,
GMC,SIERRA 3500HD,ALL,AL45-4006,
GMC,SIERRA 2500HD,ALL,AL45-4013,
GMC,SIERRA 3500HD,ALL,AL45-4013,
GMC,YUKON,ALL,AL45-4001,
GMC,YUKON XL 1500,ALL,AL45-4001,
GMC,YUKON XL 2500LD,ALL,AL45-4002,
NISSAN,TITAN,ALL,AL45-9001,2014
TOYOTA,SEQUOIA,ALL,AL45-2004,
TOYOTA,TUNDRA,ALL,AL45-2004,
CHEVROLET,AVALANCHE 1500,WITH AND WITHOUT CLADDING,45-4001,
CHEVROLET,AVALANCHE 2500,ALL,45-4002,
CHEVROLET,SILVERADO 1500,ALL,45-4001,
CHEVROLET,SILVERADO 1500,CLASSIC ONLY,45-4001,
CHEVROLET,SILVERADO 1500,ALL,45-4005,
CHEVROLET,SILVERADO 1500,ALL,45-4012,
CHEVROLET,SILVERADO 2500LD,ALL,45-4002,
CHEVROLET,SILVERADO 1500HD,ALL,45-4002,
CHEVROLET,SILVERADO 2500HD,ALL,45-4002,
CHEVROLET,SILVERADO 3500HD,ALL,45-4002,
CHEVROLET,SILVERADO 1500HD,CLASSIC ONLY,45-4002,
CHEVROLET,SILVERADO 2500HD,CLASSIC ONLY,45-4002,
CHEVROLET,SILVERADO 3500HD,CLASSIC ONLY,45-4002,
CHEVROLET,SILVERADO 2500HD,ALL,45-4006,
CHEVROLET,SILVERADO 3500HD,ALL,45-4006,
CHEVROLET,SILVERADO 2500HD,ALL,45-4013,
CHEVROLET,SILVERADO 3500HD,ALL,45-4013,
CHEVROLET,SUBURBAN 1500,ALL,45-4001,
CHEVROLET,SUBURBAN 2500,ALL,45-4002,
CHEVROLET,TAHOE,ALL,45-4001,
CHEVROLET,TAHOE 2500,ALL,45-4002,
DODGE,RAM,MEGA CAB,45-5006,
DODGE,RAM,MEGA CAB,45-5006,
DODGE,RAM 1500,QUAD CAB,45-5006,
DODGE,RAM 1500,ALL,45-5005,
DODGE,RAM 2500,QUAD CAB,45-5006,
DODGE,RAM 3500,QUAD CAB,45-5006,
DODGE,RAM 2500,CREW CAB,45-5006,
DODGE,RAM 3500,CREW CAB,45-5006,
FORD,EXCURSION,ALL,45-3001,
FORD,F-150,ALL,45-3007,2015
FORD,F-250,SUPER DUTY,45-3001,
FORD,F-350,SUPER DUTY,45-3001,
FORD,F-250,SUPER DUTY,45-3006,
FORD,F-350,SUPER DUTY,45-3006,
FORD,F-350,SUPER DUTY,45-3012,
FORD,F-450,SUPER DUTY,45-3012,
FORD,F-550,SUPER DUTY,45-3012,
GMC,SIERRA 1500,ALL,45-4001,
GMC,SIERRA 1500,CLASSIC ONLY,45-4001,
GMC,SIERRA 1500,ALL,45-4005,
GMC,SIERRA 1500,ALL,45-4012,
GMC,SIERRA 2500LD,ALL,45-4002,
GMC,SIERRA 1500HD,ALL,45-4002,
GMC,SIERRA 2500HD,ALL,45-4002,
GMC,SIERRA 3500HD,ALL,45-4002,
GMC,SIERRA 1500HD,CLASSIC ONLY,45-4002,
GMC,SIERRA 2500HD,CLASSIC ONLY,45-4002,
GMC,SIERRA 3500HD,CLASSIC ONLY,45-4002,
GMC,SIERRA 2500HD,ALL,45-4006,
GMC,SIERRA 3500HD,ALL,45-4006,
GMC,SIERRA 2500HD,ALL,45-4013,
GMC,SIERRA 3500HD,ALL,45-4013,
GMC,YUKON,ALL,45-4001,
GMC,YUKON XL 1500,ALL,45-4001,
GMC,YUKON XL 2500LD,ALL,45-4002,
TOYOTA,SEQUOIA,ALL,45-2004,
TOYOTA,TUNDRA,ALL,45-2004,
CHEVROLET,AVALANCHE 1500,WITH AND WITHOUT CLADDING,AL45-4001,
CHEVROLET,AVALANCHE 2500,ALL,AL45-4002,
CHEVROLET,SILVERADO 1500,ALL,AL45-4001,
CHEVROLET,SILVERADO 1500,CLASSIC ONLY,AL45-4001,
CHEVROLET,SILVERADO 1500,ALL,AL45-4005,
CHEVROLET,SILVERADO 1500,ALL,AL45-4012,
CHEVROLET,SILVERADO 2500LD,ALL,AL45-4002,
CHEVROLET,SILVERADO 1500HD,ALL,AL45-4002,
CHEVROLET,SILVERADO 2500HD,ALL,AL45-4002,
CHEVROLET,SILVERADO 3500HD,ALL,AL45-4002,
CHEVROLET,SILVERADO 1500HD,CLASSIC ONLY,AL45-4002,
CHEVROLET,SILVERADO 2500HD,CLASSIC ONLY,AL45-4002,
CHEVROLET,SILVERADO 3500HD,CLASSIC ONLY,AL45-4002,
CHEVROLET,SILVERADO 2500HD,ALL,AL45-4006,
CHEVROLET,SILVERADO 3500HD,ALL,AL45-4006,
CHEVROLET,SILVERADO 2500HD,ALL,AL45-4013,
CHEVROLET,SILVERADO 3500HD,ALL,AL45-4013,
CHEVROLET,SUBURBAN 1500,ALL,AL45-4001,
CHEVROLET,SUBURBAN 2500,ALL,AL45-4002,
CHEVROLET,TAHOE,ALL,AL45-4001,
CHEVROLET,TAHOE 2500,ALL,AL45-4002,
DODGE,RAM,MEGA CAB,AL45-5006,
DODGE,RAM,MEGA CAB,AL45-5006,
DODGE,RAM 1500,QUAD CAB,AL45-5006,
DODGE,RAM 1500,ALL,AL45-5005,
DODGE,RAM 2500,QUAD CAB,AL45-5006,
DODGE,RAM 3500,QUAD CAB,AL45-5006,
DODGE,RAM 2500,CREW CAB,AL45-5006,
DODGE,RAM 3500,CREW CAB,AL45-5006,
FORD,EXCURSION,ALL,AL45-3001,
FORD,F-150,ALL,AL45-3007,2015
FORD,F-250,SUPER DUTY,AL45-3001,
FORD,F-350,SUPER DUTY,AL45-3001,
FORD,F-250,SUPER DUTY,AL45-3006,
FORD,F-350,SUPER DUTY,AL45-3006,
FORD,F-350,SUPER DUTY,AL45-3012,
FORD,F-450,SUPER DUTY,AL45-3012,
FORD,F-550,SUPER DUTY,AL45-3012,
GMC,SIERRA 1500,ALL,AL45-4001,
GMC,SIERRA 1500,CLASSIC ONLY,AL45-4001,
GMC,SIERRA 1500,ALL,AL45-4005,
GMC,SIERRA 1500,ALL,AL45-4012,
GMC,SIERRA 2500LD,ALL,AL45-4002,
GMC,SIERRA 1500HD,ALL,AL45-4002,
GMC,SIERRA 2500HD,ALL,AL45-4002,
GMC,SIERRA 3500HD,ALL,AL45-4002,
GMC,SIERRA 1500HD,CLASSIC ONLY,AL45-4002,
GMC,SIERRA 2500HD,CLASSIC ONLY,AL45-4002,
GMC,SIERRA 3500HD,CLASSIC ONLY,AL45-4002,
GMC,SIERRA 2500HD,ALL,AL45-4006,
GMC,SIERRA 3500HD,ALL,AL45-4006,
GMC,SIERRA 2500HD,ALL,AL45-4013,
GMC,SIERRA 3500HD,ALL,AL45-4013,
GMC,YUKON,ALL,AL45-4001,
GMC,YUKON XL 1500,ALL,AL45-4001,
GMC,YUKON XL 2500LD,ALL,AL45-4002,
NISSAN,TITAN,ALL,AL45-9001,2015
TOYOTA,SEQUOIA,ALL,AL45-2004,
TOYOTA,TUNDRA,ALL,AL45-2004,
CHEVROLET,AVALANCHE 1500,WITH AND WITHOUT CLADDING,45-4001,
CHEVROLET,AVALANCHE 2500,ALL,45-4002,
CHEVROLET,SILVERADO 1500,ALL,45-4001,
CHEVROLET,SILVERADO 1500,CLASSIC ONLY,45-4001,
CHEVROLET,SILVERADO 1500,ALL,45-4005,
CHEVROLET,SILVERADO 1500,ALL,45-4012,
CHEVROLET,SILVERADO 2500LD,ALL,45-4002,
CHEVROLET,SILVERADO 1500HD,ALL,45-4002,
CHEVROLET,SILVERADO 2500HD,ALL,45-4002,
CHEVROLET,SILVERADO 3500HD,ALL,45-4002,
CHEVROLET,SILVERADO 1500HD,CLASSIC ONLY,45-4002,
CHEVROLET,SILVERADO 2500HD,CLASSIC ONLY,45-4002,
CHEVROLET,SILVERADO 3500HD,CLASSIC ONLY,45-4002,
CHEVROLET,SILVERADO 2500HD,ALL,45-4006,
CHEVROLET,SILVERADO 3500HD,ALL,45-4006,
CHEVROLET,SILVERADO 2500HD,ALL,45-4013,
CHEVROLET,SILVERADO 3500HD,ALL,45-4013,
CHEVROLET,SUBURBAN 1500,ALL,45-4001,
CHEVROLET,SUBURBAN 2500,ALL,45-4002,
CHEVROLET,TAHOE,ALL,45-4001,
CHEVROLET,TAHOE 2500,ALL,45-4002,
DODGE,RAM,MEGA CAB,45-5006,
DODGE,RAM,MEGA CAB,45-5006,
DODGE,RAM 1500,QUAD CAB,45-5006,
DODGE,RAM 1500,ALL,45-5005,
DODGE,RAM 2500,QUAD CAB,45-5006,
DODGE,RAM 3500,QUAD CAB,45-5006,
DODGE,RAM 2500,CREW CAB,45-5006,
DODGE,RAM 3500,CREW CAB,45-5006,
FORD,EXCURSION,ALL,45-3001,
FORD,F-150,ALL,45-3007,
FORD,F-250,SUPER DUTY,45-3001,
FORD,F-350,SUPER DUTY,45-3001,
FORD,F-250,SUPER DUTY,45-3006,
FORD,F-350,SUPER DUTY,45-3006,
FORD,F-350,SUPER DUTY,45-3012,
FORD,F-450,SUPER DUTY,45-3012,
FORD,F-550,SUPER DUTY,45-3012,
GMC,SIERRA 1500,ALL,45-4001,
GMC,SIERRA 1500,CLASSIC ONLY,45-4001,
GMC,SIERRA 1500,ALL,45-4005,
GMC,SIERRA 1500,ALL,45-4012,
GMC,SIERRA 2500LD,ALL,45-4002,
GMC,SIERRA 1500HD,ALL,45-4002,
GMC,SIERRA 2500HD,ALL,45-4002,
GMC,SIERRA 3500HD,ALL,45-4002,
GMC,SIERRA 1500HD,CLASSIC ONLY,45-4002,
GMC,SIERRA 2500HD,CLASSIC ONLY,45-4002,
GMC,SIERRA 3500HD,CLASSIC ONLY,45-4002,
GMC,SIERRA 2500HD,ALL,45-4006,
GMC,SIERRA 3500HD,ALL,45-4006,
GMC,SIERRA 2500HD,ALL,45-4013,
GMC,SIERRA 3500HD,ALL,45-4013,
GMC,YUKON,ALL,45-4001,
GMC,YUKON XL 1500,ALL,45-4001,
GMC,YUKON XL 2500LD,ALL,45-4002,
TOYOTA,SEQUOIA,ALL,45-2004,
TOYOTA,TUNDRA,ALL,45-2004,
CHEVROLET,AVALANCHE 1500,WITH AND WITHOUT CLADDING,AL45-4001,
CHEVROLET,AVALANCHE 2500,ALL,AL45-4002,
CHEVROLET,SILVERADO 1500,ALL,AL45-4001,
CHEVROLET,SILVERADO 1500,CLASSIC ONLY,AL45-4001,
CHEVROLET,SILVERADO 1500,ALL,AL45-4005,
CHEVROLET,SILVERADO 1500,ALL,AL45-4012,
CHEVROLET,SILVERADO 2500LD,ALL,AL45-4002,
CHEVROLET,SILVERADO 1500HD,ALL,AL45-4002,
CHEVROLET,SILVERADO 2500HD,ALL,AL45-4002,
CHEVROLET,SILVERADO 3500HD,ALL,AL45-4002,
CHEVROLET,SILVERADO 1500HD,CLASSIC ONLY,AL45-4002,
CHEVROLET,SILVERADO 2500HD,CLASSIC ONLY,AL45-4002,
CHEVROLET,SILVERADO 3500HD,CLASSIC ONLY,AL45-4002,
CHEVROLET,SILVERADO 2500HD,ALL,AL45-4006,
CHEVROLET,SILVERADO 3500HD,ALL,AL45-4006,
CHEVROLET,SILVERADO 2500HD,ALL,AL45-4013,
CHEVROLET,SILVERADO 3500HD,ALL,AL45-4013,
CHEVROLET,SUBURBAN 1500,ALL,AL45-4001,
CHEVROLET,SUBURBAN 2500,ALL,AL45-4002,
CHEVROLET,TAHOE,ALL,AL45-4001,
CHEVROLET,TAHOE 2500,ALL,AL45-4002,
DODGE,RAM,MEGA CAB,AL45-5006,
DODGE,RAM,MEGA CAB,AL45-5006,
DODGE,RAM 1500,QUAD CAB,AL45-5006,
DODGE,RAM 1500,ALL,AL45-5005,
DODGE,RAM 2500,QUAD CAB,AL45-5006,
DODGE,RAM 3500,QUAD CAB,AL45-5006,
DODGE,RAM 2500,CREW CAB,AL45-5006,
DODGE,RAM 3500,CREW CAB,AL45-5006,
FORD,EXCURSION,ALL,AL45-3001,
FORD,F-150,ALL,AL45-3007,
FORD,F-250,SUPER DUTY,AL45-3001,
FORD,F-350,SUPER DUTY,AL45-3001,
FORD,F-250,SUPER DUTY,AL45-3006,
FORD,F-350,SUPER DUTY,AL45-3006,
FORD,F-350,SUPER DUTY,AL45-3012,
FORD,F-450,SUPER DUTY,AL45-3012,
FORD,F-550,SUPER DUTY,AL45-3012,
GMC,SIERRA 1500,ALL,AL45-4001,
GMC,SIERRA 1500,CLASSIC ONLY,AL45-4001,
GMC,SIERRA 1500,ALL,AL45-4005,
GMC,SIERRA 1500,ALL,AL45-4012,
GMC,SIERRA 2500LD,ALL,AL45-4002,
GMC,SIERRA 1500HD,ALL,AL45-4002,
GMC,SIERRA 2500HD,ALL,AL45-4002,
GMC,SIERRA 3500HD,ALL,AL45-4002,
GMC,SIERRA 1500HD,CLASSIC ONLY,AL45-4002,
GMC,SIERRA 2500HD,CLASSIC ONLY,AL45-4002,
GMC,SIERRA 3500HD,CLASSIC ONLY,AL45-4002,
GMC,SIERRA 2500HD,ALL,AL45-4006,
GMC,SIERRA 3500HD,ALL,AL45-4006,
GMC,SIERRA 2500HD,ALL,AL45-4013,
GMC,SIERRA 3500HD,ALL,AL45-4013,
GMC,YUKON,ALL,AL45-4001,
GMC,YUKON XL 1500,ALL,AL45-4001,
GMC,YUKON XL 2500LD,ALL,AL45-4002,
NISSAN,TITAN,ALL,AL45-9001,
TOYOTA,SEQUOIA,ALL,AL45-2004,
TOYOTA,TUNDRA,ALL,AL45-2004,