AL234009 ,CHEVROLET,SILVERADO 1500,EXTENDED CAB (BUSHING MOUNT),1999
AL234046 ,CHEVROLET,SILVERADO 1500,EXTENDED CAB (ROCKER MOUNT),2007
AL234046 ,CHEVROLET,SILVERADO 2500,EXTENDED CAB (ROCKER MOUNT),2007
AL234046 ,CHEVROLET,SILVERADO 3500,EXTENDED CAB (ROCKER MOUNT),2007
AL234046 ,CHEVROLET,SILVERADO 1500,DOUBLE CAB (ROCKER MOUNT),2014
AL234046 ,CHEVROLET,SILVERADO 2500,DOUBLE CAB (ROCKER MOUNT),2014
AL234046 ,CHEVROLET,SILVERADO 3500,DOUBLE CAB (ROCKER MOUNT),2014
AL234045 ,CHEVROLET,SILVERADO 1500,CREW CAB,2007
AL234045 ,CHEVROLET,SILVERADO 2500,CREW CAB,2007
AL234045 ,CHEVROLET,SILVERADO 3500,CREW CAB,2007
AL234013,CHEVROLET,SILVERADO 2500,CREW CAB,2001
AL234013,CHEVROLET,SILVERADO 3500,CREW CAB,2001
AL234009,CHEVROLET,SILVERADO 1500HD,EXTENDED CAB (BUSHING MOUNT),2001
AL234009,CHEVROLET,SILVERADO 2500HD,EXTENDED CAB (BUSHING MOUNT),2001
AL235008 ,DODGE,RAM,QUAD CAB (BUSHING MOUNT),2002
AL235033 ,DODGE,RAM 1500,CREW CAB (ROCKER PANEL MOUNT),2009
AL235017 ,DODGE,RAM 1500,QUAD CAB (ROCKER PANEL MOUNT),2009
AL235033 ,DODGE,RAM 2500,CREW CAB (ROCKER PANEL MOUNT),2010
AL235033 ,DODGE,RAM 3500,CREW CAB (ROCKER PANEL MOUNT),2010
AL233006,FORD,EXCURSION,,2001
AL233015,FORD,F-150,CREW CAB,2004
AL233039 ,FORD,F-150,CREW CAB,2009
AL233006,FORD,F-250,SUPER DUTY (CREW CAB),1999
AL233006,FORD,F-350,SUPER DUTY (CREW CAB),1999
AL234009 ,GMC,SIERRA 1500,EXTENDED CAB (BUSHING MOUNT),1999
AL234046 ,GMC,SIERRA 1500,EXTENDED CAB (ROCKER MOUNT),2007
AL234046 ,GMC,SIERRA 2500,EXTENDED CAB (ROCKER MOUNT),2007
AL234046 ,GMC,SIERRA 3500,EXTENDED CAB (ROCKER MOUNT),2007
AL234046 ,GMC,SIERRA 1500,DOUBLE CAB (ROCKER MOUNT),2014
AL234046 ,GMC,SIERRA 2500,DOUBLE CAB (ROCKER MOUNT),2014
AL234046 ,GMC,SIERRA 3500,DOUBLE CAB (ROCKER MOUNT),2014
AL234045 ,GMC,SIERRA 1500,CREW CAB,2007
AL234045 ,GMC,SIERRA 2500,CREW CAB,2007
AL234045 ,GMC,SIERRA 3500,CREW CAB,2007
AL234013,GMC,SIERRA 2500,CREW CAB,2001
AL234013,GMC,SIERRA 3500,CREW CAB,2001
AL234009 ,GMC,SIERRA 1500HD,EXTENDED CAB (BUSHING MOUNT),2001
AL234009 ,GMC,SIERRA 2500HD,EXTENDED CAB (BUSHING MOUNT),2001
AL231008,JEEP,WRANGLER,2-DOOR,2007
AL231007,JEEP,WRANGLER,4-DOOR,2007
AL239006,NISSAN,TITAN,CREW CAB,2004
AL232009 ,TOYOTA,TACOMA,CREW CAB,2005
AL232013 ,TOYOTA,TUNDRA,CREWMAX,2007
AL232012,TOYOTA,TUNDRA,DOUBLE CAB,2007
AL234009 ,CHEVROLET,SILVERADO 1500,EXTENDED CAB (BUSHING MOUNT),2000
AL234046 ,CHEVROLET,SILVERADO 1500,EXTENDED CAB (ROCKER MOUNT),2008
AL234046 ,CHEVROLET,SILVERADO 2500,EXTENDED CAB (ROCKER MOUNT),2008
AL234046 ,CHEVROLET,SILVERADO 3500,EXTENDED CAB (ROCKER MOUNT),2008
AL234046 ,CHEVROLET,SILVERADO 1500,DOUBLE CAB (ROCKER MOUNT),2015
AL234046 ,CHEVROLET,SILVERADO 2500,DOUBLE CAB (ROCKER MOUNT),2015
AL234046 ,CHEVROLET,SILVERADO 3500,DOUBLE CAB (ROCKER MOUNT),2015
AL234045 ,CHEVROLET,SILVERADO 1500,CREW CAB,2008
AL234045 ,CHEVROLET,SILVERADO 2500,CREW CAB,2008
AL234045 ,CHEVROLET,SILVERADO 3500,CREW CAB,2008
AL234013,CHEVROLET,SILVERADO 2500,CREW CAB,2002
AL234013,CHEVROLET,SILVERADO 3500,CREW CAB,2002
AL234009,CHEVROLET,SILVERADO 1500HD,EXTENDED CAB (BUSHING MOUNT),2002
AL234009,CHEVROLET,SILVERADO 2500HD,EXTENDED CAB (BUSHING MOUNT),2002
AL235008 ,DODGE,RAM,QUAD CAB (BUSHING MOUNT),2003
AL235033 ,DODGE,RAM 1500,CREW CAB (ROCKER PANEL MOUNT),2010
AL235017 ,DODGE,RAM 1500,QUAD CAB (ROCKER PANEL MOUNT),2010
AL235033 ,DODGE,RAM 2500,CREW CAB (ROCKER PANEL MOUNT),2011
AL235033 ,DODGE,RAM 3500,CREW CAB (ROCKER PANEL MOUNT),2011
AL233006,FORD,EXCURSION,,2002
AL233015,FORD,F-150,CREW CAB,2005
AL233039 ,FORD,F-150,CREW CAB,2010
AL233006,FORD,F-250,SUPER DUTY (CREW CAB),2000
AL233006,FORD,F-350,SUPER DUTY (CREW CAB),2000
AL234009 ,GMC,SIERRA 1500,EXTENDED CAB (BUSHING MOUNT),2000
AL234046 ,GMC,SIERRA 1500,EXTENDED CAB (ROCKER MOUNT),2008
AL234046 ,GMC,SIERRA 2500,EXTENDED CAB (ROCKER MOUNT),2008
AL234046 ,GMC,SIERRA 3500,EXTENDED CAB (ROCKER MOUNT),2008
AL234046 ,GMC,SIERRA 1500,DOUBLE CAB (ROCKER MOUNT),2015
AL234046 ,GMC,SIERRA 2500,DOUBLE CAB (ROCKER MOUNT),2015
AL234046 ,GMC,SIERRA 3500,DOUBLE CAB (ROCKER MOUNT),2015
AL234045 ,GMC,SIERRA 1500,CREW CAB,2008
AL234045 ,GMC,SIERRA 2500,CREW CAB,2008
AL234045 ,GMC,SIERRA 3500,CREW CAB,2008
AL234013,GMC,SIERRA 2500,CREW CAB,2002
AL234013,GMC,SIERRA 3500,CREW CAB,2002
AL234009 ,GMC,SIERRA 1500HD,EXTENDED CAB (BUSHING MOUNT),2002
AL234009 ,GMC,SIERRA 2500HD,EXTENDED CAB (BUSHING MOUNT),2002
AL231008,JEEP,WRANGLER,2-DOOR,2008
AL231007,JEEP,WRANGLER,4-DOOR,2008
AL239006,NISSAN,TITAN,CREW CAB,2005
AL232009 ,TOYOTA,TACOMA,CREW CAB,2006
AL232013 ,TOYOTA,TUNDRA,CREWMAX,2008
AL232012,TOYOTA,TUNDRA,DOUBLE CAB,2008
AL234009 ,CHEVROLET,SILVERADO 1500,EXTENDED CAB (BUSHING MOUNT),2001
AL234046 ,CHEVROLET,SILVERADO 1500,EXTENDED CAB (ROCKER MOUNT),2009
AL234046 ,CHEVROLET,SILVERADO 2500,EXTENDED CAB (ROCKER MOUNT),2009
AL234046 ,CHEVROLET,SILVERADO 3500,EXTENDED CAB (ROCKER MOUNT),2009
AL234045 ,CHEVROLET,SILVERADO 1500,CREW CAB,2009
AL234045 ,CHEVROLET,SILVERADO 2500,CREW CAB,2009
AL234045 ,CHEVROLET,SILVERADO 3500,CREW CAB,2009
AL234013,CHEVROLET,SILVERADO 2500,CREW CAB,2003
AL234013,CHEVROLET,SILVERADO 3500,CREW CAB,2003
AL234009,CHEVROLET,SILVERADO 1500HD,EXTENDED CAB (BUSHING MOUNT),2003
AL234009,CHEVROLET,SILVERADO 2500HD,EXTENDED CAB (BUSHING MOUNT),2003
AL235008 ,DODGE,RAM,QUAD CAB (BUSHING MOUNT),2004
AL235033 ,DODGE,RAM 1500,CREW CAB (ROCKER PANEL MOUNT),2011
AL235017 ,DODGE,RAM 1500,QUAD CAB (ROCKER PANEL MOUNT),2011
AL235033 ,DODGE,RAM 2500,CREW CAB (ROCKER PANEL MOUNT),2012
AL235033 ,DODGE,RAM 3500,CREW CAB (ROCKER PANEL MOUNT),2012
AL233006,FORD,EXCURSION,,2003
AL233015,FORD,F-150,CREW CAB,2006
AL233039 ,FORD,F-150,CREW CAB,2011
AL233006,FORD,F-250,SUPER DUTY (CREW CAB),2001
AL233006,FORD,F-350,SUPER DUTY (CREW CAB),2001
AL234009 ,GMC,SIERRA 1500,EXTENDED CAB (BUSHING MOUNT),2001
AL234046 ,GMC,SIERRA 1500,EXTENDED CAB (ROCKER MOUNT),2009
AL234046 ,GMC,SIERRA 2500,EXTENDED CAB (ROCKER MOUNT),2009
AL234046 ,GMC,SIERRA 3500,EXTENDED CAB (ROCKER MOUNT),2009
AL234045 ,GMC,SIERRA 1500,CREW CAB,2009
AL234045 ,GMC,SIERRA 2500,CREW CAB,2009
AL234045 ,GMC,SIERRA 3500,CREW CAB,2009
AL234013,GMC,SIERRA 2500,CREW CAB,2003
AL234013,GMC,SIERRA 3500,CREW CAB,2003
AL234009 ,GMC,SIERRA 1500HD,EXTENDED CAB (BUSHING MOUNT),2003
AL234009 ,GMC,SIERRA 2500HD,EXTENDED CAB (BUSHING MOUNT),2003
AL231008,JEEP,WRANGLER,2-DOOR,2009
AL231007,JEEP,WRANGLER,4-DOOR,2009
AL239006,NISSAN,TITAN,CREW CAB,2006
AL232009 ,TOYOTA,TACOMA,CREW CAB,2007
AL232013 ,TOYOTA,TUNDRA,CREWMAX,2009
AL232012,TOYOTA,TUNDRA,DOUBLE CAB,2009
AL234009 ,CHEVROLET,SILVERADO 1500,EXTENDED CAB (BUSHING MOUNT),2002
AL234046 ,CHEVROLET,SILVERADO 1500,EXTENDED CAB (ROCKER MOUNT),2010
AL234046 ,CHEVROLET,SILVERADO 2500,EXTENDED CAB (ROCKER MOUNT),2010
AL234046 ,CHEVROLET,SILVERADO 3500,EXTENDED CAB (ROCKER MOUNT),2010
AL234045 ,CHEVROLET,SILVERADO 1500,CREW CAB,2010
AL234045 ,CHEVROLET,SILVERADO 2500,CREW CAB,2010
AL234045 ,CHEVROLET,SILVERADO 3500,CREW CAB,2010
AL234013,CHEVROLET,SILVERADO 2500,CREW CAB,2004
AL234013,CHEVROLET,SILVERADO 3500,CREW CAB,2004
AL234009,CHEVROLET,SILVERADO 1500HD,EXTENDED CAB (BUSHING MOUNT),2004
AL234009,CHEVROLET,SILVERADO 2500HD,EXTENDED CAB (BUSHING MOUNT),2004
AL235008 ,DODGE,RAM,QUAD CAB (BUSHING MOUNT),2005
AL235033 ,DODGE,RAM 1500,CREW CAB (ROCKER PANEL MOUNT),2012
AL235017 ,DODGE,RAM 1500,QUAD CAB (ROCKER PANEL MOUNT),2012
AL235033 ,DODGE,RAM 2500,CREW CAB (ROCKER PANEL MOUNT),2013
AL235033 ,DODGE,RAM 3500,CREW CAB (ROCKER PANEL MOUNT),2013
AL233006,FORD,EXCURSION,,2004
AL233015,FORD,F-150,CREW CAB,2007
AL233039 ,FORD,F-150,CREW CAB,2012
AL233006,FORD,F-250,SUPER DUTY (CREW CAB),2002
AL233006,FORD,F-350,SUPER DUTY (CREW CAB),2002
AL234009 ,GMC,SIERRA 1500,EXTENDED CAB (BUSHING MOUNT),2002
AL234046 ,GMC,SIERRA 1500,EXTENDED CAB (ROCKER MOUNT),2010
AL234046 ,GMC,SIERRA 2500,EXTENDED CAB (ROCKER MOUNT),2010
AL234046 ,GMC,SIERRA 3500,EXTENDED CAB (ROCKER MOUNT),2010
AL234045 ,GMC,SIERRA 1500,CREW CAB,2010
AL234045 ,GMC,SIERRA 2500,CREW CAB,2010
AL234045 ,GMC,SIERRA 3500,CREW CAB,2010
AL234013,GMC,SIERRA 2500,CREW CAB,2004
AL234013,GMC,SIERRA 3500,CREW CAB,2004
AL234009 ,GMC,SIERRA 1500HD,EXTENDED CAB (BUSHING MOUNT),2004
AL234009 ,GMC,SIERRA 2500HD,EXTENDED CAB (BUSHING MOUNT),2004
AL231008,JEEP,WRANGLER,2-DOOR,2010
AL231007,JEEP,WRANGLER,4-DOOR,2010
AL239006,NISSAN,TITAN,CREW CAB,2007
AL232009 ,TOYOTA,TACOMA,CREW CAB,2008
AL232013 ,TOYOTA,TUNDRA,CREWMAX,2010
AL232012,TOYOTA,TUNDRA,DOUBLE CAB,2010
AL234009 ,CHEVROLET,SILVERADO 1500,EXTENDED CAB (BUSHING MOUNT),2003
AL234046 ,CHEVROLET,SILVERADO 1500,EXTENDED CAB (ROCKER MOUNT),2011
AL234046 ,CHEVROLET,SILVERADO 2500,EXTENDED CAB (ROCKER MOUNT),2011
AL234046 ,CHEVROLET,SILVERADO 3500,EXTENDED CAB (ROCKER MOUNT),2011
AL234045 ,CHEVROLET,SILVERADO 1500,CREW CAB,2011
AL234045 ,CHEVROLET,SILVERADO 2500,CREW CAB,2011
AL234045 ,CHEVROLET,SILVERADO 3500,CREW CAB,2011
AL234013,CHEVROLET,SILVERADO 2500,CREW CAB,2005
AL234013,CHEVROLET,SILVERADO 3500,CREW CAB,2005
AL234009,CHEVROLET,SILVERADO 1500HD,EXTENDED CAB (BUSHING MOUNT),2005
AL234009,CHEVROLET,SILVERADO 2500HD,EXTENDED CAB (BUSHING MOUNT),2005
AL235008 ,DODGE,RAM,QUAD CAB (BUSHING MOUNT),2006
AL235033 ,DODGE,RAM 1500,CREW CAB (ROCKER PANEL MOUNT),2013
AL235017 ,DODGE,RAM 1500,QUAD CAB (ROCKER PANEL MOUNT),2013
AL235033 ,DODGE,RAM 2500,CREW CAB (ROCKER PANEL MOUNT),2014
AL235033 ,DODGE,RAM 3500,CREW CAB (ROCKER PANEL MOUNT),2014
AL233006,FORD,EXCURSION,,2005
AL233015,FORD,F-150,CREW CAB,2008
AL233039 ,FORD,F-150,CREW CAB,2013
AL233006,FORD,F-250,SUPER DUTY (CREW CAB),2003
AL233006,FORD,F-350,SUPER DUTY (CREW CAB),2003
AL234009 ,GMC,SIERRA 1500,EXTENDED CAB (BUSHING MOUNT),2003
AL234046 ,GMC,SIERRA 1500,EXTENDED CAB (ROCKER MOUNT),2011
AL234046 ,GMC,SIERRA 2500,EXTENDED CAB (ROCKER MOUNT),2011
AL234046 ,GMC,SIERRA 3500,EXTENDED CAB (ROCKER MOUNT),2011
AL234045 ,GMC,SIERRA 1500,CREW CAB,2011
AL234045 ,GMC,SIERRA 2500,CREW CAB,2011
AL234045 ,GMC,SIERRA 3500,CREW CAB,2011
AL234013,GMC,SIERRA 2500,CREW CAB,2005
AL234013,GMC,SIERRA 3500,CREW CAB,2005
AL234009 ,GMC,SIERRA 1500HD,EXTENDED CAB (BUSHING MOUNT),2005
AL234009 ,GMC,SIERRA 2500HD,EXTENDED CAB (BUSHING MOUNT),2005
AL231008,JEEP,WRANGLER,2-DOOR,2011
AL231007,JEEP,WRANGLER,4-DOOR,2011
AL239006,NISSAN,TITAN,CREW CAB,2008
AL232009 ,TOYOTA,TACOMA,CREW CAB,2009
AL232013 ,TOYOTA,TUNDRA,CREWMAX,2011
AL232012,TOYOTA,TUNDRA,DOUBLE CAB,2011
AL234009 ,CHEVROLET,SILVERADO 1500,EXTENDED CAB (BUSHING MOUNT),2004
AL234046 ,CHEVROLET,SILVERADO 1500,EXTENDED CAB (ROCKER MOUNT),2012
AL234046 ,CHEVROLET,SILVERADO 2500,EXTENDED CAB (ROCKER MOUNT),2012
AL234046 ,CHEVROLET,SILVERADO 3500,EXTENDED CAB (ROCKER MOUNT),2012
AL234045 ,CHEVROLET,SILVERADO 1500,CREW CAB,2012
AL234045 ,CHEVROLET,SILVERADO 2500,CREW CAB,2012
AL234045 ,CHEVROLET,SILVERADO 3500,CREW CAB,2012
AL234013,CHEVROLET,SILVERADO 2500,CREW CAB,2006
AL234013,CHEVROLET,SILVERADO 3500,CREW CAB,2006
AL234009,CHEVROLET,SILVERADO 1500HD,EXTENDED CAB (BUSHING MOUNT),2006
AL234009,CHEVROLET,SILVERADO 2500HD,EXTENDED CAB (BUSHING MOUNT),2006
AL235008 ,DODGE,RAM,QUAD CAB (BUSHING MOUNT),2007
AL235033 ,DODGE,RAM 1500,CREW CAB (ROCKER PANEL MOUNT),2014
AL235017 ,DODGE,RAM 1500,QUAD CAB (ROCKER PANEL MOUNT),2014
AL235033 ,DODGE,RAM 2500,CREW CAB (ROCKER PANEL MOUNT),2015
AL235033 ,DODGE,RAM 3500,CREW CAB (ROCKER PANEL MOUNT),2015
AL233006,FORD,EXCURSION,,2006
AL233039 ,FORD,F-150,CREW CAB,2014
AL233006,FORD,F-250,SUPER DUTY (CREW CAB),2004
AL233006,FORD,F-350,SUPER DUTY (CREW CAB),2004
AL234009 ,GMC,SIERRA 1500,EXTENDED CAB (BUSHING MOUNT),2004
AL234046 ,GMC,SIERRA 1500,EXTENDED CAB (ROCKER MOUNT),2012
AL234046 ,GMC,SIERRA 2500,EXTENDED CAB (ROCKER MOUNT),2012
AL234046 ,GMC,SIERRA 3500,EXTENDED CAB (ROCKER MOUNT),2012
AL234045 ,GMC,SIERRA 1500,CREW CAB,2012
AL234045 ,GMC,SIERRA 2500,CREW CAB,2012
AL234045 ,GMC,SIERRA 3500,CREW CAB,2012
AL234013,GMC,SIERRA 2500,CREW CAB,2006
AL234013,GMC,SIERRA 3500,CREW CAB,2006
AL234009 ,GMC,SIERRA 1500HD,EXTENDED CAB (BUSHING MOUNT),2006
AL234009 ,GMC,SIERRA 2500HD,EXTENDED CAB (BUSHING MOUNT),2006
AL231008,JEEP,WRANGLER,2-DOOR,2012
AL231007,JEEP,WRANGLER,4-DOOR,2012
AL239006,NISSAN,TITAN,CREW CAB,2009
AL232009 ,TOYOTA,TACOMA,CREW CAB,2010
AL232013 ,TOYOTA,TUNDRA,CREWMAX,2012
AL232012,TOYOTA,TUNDRA,DOUBLE CAB,2012
AL234009 ,CHEVROLET,SILVERADO 1500,EXTENDED CAB (BUSHING MOUNT),2005
AL234046 ,CHEVROLET,SILVERADO 1500,EXTENDED CAB (ROCKER MOUNT),2013
AL234046 ,CHEVROLET,SILVERADO 2500,EXTENDED CAB (ROCKER MOUNT),2013
AL234046 ,CHEVROLET,SILVERADO 3500,EXTENDED CAB (ROCKER MOUNT),2013
AL234045 ,CHEVROLET,SILVERADO 1500,CREW CAB,2013
AL234045 ,CHEVROLET,SILVERADO 2500,CREW CAB,2013
AL234045 ,CHEVROLET,SILVERADO 3500,CREW CAB,2013
AL234013,CHEVROLET,SILVERADO 2500,CREW CAB,2007
AL234013,CHEVROLET,SILVERADO 3500,CREW CAB,2007
AL234009,CHEVROLET,SILVERADO 1500HD,EXTENDED CAB (BUSHING MOUNT),2007
AL234009,CHEVROLET,SILVERADO 2500HD,EXTENDED CAB (BUSHING MOUNT),2007
AL235033 ,DODGE,RAM 1500,CREW CAB (ROCKER PANEL MOUNT),2015
AL235017 ,DODGE,RAM 1500,QUAD CAB (ROCKER PANEL MOUNT),2015
AL233006,FORD,F-250,SUPER DUTY (CREW CAB),2005
AL233006,FORD,F-350,SUPER DUTY (CREW CAB),2005
AL234009 ,GMC,SIERRA 1500,EXTENDED CAB (BUSHING MOUNT),2005
AL234046 ,GMC,SIERRA 1500,EXTENDED CAB (ROCKER MOUNT),2013
AL234046 ,GMC,SIERRA 2500,EXTENDED CAB (ROCKER MOUNT),2013
AL234046 ,GMC,SIERRA 3500,EXTENDED CAB (ROCKER MOUNT),2013
AL234045 ,GMC,SIERRA 1500,CREW CAB,2013
AL234045 ,GMC,SIERRA 2500,CREW CAB,2013
AL234045 ,GMC,SIERRA 3500,CREW CAB,2013
AL234013,GMC,SIERRA 2500,CREW CAB,2007
AL234013,GMC,SIERRA 3500,CREW CAB,2007
AL234009 ,GMC,SIERRA 1500HD,EXTENDED CAB (BUSHING MOUNT),2007
AL234009 ,GMC,SIERRA 2500HD,EXTENDED CAB (BUSHING MOUNT),2007
AL231008,JEEP,WRANGLER,2-DOOR,2013
AL231007,JEEP,WRANGLER,4-DOOR,2013
AL239006,NISSAN,TITAN,CREW CAB,2010
AL232009 ,TOYOTA,TACOMA,CREW CAB,2011
AL232013 ,TOYOTA,TUNDRA,CREWMAX,2013
AL232012,TOYOTA,TUNDRA,DOUBLE CAB,2013
AL234009 ,CHEVROLET,SILVERADO 1500,EXTENDED CAB (BUSHING MOUNT),2006
AL234045 ,CHEVROLET,SILVERADO 1500,CREW CAB,2014
AL234045 ,CHEVROLET,SILVERADO 2500,CREW CAB,2014
AL234045 ,CHEVROLET,SILVERADO 3500,CREW CAB,2014
AL234013,CHEVROLET,SILVERADO 2500,CREW CAB,2008
AL234013,CHEVROLET,SILVERADO 3500,CREW CAB,2008
AL234009,CHEVROLET,SILVERADO 1500HD,EXTENDED CAB (BUSHING MOUNT),2008
AL234009,CHEVROLET,SILVERADO 2500HD,EXTENDED CAB (BUSHING MOUNT),2008
AL233006,FORD,F-250,SUPER DUTY (CREW CAB),2006
AL233006,FORD,F-350,SUPER DUTY (CREW CAB),2006
AL234009 ,GMC,SIERRA 1500,EXTENDED CAB (BUSHING MOUNT),2006
AL234045 ,GMC,SIERRA 1500,CREW CAB,2014
AL234045 ,GMC,SIERRA 2500,CREW CAB,2014
AL234045 ,GMC,SIERRA 3500,CREW CAB,2014
AL234013,GMC,SIERRA 2500,CREW CAB,2008
AL234013,GMC,SIERRA 3500,CREW CAB,2008
AL234009 ,GMC,SIERRA 1500HD,EXTENDED CAB (BUSHING MOUNT),2008
AL234009 ,GMC,SIERRA 2500HD,EXTENDED CAB (BUSHING MOUNT),2008
AL231008,JEEP,WRANGLER,2-DOOR,2014
AL231007,JEEP,WRANGLER,4-DOOR,2014
AL239006,NISSAN,TITAN,CREW CAB,2011
AL232009 ,TOYOTA,TACOMA,CREW CAB,2012
AL232013 ,TOYOTA,TUNDRA,CREWMAX,2014
AL232012,TOYOTA,TUNDRA,DOUBLE CAB,2014
AL234009 ,CHEVROLET,SILVERADO 1500,EXTENDED CAB (BUSHING MOUNT),2007
AL234045 ,CHEVROLET,SILVERADO 1500,CREW CAB,2015
AL234045 ,CHEVROLET,SILVERADO 2500,CREW CAB,2015
AL234045 ,CHEVROLET,SILVERADO 3500,CREW CAB,2015
AL234013,CHEVROLET,SILVERADO 2500,CREW CAB,2009
AL234013,CHEVROLET,SILVERADO 3500,CREW CAB,2009
AL234009,CHEVROLET,SILVERADO 1500HD,EXTENDED CAB (BUSHING MOUNT),2009
AL234009,CHEVROLET,SILVERADO 2500HD,EXTENDED CAB (BUSHING MOUNT),2009
AL233006,FORD,F-250,SUPER DUTY (CREW CAB),2007
AL233006,FORD,F-350,SUPER DUTY (CREW CAB),2007
AL234009 ,GMC,SIERRA 1500,EXTENDED CAB (BUSHING MOUNT),2007
AL234045 ,GMC,SIERRA 1500,CREW CAB,2015
AL234045 ,GMC,SIERRA 2500,CREW CAB,2015
AL234045 ,GMC,SIERRA 3500,CREW CAB,2015
AL234013,GMC,SIERRA 2500,CREW CAB,2009
AL234013,GMC,SIERRA 3500,CREW CAB,2009
AL234009 ,GMC,SIERRA 1500HD,EXTENDED CAB (BUSHING MOUNT),2009
AL234009 ,GMC,SIERRA 2500HD,EXTENDED CAB (BUSHING MOUNT),2009
AL231008,JEEP,WRANGLER,2-DOOR,2015
AL231007,JEEP,WRANGLER,4-DOOR,2015
AL239006,NISSAN,TITAN,CREW CAB,2012
AL232009 ,TOYOTA,TACOMA,CREW CAB,2013
AL232013 ,TOYOTA,TUNDRA,CREWMAX,2015
AL232012,TOYOTA,TUNDRA,DOUBLE CAB,2015
AL234009 ,CHEVROLET,SILVERADO 1500,EXTENDED CAB (BUSHING MOUNT),2008
AL234013,CHEVROLET,SILVERADO 2500,CREW CAB,2010
AL234013,CHEVROLET,SILVERADO 3500,CREW CAB,2010
AL234009,CHEVROLET,SILVERADO 1500HD,EXTENDED CAB (BUSHING MOUNT),2010
AL234009,CHEVROLET,SILVERADO 2500HD,EXTENDED CAB (BUSHING MOUNT),2010
AL233006,FORD,F-250,SUPER DUTY (CREW CAB),2008
AL233006,FORD,F-350,SUPER DUTY (CREW CAB),2008
AL234009 ,GMC,SIERRA 1500,EXTENDED CAB (BUSHING MOUNT),2008
AL234013,GMC,SIERRA 2500,CREW CAB,2010
AL234013,GMC,SIERRA 3500,CREW CAB,2010
AL234009 ,GMC,SIERRA 1500HD,EXTENDED CAB (BUSHING MOUNT),2010
AL234009 ,GMC,SIERRA 2500HD,EXTENDED CAB (BUSHING MOUNT),2010
AL239006,NISSAN,TITAN,CREW CAB,2013
AL232009 ,TOYOTA,TACOMA,CREW CAB,2014
AL234009 ,CHEVROLET,SILVERADO 1500,EXTENDED CAB (BUSHING MOUNT),2009
AL234013,CHEVROLET,SILVERADO 2500,CREW CAB,2011
AL234013,CHEVROLET,SILVERADO 3500,CREW CAB,2011
AL234009,CHEVROLET,SILVERADO 1500HD,EXTENDED CAB (BUSHING MOUNT),2011
AL234009,CHEVROLET,SILVERADO 2500HD,EXTENDED CAB (BUSHING MOUNT),2011
AL233006,FORD,F-250,SUPER DUTY (CREW CAB),2009
AL233006,FORD,F-350,SUPER DUTY (CREW CAB),2009
AL234009 ,GMC,SIERRA 1500,EXTENDED CAB (BUSHING MOUNT),2009
AL234013,GMC,SIERRA 2500,CREW CAB,2011
AL234013,GMC,SIERRA 3500,CREW CAB,2011
AL234009 ,GMC,SIERRA 1500HD,EXTENDED CAB (BUSHING MOUNT),2011
AL234009 ,GMC,SIERRA 2500HD,EXTENDED CAB (BUSHING MOUNT),2011
AL239006,NISSAN,TITAN,CREW CAB,2014
AL232009 ,TOYOTA,TACOMA,CREW CAB,2015
AL234009 ,CHEVROLET,SILVERADO 1500,EXTENDED CAB (BUSHING MOUNT),2010
AL234013,CHEVROLET,SILVERADO 2500,CREW CAB,2012
AL234013,CHEVROLET,SILVERADO 3500,CREW CAB,2012
AL234009,CHEVROLET,SILVERADO 1500HD,EXTENDED CAB (BUSHING MOUNT),2012
AL234009,CHEVROLET,SILVERADO 2500HD,EXTENDED CAB (BUSHING MOUNT),2012
AL233006,FORD,F-250,SUPER DUTY (CREW CAB),2010
AL233006,FORD,F-350,SUPER DUTY (CREW CAB),2010
AL234009 ,GMC,SIERRA 1500,EXTENDED CAB (BUSHING MOUNT),2010
AL234013,GMC,SIERRA 2500,CREW CAB,2012
AL234013,GMC,SIERRA 3500,CREW CAB,2012
AL234009 ,GMC,SIERRA 1500HD,EXTENDED CAB (BUSHING MOUNT),2012
AL234009 ,GMC,SIERRA 2500HD,EXTENDED CAB (BUSHING MOUNT),2012
AL239006,NISSAN,TITAN,CREW CAB,2015
AL234009 ,CHEVROLET,SILVERADO 1500,EXTENDED CAB (BUSHING MOUNT),2011
AL234013,CHEVROLET,SILVERADO 2500,CREW CAB,2013
AL234013,CHEVROLET,SILVERADO 3500,CREW CAB,2013
AL234009,CHEVROLET,SILVERADO 1500HD,EXTENDED CAB (BUSHING MOUNT),2013
AL234009,CHEVROLET,SILVERADO 2500HD,EXTENDED CAB (BUSHING MOUNT),2013
AL233006,FORD,F-250,SUPER DUTY (CREW CAB),2011
AL233006,FORD,F-350,SUPER DUTY (CREW CAB),2011
AL234009 ,GMC,SIERRA 1500,EXTENDED CAB (BUSHING MOUNT),2011
AL234013,GMC,SIERRA 2500,CREW CAB,2013
AL234013,GMC,SIERRA 3500,CREW CAB,2013
AL234009 ,GMC,SIERRA 1500HD,EXTENDED CAB (BUSHING MOUNT),2013
AL234009 ,GMC,SIERRA 2500HD,EXTENDED CAB (BUSHING MOUNT),2013
AL234009 ,CHEVROLET,SILVERADO 1500,EXTENDED CAB (BUSHING MOUNT),2012
AL234013,CHEVROLET,SILVERADO 2500,CREW CAB,2014
AL234013,CHEVROLET,SILVERADO 3500,CREW CAB,2014
AL234009,CHEVROLET,SILVERADO 1500HD,EXTENDED CAB (BUSHING MOUNT),2014
AL234009,CHEVROLET,SILVERADO 2500HD,EXTENDED CAB (BUSHING MOUNT),2014
AL233006,FORD,F-250,SUPER DUTY (CREW CAB),2012
AL233006,FORD,F-350,SUPER DUTY (CREW CAB),2012
AL234009 ,GMC,SIERRA 1500,EXTENDED CAB (BUSHING MOUNT),2012
AL234013,GMC,SIERRA 2500,CREW CAB,2014
AL234013,GMC,SIERRA 3500,CREW CAB,2014
AL234009 ,GMC,SIERRA 1500HD,EXTENDED CAB (BUSHING MOUNT),2014
AL234009 ,GMC,SIERRA 2500HD,EXTENDED CAB (BUSHING MOUNT),2014
AL234009 ,CHEVROLET,SILVERADO 1500,EXTENDED CAB (BUSHING MOUNT),2013
AL233006,FORD,F-250,SUPER DUTY (CREW CAB),2013
AL233006,FORD,F-350,SUPER DUTY (CREW CAB),2013
AL234009 ,GMC,SIERRA 1500,EXTENDED CAB (BUSHING MOUNT),2013
AL233006,FORD,F-250,SUPER DUTY (CREW CAB),2014
AL233006,FORD,F-350,SUPER DUTY (CREW CAB),2014
AL234009 ,GMC,SIERRA 1500,EXTENDED CAB (BUSHING MOUNT),2014
AL233006,FORD,F-250,SUPER DUTY (CREW CAB),2015
AL233006,FORD,F-350,SUPER DUTY (CREW CAB),2015
AL234009 ,GMC,SIERRA 1500,EXTENDED CAB (BUSHING MOUNT),2015