45-4001,CHEVROLET,AVALANCHE 1500,WITH AND WITHOUT CLADDING,2001
45-4002,CHEVROLET,AVALANCHE 2500,,2001
45-4001,CHEVROLET,SILVERADO 1500,,1999
45-4001,CHEVROLET,SILVERADO 1500,CLASSIC ONLY,2007
45-4005,CHEVROLET,SILVERADO 1500,,2007
45-4012,CHEVROLET,SILVERADO 1500,,2014
45-4002,CHEVROLET,SILVERADO 2500LD,,1999
45-4002,CHEVROLET,SILVERADO 1500HD,,2001
45-4002,CHEVROLET,SILVERADO 2500HD,,2001
45-4002,CHEVROLET,SILVERADO 3500HD,,2001
45-4002,CHEVROLET,SILVERADO 1500HD,CLASSIC ONLY,2007
45-4002,CHEVROLET,SILVERADO 2500HD,CLASSIC ONLY,2007
45-4002,CHEVROLET,SILVERADO 3500HD,CLASSIC ONLY,2007
45-4006,CHEVROLET,SILVERADO 2500HD,,2007
45-4006,CHEVROLET,SILVERADO 3500HD,,2007
45-4013,CHEVROLET,SILVERADO 2500HD,,2011
45-4013,CHEVROLET,SILVERADO 3500HD,,2011
45-4001,CHEVROLET,SUBURBAN 1500,,2000
45-4002,CHEVROLET,SUBURBAN 2500,,2000
45-4001,CHEVROLET,TAHOE,,2000
45-4002,CHEVROLET,TAHOE 2500,,2000
45-5006,DODGE,RAM,MEGA CAB,2006
45-5006,DODGE,RAM,MEGA CAB,2010
45-5006,DODGE,RAM 1500,QUAD CAB,2002
45-5005,DODGE,RAM 1500,,2009
45-5006,DODGE,RAM 2500,QUAD CAB,2003
45-5006,DODGE,RAM 3500,QUAD CAB,2003
45-5006,DODGE,RAM 2500,CREW CAB,2010
45-5006,DODGE,RAM 3500,CREW CAB,2010
45-3001,FORD,EXCURSION,,2000
45-3007,FORD,F-150,,2004
45-3001,FORD,F-250,SUPER DUTY,1999
45-3001,FORD,F-350,SUPER DUTY,1999
45-3006,FORD,F-250,SUPER DUTY,2008
45-3006,FORD,F-350,SUPER DUTY,2008
45-3012,FORD,F-350,SUPER DUTY,2011
45-3012,FORD,F-450,SUPER DUTY,2011
45-3012,FORD,F-550,SUPER DUTY,2011
45-4001,GMC,SIERRA 1500,,1999
45-4001,GMC,SIERRA 1500,CLASSIC ONLY,2007
45-4005,GMC,SIERRA 1500,,2007
45-4012,GMC,SIERRA 1500,,2014
45-4002,GMC,SIERRA 2500LD,,1999
45-4002,GMC,SIERRA 1500HD,,2001
45-4002,GMC,SIERRA 2500HD,,2001
45-4002,GMC,SIERRA 3500HD,,2001
45-4002,GMC,SIERRA 1500HD,CLASSIC ONLY,2007
45-4002,GMC,SIERRA 2500HD,CLASSIC ONLY,2007
45-4002,GMC,SIERRA 3500HD,CLASSIC ONLY,2007
45-4006,GMC,SIERRA 2500HD,,2007
45-4006,GMC,SIERRA 3500HD,,2007
45-4013,GMC,SIERRA 2500HD,,2011
45-4013,GMC,SIERRA 3500HD,,2011
45-4001,GMC,YUKON,,2000
45-4001,GMC,YUKON XL 1500,,2000
45-4002,GMC,YUKON XL 2500LD,,2000
45-2004,TOYOTA,SEQUOIA,,2008
45-2004,TOYOTA,TUNDRA,,2007
AL45-4001,CHEVROLET,AVALANCHE 1500,WITH AND WITHOUT CLADDING,2001
AL45-4002,CHEVROLET,AVALANCHE 2500,,2001
AL45-4001,CHEVROLET,SILVERADO 1500,,1999
AL45-4001,CHEVROLET,SILVERADO 1500,CLASSIC ONLY,2007
AL45-4005,CHEVROLET,SILVERADO 1500,,2007
AL45-4012,CHEVROLET,SILVERADO 1500,,2014
AL45-4002,CHEVROLET,SILVERADO 2500LD,,1999
AL45-4002,CHEVROLET,SILVERADO 1500HD,,2001
AL45-4002,CHEVROLET,SILVERADO 2500HD,,2001
AL45-4002,CHEVROLET,SILVERADO 3500HD,,2001
AL45-4002,CHEVROLET,SILVERADO 1500HD,CLASSIC ONLY,2007
AL45-4002,CHEVROLET,SILVERADO 2500HD,CLASSIC ONLY,2007
AL45-4002,CHEVROLET,SILVERADO 3500HD,CLASSIC ONLY,2007
AL45-4006,CHEVROLET,SILVERADO 2500HD,,2007
AL45-4006,CHEVROLET,SILVERADO 3500HD,,2007
AL45-4013,CHEVROLET,SILVERADO 2500HD,,2011
AL45-4013,CHEVROLET,SILVERADO 3500HD,,2011
AL45-4001,CHEVROLET,SUBURBAN 1500,,2000
AL45-4002,CHEVROLET,SUBURBAN 2500,,2000
AL45-4001,CHEVROLET,TAHOE,,2000
AL45-4002,CHEVROLET,TAHOE 2500,,2000
AL45-5006,DODGE,RAM,MEGA CAB,2006
AL45-5006,DODGE,RAM,MEGA CAB,2010
AL45-5006,DODGE,RAM 1500,QUAD CAB,2002
AL45-5005,DODGE,RAM 1500,,2009
AL45-5006,DODGE,RAM 2500,QUAD CAB,2003
AL45-5006,DODGE,RAM 3500,QUAD CAB,2003
AL45-5006,DODGE,RAM 2500,CREW CAB,2010
AL45-5006,DODGE,RAM 3500,CREW CAB,2010
AL45-3001,FORD,EXCURSION,,2000
AL45-3007,FORD,F-150,,2004
AL45-3001,FORD,F-250,SUPER DUTY,1999
AL45-3001,FORD,F-350,SUPER DUTY,1999
AL45-3006,FORD,F-250,SUPER DUTY,2008
AL45-3006,FORD,F-350,SUPER DUTY,2008
AL45-3012,FORD,F-350,SUPER DUTY,2011
AL45-3012,FORD,F-450,SUPER DUTY,2011
AL45-3012,FORD,F-550,SUPER DUTY,2011
AL45-4001,GMC,SIERRA 1500,,1999
AL45-4001,GMC,SIERRA 1500,CLASSIC ONLY,2007
AL45-4005,GMC,SIERRA 1500,,2007
AL45-4012,GMC,SIERRA 1500,,2014
AL45-4002,GMC,SIERRA 2500LD,,1999
AL45-4002,GMC,SIERRA 1500HD,,2001
AL45-4002,GMC,SIERRA 2500HD,,2001
AL45-4002,GMC,SIERRA 3500HD,,2001
AL45-4002,GMC,SIERRA 1500HD,CLASSIC ONLY,2007
AL45-4002,GMC,SIERRA 2500HD,CLASSIC ONLY,2007
AL45-4002,GMC,SIERRA 3500HD,CLASSIC ONLY,2007
AL45-4006,GMC,SIERRA 2500HD,,2007
AL45-4006,GMC,SIERRA 3500HD,,2007
AL45-4013,GMC,SIERRA 2500HD,,2011
AL45-4013,GMC,SIERRA 3500HD,,2011
AL45-4001,GMC,YUKON,,2000
AL45-4001,GMC,YUKON XL 1500,,2000
AL45-4002,GMC,YUKON XL 2500LD,,2000
AL45-9001,NISSAN,TITAN,,2004
AL45-2004,TOYOTA,SEQUOIA,,2008
AL45-2004,TOYOTA,TUNDRA,,2007
45-4001,CHEVROLET,AVALANCHE 1500,WITH AND WITHOUT CLADDING,2002
45-4002,CHEVROLET,AVALANCHE 2500,,2002
45-4001,CHEVROLET,SILVERADO 1500,,2000
45-4001,CHEVROLET,SILVERADO 1500,CLASSIC ONLY,
45-4005,CHEVROLET,SILVERADO 1500,,2008
45-4012,CHEVROLET,SILVERADO 1500,,2015
45-4002,CHEVROLET,SILVERADO 2500LD,,2000
45-4002,CHEVROLET,SILVERADO 1500HD,,2002
45-4002,CHEVROLET,SILVERADO 2500HD,,2002
45-4002,CHEVROLET,SILVERADO 3500HD,,2002
45-4002,CHEVROLET,SILVERADO 1500HD,CLASSIC ONLY,
45-4002,CHEVROLET,SILVERADO 2500HD,CLASSIC ONLY,
45-4002,CHEVROLET,SILVERADO 3500HD,CLASSIC ONLY,
45-4006,CHEVROLET,SILVERADO 2500HD,,2008
45-4006,CHEVROLET,SILVERADO 3500HD,,2008
45-4013,CHEVROLET,SILVERADO 2500HD,,2012
45-4013,CHEVROLET,SILVERADO 3500HD,,2012
45-4001,CHEVROLET,SUBURBAN 1500,,2001
45-4002,CHEVROLET,SUBURBAN 2500,,2001
45-4001,CHEVROLET,TAHOE,,2001
45-4002,CHEVROLET,TAHOE 2500,,2001
45-5006,DODGE,RAM,MEGA CAB,2007
45-5006,DODGE,RAM,MEGA CAB,2011
45-5006,DODGE,RAM 1500,QUAD CAB,2003
45-5005,DODGE,RAM 1500,,2010
45-5006,DODGE,RAM 2500,QUAD CAB,2004
45-5006,DODGE,RAM 3500,QUAD CAB,2004
45-5006,DODGE,RAM 2500,CREW CAB,2011
45-5006,DODGE,RAM 3500,CREW CAB,2011
45-3001,FORD,EXCURSION,,2001
45-3007,FORD,F-150,,2005
45-3001,FORD,F-250,SUPER DUTY,2000
45-3001,FORD,F-350,SUPER DUTY,2000
45-3006,FORD,F-250,SUPER DUTY,2009
45-3006,FORD,F-350,SUPER DUTY,2009
45-3012,FORD,F-350,SUPER DUTY,2012
45-3012,FORD,F-450,SUPER DUTY,2012
45-3012,FORD,F-550,SUPER DUTY,2012
45-4001,GMC,SIERRA 1500,,2000
45-4001,GMC,SIERRA 1500,CLASSIC ONLY,
45-4005,GMC,SIERRA 1500,,2008
45-4012,GMC,SIERRA 1500,,2015
45-4002,GMC,SIERRA 2500LD,,2000
45-4002,GMC,SIERRA 1500HD,,2002
45-4002,GMC,SIERRA 2500HD,,2002
45-4002,GMC,SIERRA 3500HD,,2002
45-4002,GMC,SIERRA 1500HD,CLASSIC ONLY,
45-4002,GMC,SIERRA 2500HD,CLASSIC ONLY,
45-4002,GMC,SIERRA 3500HD,CLASSIC ONLY,
45-4006,GMC,SIERRA 2500HD,,2008
45-4006,GMC,SIERRA 3500HD,,2008
45-4013,GMC,SIERRA 2500HD,,2012
45-4013,GMC,SIERRA 3500HD,,2012
45-4001,GMC,YUKON,,2001
45-4001,GMC,YUKON XL 1500,,2001
45-4002,GMC,YUKON XL 2500LD,,2001
45-2004,TOYOTA,SEQUOIA,,2009
45-2004,TOYOTA,TUNDRA,,2008
AL45-4001,CHEVROLET,AVALANCHE 1500,WITH AND WITHOUT CLADDING,2002
AL45-4002,CHEVROLET,AVALANCHE 2500,,2002
AL45-4001,CHEVROLET,SILVERADO 1500,,2000
AL45-4001,CHEVROLET,SILVERADO 1500,CLASSIC ONLY,
AL45-4005,CHEVROLET,SILVERADO 1500,,2008
AL45-4012,CHEVROLET,SILVERADO 1500,,2015
AL45-4002,CHEVROLET,SILVERADO 2500LD,,2000
AL45-4002,CHEVROLET,SILVERADO 1500HD,,2002
AL45-4002,CHEVROLET,SILVERADO 2500HD,,2002
AL45-4002,CHEVROLET,SILVERADO 3500HD,,2002
AL45-4002,CHEVROLET,SILVERADO 1500HD,CLASSIC ONLY,
AL45-4002,CHEVROLET,SILVERADO 2500HD,CLASSIC ONLY,
AL45-4002,CHEVROLET,SILVERADO 3500HD,CLASSIC ONLY,
AL45-4006,CHEVROLET,SILVERADO 2500HD,,2008
AL45-4006,CHEVROLET,SILVERADO 3500HD,,2008
AL45-4013,CHEVROLET,SILVERADO 2500HD,,2012
AL45-4013,CHEVROLET,SILVERADO 3500HD,,2012
AL45-4001,CHEVROLET,SUBURBAN 1500,,2001
AL45-4002,CHEVROLET,SUBURBAN 2500,,2001
AL45-4001,CHEVROLET,TAHOE,,2001
AL45-4002,CHEVROLET,TAHOE 2500,,2001
AL45-5006,DODGE,RAM,MEGA CAB,2007
AL45-5006,DODGE,RAM,MEGA CAB,2011
AL45-5006,DODGE,RAM 1500,QUAD CAB,2003
AL45-5005,DODGE,RAM 1500,,2010
AL45-5006,DODGE,RAM 2500,QUAD CAB,2004
AL45-5006,DODGE,RAM 3500,QUAD CAB,2004
AL45-5006,DODGE,RAM 2500,CREW CAB,2011
AL45-5006,DODGE,RAM 3500,CREW CAB,2011
AL45-3001,FORD,EXCURSION,,2001
AL45-3007,FORD,F-150,,2005
AL45-3001,FORD,F-250,SUPER DUTY,2000
AL45-3001,FORD,F-350,SUPER DUTY,2000
AL45-3006,FORD,F-250,SUPER DUTY,2009
AL45-3006,FORD,F-350,SUPER DUTY,2009
AL45-3012,FORD,F-350,SUPER DUTY,2012
AL45-3012,FORD,F-450,SUPER DUTY,2012
AL45-3012,FORD,F-550,SUPER DUTY,2012
AL45-4001,GMC,SIERRA 1500,,2000
AL45-4001,GMC,SIERRA 1500,CLASSIC ONLY,
AL45-4005,GMC,SIERRA 1500,,2008
AL45-4012,GMC,SIERRA 1500,,2015
AL45-4002,GMC,SIERRA 2500LD,,2000
AL45-4002,GMC,SIERRA 1500HD,,2002
AL45-4002,GMC,SIERRA 2500HD,,2002
AL45-4002,GMC,SIERRA 3500HD,,2002
AL45-4002,GMC,SIERRA 1500HD,CLASSIC ONLY,
AL45-4002,GMC,SIERRA 2500HD,CLASSIC ONLY,
AL45-4002,GMC,SIERRA 3500HD,CLASSIC ONLY,
AL45-4006,GMC,SIERRA 2500HD,,2008
AL45-4006,GMC,SIERRA 3500HD,,2008
AL45-4013,GMC,SIERRA 2500HD,,2012
AL45-4013,GMC,SIERRA 3500HD,,2012
AL45-4001,GMC,YUKON,,2001
AL45-4001,GMC,YUKON XL 1500,,2001
AL45-4002,GMC,YUKON XL 2500LD,,2001
AL45-9001,NISSAN,TITAN,,2005
AL45-2004,TOYOTA,SEQUOIA,,2009
AL45-2004,TOYOTA,TUNDRA,,2008
45-4001,CHEVROLET,AVALANCHE 1500,WITH AND WITHOUT CLADDING,2003
45-4002,CHEVROLET,AVALANCHE 2500,,2003
45-4001,CHEVROLET,SILVERADO 1500,,2001
45-4001,CHEVROLET,SILVERADO 1500,CLASSIC ONLY,
45-4005,CHEVROLET,SILVERADO 1500,,2009
45-4012,CHEVROLET,SILVERADO 1500,,
45-4002,CHEVROLET,SILVERADO 2500LD,,2001
45-4002,CHEVROLET,SILVERADO 1500HD,,2003
45-4002,CHEVROLET,SILVERADO 2500HD,,2003
45-4002,CHEVROLET,SILVERADO 3500HD,,2003
45-4002,CHEVROLET,SILVERADO 1500HD,CLASSIC ONLY,
45-4002,CHEVROLET,SILVERADO 2500HD,CLASSIC ONLY,
45-4002,CHEVROLET,SILVERADO 3500HD,CLASSIC ONLY,
45-4006,CHEVROLET,SILVERADO 2500HD,,2009
45-4006,CHEVROLET,SILVERADO 3500HD,,2009
45-4013,CHEVROLET,SILVERADO 2500HD,,2013
45-4013,CHEVROLET,SILVERADO 3500HD,,2013
45-4001,CHEVROLET,SUBURBAN 1500,,2002
45-4002,CHEVROLET,SUBURBAN 2500,,2002
45-4001,CHEVROLET,TAHOE,,2002
45-4002,CHEVROLET,TAHOE 2500,,2002
45-5006,DODGE,RAM,MEGA CAB,2008
45-5006,DODGE,RAM,MEGA CAB,2012
45-5006,DODGE,RAM 1500,QUAD CAB,2004
45-5005,DODGE,RAM 1500,,2011
45-5006,DODGE,RAM 2500,QUAD CAB,2005
45-5006,DODGE,RAM 3500,QUAD CAB,2005
45-5006,DODGE,RAM 2500,CREW CAB,2012
45-5006,DODGE,RAM 3500,CREW CAB,2012
45-3001,FORD,EXCURSION,,2002
45-3007,FORD,F-150,,2006
45-3001,FORD,F-250,SUPER DUTY,2001
45-3001,FORD,F-350,SUPER DUTY,2001
45-3006,FORD,F-250,SUPER DUTY,2010
45-3006,FORD,F-350,SUPER DUTY,2010
45-3012,FORD,F-350,SUPER DUTY,2013
45-3012,FORD,F-450,SUPER DUTY,2013
45-3012,FORD,F-550,SUPER DUTY,2013
45-4001,GMC,SIERRA 1500,,2001
45-4001,GMC,SIERRA 1500,CLASSIC ONLY,
45-4005,GMC,SIERRA 1500,,2009
45-4012,GMC,SIERRA 1500,,
45-4002,GMC,SIERRA 2500LD,,2001
45-4002,GMC,SIERRA 1500HD,,2003
45-4002,GMC,SIERRA 2500HD,,2003
45-4002,GMC,SIERRA 3500HD,,2003
45-4002,GMC,SIERRA 1500HD,CLASSIC ONLY,
45-4002,GMC,SIERRA 2500HD,CLASSIC ONLY,
45-4002,GMC,SIERRA 3500HD,CLASSIC ONLY,
45-4006,GMC,SIERRA 2500HD,,2009
45-4006,GMC,SIERRA 3500HD,,2009
45-4013,GMC,SIERRA 2500HD,,2013
45-4013,GMC,SIERRA 3500HD,,2013
45-4001,GMC,YUKON,,2002
45-4001,GMC,YUKON XL 1500,,2002
45-4002,GMC,YUKON XL 2500LD,,2002
45-2004,TOYOTA,SEQUOIA,,2010
45-2004,TOYOTA,TUNDRA,,2009
AL45-4001,CHEVROLET,AVALANCHE 1500,WITH AND WITHOUT CLADDING,2003
AL45-4002,CHEVROLET,AVALANCHE 2500,,2003
AL45-4001,CHEVROLET,SILVERADO 1500,,2001
AL45-4001,CHEVROLET,SILVERADO 1500,CLASSIC ONLY,
AL45-4005,CHEVROLET,SILVERADO 1500,,2009
AL45-4012,CHEVROLET,SILVERADO 1500,,
AL45-4002,CHEVROLET,SILVERADO 2500LD,,2001
AL45-4002,CHEVROLET,SILVERADO 1500HD,,2003
AL45-4002,CHEVROLET,SILVERADO 2500HD,,2003
AL45-4002,CHEVROLET,SILVERADO 3500HD,,2003
AL45-4002,CHEVROLET,SILVERADO 1500HD,CLASSIC ONLY,
AL45-4002,CHEVROLET,SILVERADO 2500HD,CLASSIC ONLY,
AL45-4002,CHEVROLET,SILVERADO 3500HD,CLASSIC ONLY,
AL45-4006,CHEVROLET,SILVERADO 2500HD,,2009
AL45-4006,CHEVROLET,SILVERADO 3500HD,,2009
AL45-4013,CHEVROLET,SILVERADO 2500HD,,2013
AL45-4013,CHEVROLET,SILVERADO 3500HD,,2013
AL45-4001,CHEVROLET,SUBURBAN 1500,,2002
AL45-4002,CHEVROLET,SUBURBAN 2500,,2002
AL45-4001,CHEVROLET,TAHOE,,2002
AL45-4002,CHEVROLET,TAHOE 2500,,2002
AL45-5006,DODGE,RAM,MEGA CAB,2008
AL45-5006,DODGE,RAM,MEGA CAB,2012
AL45-5006,DODGE,RAM 1500,QUAD CAB,2004
AL45-5005,DODGE,RAM 1500,,2011
AL45-5006,DODGE,RAM 2500,QUAD CAB,2005
AL45-5006,DODGE,RAM 3500,QUAD CAB,2005
AL45-5006,DODGE,RAM 2500,CREW CAB,2012
AL45-5006,DODGE,RAM 3500,CREW CAB,2012
AL45-3001,FORD,EXCURSION,,2002
AL45-3007,FORD,F-150,,2006
AL45-3001,FORD,F-250,SUPER DUTY,2001
AL45-3001,FORD,F-350,SUPER DUTY,2001
AL45-3006,FORD,F-250,SUPER DUTY,2010
AL45-3006,FORD,F-350,SUPER DUTY,2010
AL45-3012,FORD,F-350,SUPER DUTY,2013
AL45-3012,FORD,F-450,SUPER DUTY,2013
AL45-3012,FORD,F-550,SUPER DUTY,2013
AL45-4001,GMC,SIERRA 1500,,2001
AL45-4001,GMC,SIERRA 1500,CLASSIC ONLY,
AL45-4005,GMC,SIERRA 1500,,2009
AL45-4012,GMC,SIERRA 1500,,
AL45-4002,GMC,SIERRA 2500LD,,2001
AL45-4002,GMC,SIERRA 1500HD,,2003
AL45-4002,GMC,SIERRA 2500HD,,2003
AL45-4002,GMC,SIERRA 3500HD,,2003
AL45-4002,GMC,SIERRA 1500HD,CLASSIC ONLY,
AL45-4002,GMC,SIERRA 2500HD,CLASSIC ONLY,
AL45-4002,GMC,SIERRA 3500HD,CLASSIC ONLY,
AL45-4006,GMC,SIERRA 2500HD,,2009
AL45-4006,GMC,SIERRA 3500HD,,2009
AL45-4013,GMC,SIERRA 2500HD,,2013
AL45-4013,GMC,SIERRA 3500HD,,2013
AL45-4001,GMC,YUKON,,2002
AL45-4001,GMC,YUKON XL 1500,,2002
AL45-4002,GMC,YUKON XL 2500LD,,2002
AL45-9001,NISSAN,TITAN,,2006
AL45-2004,TOYOTA,SEQUOIA,,2010
AL45-2004,TOYOTA,TUNDRA,,2009
45-4001,CHEVROLET,AVALANCHE 1500,WITH AND WITHOUT CLADDING,2004
45-4002,CHEVROLET,AVALANCHE 2500,,2004
45-4001,CHEVROLET,SILVERADO 1500,,2002
45-4001,CHEVROLET,SILVERADO 1500,CLASSIC ONLY,
45-4005,CHEVROLET,SILVERADO 1500,,2010
45-4012,CHEVROLET,SILVERADO 1500,,
45-4002,CHEVROLET,SILVERADO 2500LD,,2002
45-4002,CHEVROLET,SILVERADO 1500HD,,2004
45-4002,CHEVROLET,SILVERADO 2500HD,,2004
45-4002,CHEVROLET,SILVERADO 3500HD,,2004
45-4002,CHEVROLET,SILVERADO 1500HD,CLASSIC ONLY,
45-4002,CHEVROLET,SILVERADO 2500HD,CLASSIC ONLY,
45-4002,CHEVROLET,SILVERADO 3500HD,CLASSIC ONLY,
45-4006,CHEVROLET,SILVERADO 2500HD,,2010
45-4006,CHEVROLET,SILVERADO 3500HD,,2010
45-4013,CHEVROLET,SILVERADO 2500HD,,2014
45-4013,CHEVROLET,SILVERADO 3500HD,,2014
45-4001,CHEVROLET,SUBURBAN 1500,,2003
45-4002,CHEVROLET,SUBURBAN 2500,,2003
45-4001,CHEVROLET,TAHOE,,2003
45-4002,CHEVROLET,TAHOE 2500,,2003
45-5006,DODGE,RAM,MEGA CAB,2009
45-5006,DODGE,RAM,MEGA CAB,2013
45-5006,DODGE,RAM 1500,QUAD CAB,2005
45-5005,DODGE,RAM 1500,,2012
45-5006,DODGE,RAM 2500,QUAD CAB,2006
45-5006,DODGE,RAM 3500,QUAD CAB,2006
45-5006,DODGE,RAM 2500,CREW CAB,2013
45-5006,DODGE,RAM 3500,CREW CAB,2013
45-3001,FORD,EXCURSION,,2003
45-3007,FORD,F-150,,2007
45-3001,FORD,F-250,SUPER DUTY,2002
45-3001,FORD,F-350,SUPER DUTY,2002
45-3006,FORD,F-250,SUPER DUTY,
45-3006,FORD,F-350,SUPER DUTY,
45-3012,FORD,F-350,SUPER DUTY,2014
45-3012,FORD,F-450,SUPER DUTY,2014
45-3012,FORD,F-550,SUPER DUTY,2014
45-4001,GMC,SIERRA 1500,,2002
45-4001,GMC,SIERRA 1500,CLASSIC ONLY,
45-4005,GMC,SIERRA 1500,,2010
45-4012,GMC,SIERRA 1500,,
45-4002,GMC,SIERRA 2500LD,,2002
45-4002,GMC,SIERRA 1500HD,,2004
45-4002,GMC,SIERRA 2500HD,,2004
45-4002,GMC,SIERRA 3500HD,,2004
45-4002,GMC,SIERRA 1500HD,CLASSIC ONLY,
45-4002,GMC,SIERRA 2500HD,CLASSIC ONLY,
45-4002,GMC,SIERRA 3500HD,CLASSIC ONLY,
45-4006,GMC,SIERRA 2500HD,,2010
45-4006,GMC,SIERRA 3500HD,,2010
45-4013,GMC,SIERRA 2500HD,,2014
45-4013,GMC,SIERRA 3500HD,,2014
45-4001,GMC,YUKON,,2003
45-4001,GMC,YUKON XL 1500,,2003
45-4002,GMC,YUKON XL 2500LD,,2003
45-2004,TOYOTA,SEQUOIA,,2011
45-2004,TOYOTA,TUNDRA,,2010
AL45-4001,CHEVROLET,AVALANCHE 1500,WITH AND WITHOUT CLADDING,2004
AL45-4002,CHEVROLET,AVALANCHE 2500,,2004
AL45-4001,CHEVROLET,SILVERADO 1500,,2002
AL45-4001,CHEVROLET,SILVERADO 1500,CLASSIC ONLY,
AL45-4005,CHEVROLET,SILVERADO 1500,,2010
AL45-4012,CHEVROLET,SILVERADO 1500,,
AL45-4002,CHEVROLET,SILVERADO 2500LD,,2002
AL45-4002,CHEVROLET,SILVERADO 1500HD,,2004
AL45-4002,CHEVROLET,SILVERADO 2500HD,,2004
AL45-4002,CHEVROLET,SILVERADO 3500HD,,2004
AL45-4002,CHEVROLET,SILVERADO 1500HD,CLASSIC ONLY,
AL45-4002,CHEVROLET,SILVERADO 2500HD,CLASSIC ONLY,
AL45-4002,CHEVROLET,SILVERADO 3500HD,CLASSIC ONLY,
AL45-4006,CHEVROLET,SILVERADO 2500HD,,2010
AL45-4006,CHEVROLET,SILVERADO 3500HD,,2010
AL45-4013,CHEVROLET,SILVERADO 2500HD,,2014
AL45-4013,CHEVROLET,SILVERADO 3500HD,,2014
AL45-4001,CHEVROLET,SUBURBAN 1500,,2003
AL45-4002,CHEVROLET,SUBURBAN 2500,,2003
AL45-4001,CHEVROLET,TAHOE,,2003
AL45-4002,CHEVROLET,TAHOE 2500,,2003
AL45-5006,DODGE,RAM,MEGA CAB,2009
AL45-5006,DODGE,RAM,MEGA CAB,2013
AL45-5006,DODGE,RAM 1500,QUAD CAB,2005
AL45-5005,DODGE,RAM 1500,,2012
AL45-5006,DODGE,RAM 2500,QUAD CAB,2006
AL45-5006,DODGE,RAM 3500,QUAD CAB,2006
AL45-5006,DODGE,RAM 2500,CREW CAB,2013
AL45-5006,DODGE,RAM 3500,CREW CAB,2013
AL45-3001,FORD,EXCURSION,,2003
AL45-3007,FORD,F-150,,2007
AL45-3001,FORD,F-250,SUPER DUTY,2002
AL45-3001,FORD,F-350,SUPER DUTY,2002
AL45-3006,FORD,F-250,SUPER DUTY,
AL45-3006,FORD,F-350,SUPER DUTY,
AL45-3012,FORD,F-350,SUPER DUTY,2014
AL45-3012,FORD,F-450,SUPER DUTY,2014
AL45-3012,FORD,F-550,SUPER DUTY,2014
AL45-4001,GMC,SIERRA 1500,,2002
AL45-4001,GMC,SIERRA 1500,CLASSIC ONLY,
AL45-4005,GMC,SIERRA 1500,,2010
AL45-4012,GMC,SIERRA 1500,,
AL45-4002,GMC,SIERRA 2500LD,,2002
AL45-4002,GMC,SIERRA 1500HD,,2004
AL45-4002,GMC,SIERRA 2500HD,,2004
AL45-4002,GMC,SIERRA 3500HD,,2004
AL45-4002,GMC,SIERRA 1500HD,CLASSIC ONLY,
AL45-4002,GMC,SIERRA 2500HD,CLASSIC ONLY,
AL45-4002,GMC,SIERRA 3500HD,CLASSIC ONLY,
AL45-4006,GMC,SIERRA 2500HD,,2010
AL45-4006,GMC,SIERRA 3500HD,,2010
AL45-4013,GMC,SIERRA 2500HD,,2014
AL45-4013,GMC,SIERRA 3500HD,,2014
AL45-4001,GMC,YUKON,,2003
AL45-4001,GMC,YUKON XL 1500,,2003
AL45-4002,GMC,YUKON XL 2500LD,,2003
AL45-9001,NISSAN,TITAN,,2007
AL45-2004,TOYOTA,SEQUOIA,,2011
AL45-2004,TOYOTA,TUNDRA,,2010
45-4001,CHEVROLET,AVALANCHE 1500,WITH AND WITHOUT CLADDING,2005
45-4002,CHEVROLET,AVALANCHE 2500,,2005
45-4001,CHEVROLET,SILVERADO 1500,,2003
45-4001,CHEVROLET,SILVERADO 1500,CLASSIC ONLY,
45-4005,CHEVROLET,SILVERADO 1500,,2011
45-4012,CHEVROLET,SILVERADO 1500,,
45-4002,CHEVROLET,SILVERADO 2500LD,,2003
45-4002,CHEVROLET,SILVERADO 1500HD,,2005
45-4002,CHEVROLET,SILVERADO 2500HD,,2005
45-4002,CHEVROLET,SILVERADO 3500HD,,2005
45-4002,CHEVROLET,SILVERADO 1500HD,CLASSIC ONLY,
45-4002,CHEVROLET,SILVERADO 2500HD,CLASSIC ONLY,
45-4002,CHEVROLET,SILVERADO 3500HD,CLASSIC ONLY,
45-4006,CHEVROLET,SILVERADO 2500HD,,
45-4006,CHEVROLET,SILVERADO 3500HD,,
45-4013,CHEVROLET,SILVERADO 2500HD,,2015
45-4013,CHEVROLET,SILVERADO 3500HD,,2015
45-4001,CHEVROLET,SUBURBAN 1500,,2004
45-4002,CHEVROLET,SUBURBAN 2500,,2004
45-4001,CHEVROLET,TAHOE,,2004
45-4002,CHEVROLET,TAHOE 2500,,2004
45-5006,DODGE,RAM,MEGA CAB,
45-5006,DODGE,RAM,MEGA CAB,2014
45-5006,DODGE,RAM 1500,QUAD CAB,
45-5005,DODGE,RAM 1500,,2013
45-5006,DODGE,RAM 2500,QUAD CAB,2007
45-5006,DODGE,RAM 3500,QUAD CAB,2007
45-5006,DODGE,RAM 2500,CREW CAB,2014
45-5006,DODGE,RAM 3500,CREW CAB,2014
45-3001,FORD,EXCURSION,,2004
45-3007,FORD,F-150,,2008
45-3001,FORD,F-250,SUPER DUTY,2003
45-3001,FORD,F-350,SUPER DUTY,2003
45-3006,FORD,F-250,SUPER DUTY,
45-3006,FORD,F-350,SUPER DUTY,
45-3012,FORD,F-350,SUPER DUTY,2015
45-3012,FORD,F-450,SUPER DUTY,2015
45-3012,FORD,F-550,SUPER DUTY,2015
45-4001,GMC,SIERRA 1500,,2003
45-4001,GMC,SIERRA 1500,CLASSIC ONLY,
45-4005,GMC,SIERRA 1500,,2011
45-4012,GMC,SIERRA 1500,,
45-4002,GMC,SIERRA 2500LD,,2003
45-4002,GMC,SIERRA 1500HD,,2005
45-4002,GMC,SIERRA 2500HD,,2005
45-4002,GMC,SIERRA 3500HD,,2005
45-4002,GMC,SIERRA 1500HD,CLASSIC ONLY,
45-4002,GMC,SIERRA 2500HD,CLASSIC ONLY,
45-4002,GMC,SIERRA 3500HD,CLASSIC ONLY,
45-4006,GMC,SIERRA 2500HD,,
45-4006,GMC,SIERRA 3500HD,,
45-4013,GMC,SIERRA 2500HD,,2015
45-4013,GMC,SIERRA 3500HD,,2015
45-4001,GMC,YUKON,,2004
45-4001,GMC,YUKON XL 1500,,2004
45-4002,GMC,YUKON XL 2500LD,,2004
45-2004,TOYOTA,SEQUOIA,,2012
45-2004,TOYOTA,TUNDRA,,2011
AL45-4001,CHEVROLET,AVALANCHE 1500,WITH AND WITHOUT CLADDING,2005
AL45-4002,CHEVROLET,AVALANCHE 2500,,2005
AL45-4001,CHEVROLET,SILVERADO 1500,,2003
AL45-4001,CHEVROLET,SILVERADO 1500,CLASSIC ONLY,
AL45-4005,CHEVROLET,SILVERADO 1500,,2011
AL45-4012,CHEVROLET,SILVERADO 1500,,
AL45-4002,CHEVROLET,SILVERADO 2500LD,,2003
AL45-4002,CHEVROLET,SILVERADO 1500HD,,2005
AL45-4002,CHEVROLET,SILVERADO 2500HD,,2005
AL45-4002,CHEVROLET,SILVERADO 3500HD,,2005
AL45-4002,CHEVROLET,SILVERADO 1500HD,CLASSIC ONLY,
AL45-4002,CHEVROLET,SILVERADO 2500HD,CLASSIC ONLY,
AL45-4002,CHEVROLET,SILVERADO 3500HD,CLASSIC ONLY,
AL45-4006,CHEVROLET,SILVERADO 2500HD,,
AL45-4006,CHEVROLET,SILVERADO 3500HD,,
AL45-4013,CHEVROLET,SILVERADO 2500HD,,2015
AL45-4013,CHEVROLET,SILVERADO 3500HD,,2015
AL45-4001,CHEVROLET,SUBURBAN 1500,,2004
AL45-4002,CHEVROLET,SUBURBAN 2500,,2004
AL45-4001,CHEVROLET,TAHOE,,2004
AL45-4002,CHEVROLET,TAHOE 2500,,2004
AL45-5006,DODGE,RAM,MEGA CAB,
AL45-5006,DODGE,RAM,MEGA CAB,2014
AL45-5006,DODGE,RAM 1500,QUAD CAB,
AL45-5005,DODGE,RAM 1500,,2013
AL45-5006,DODGE,RAM 2500,QUAD CAB,2007
AL45-5006,DODGE,RAM 3500,QUAD CAB,2007
AL45-5006,DODGE,RAM 2500,CREW CAB,2014
AL45-5006,DODGE,RAM 3500,CREW CAB,2014
AL45-3001,FORD,EXCURSION,,2004
AL45-3007,FORD,F-150,,2008
AL45-3001,FORD,F-250,SUPER DUTY,2003
AL45-3001,FORD,F-350,SUPER DUTY,2003
AL45-3006,FORD,F-250,SUPER DUTY,
AL45-3006,FORD,F-350,SUPER DUTY,
AL45-3012,FORD,F-350,SUPER DUTY,2015
AL45-3012,FORD,F-450,SUPER DUTY,2015
AL45-3012,FORD,F-550,SUPER DUTY,2015
AL45-4001,GMC,SIERRA 1500,,2003
AL45-4001,GMC,SIERRA 1500,CLASSIC ONLY,
AL45-4005,GMC,SIERRA 1500,,2011
AL45-4012,GMC,SIERRA 1500,,
AL45-4002,GMC,SIERRA 2500LD,,2003
AL45-4002,GMC,SIERRA 1500HD,,2005
AL45-4002,GMC,SIERRA 2500HD,,2005
AL45-4002,GMC,SIERRA 3500HD,,2005
AL45-4002,GMC,SIERRA 1500HD,CLASSIC ONLY,
AL45-4002,GMC,SIERRA 2500HD,CLASSIC ONLY,
AL45-4002,GMC,SIERRA 3500HD,CLASSIC ONLY,
AL45-4006,GMC,SIERRA 2500HD,,
AL45-4006,GMC,SIERRA 3500HD,,
AL45-4013,GMC,SIERRA 2500HD,,2015
AL45-4013,GMC,SIERRA 3500HD,,2015
AL45-4001,GMC,YUKON,,2004
AL45-4001,GMC,YUKON XL 1500,,2004
AL45-4002,GMC,YUKON XL 2500LD,,2004
AL45-9001,NISSAN,TITAN,,2008
AL45-2004,TOYOTA,SEQUOIA,,2012
AL45-2004,TOYOTA,TUNDRA,,2011
45-4001,CHEVROLET,AVALANCHE 1500,WITH AND WITHOUT CLADDING,2006
45-4002,CHEVROLET,AVALANCHE 2500,,2006
45-4001,CHEVROLET,SILVERADO 1500,,2004
45-4001,CHEVROLET,SILVERADO 1500,CLASSIC ONLY,
45-4005,CHEVROLET,SILVERADO 1500,,2012
45-4012,CHEVROLET,SILVERADO 1500,,
45-4002,CHEVROLET,SILVERADO 2500LD,,2004
45-4002,CHEVROLET,SILVERADO 1500HD,,2006
45-4002,CHEVROLET,SILVERADO 2500HD,,2006
45-4002,CHEVROLET,SILVERADO 3500HD,,2006
45-4002,CHEVROLET,SILVERADO 1500HD,CLASSIC ONLY,
45-4002,CHEVROLET,SILVERADO 2500HD,CLASSIC ONLY,
45-4002,CHEVROLET,SILVERADO 3500HD,CLASSIC ONLY,
45-4006,CHEVROLET,SILVERADO 2500HD,,
45-4006,CHEVROLET,SILVERADO 3500HD,,
45-4013,CHEVROLET,SILVERADO 2500HD,,
45-4013,CHEVROLET,SILVERADO 3500HD,,
45-4001,CHEVROLET,SUBURBAN 1500,,2005
45-4002,CHEVROLET,SUBURBAN 2500,,2005
45-4001,CHEVROLET,TAHOE,,2005
45-4002,CHEVROLET,TAHOE 2500,,2005
45-5006,DODGE,RAM,MEGA CAB,
45-5006,DODGE,RAM,MEGA CAB,2015
45-5006,DODGE,RAM 1500,QUAD CAB,
45-5005,DODGE,RAM 1500,,2014
45-5006,DODGE,RAM 2500,QUAD CAB,2008
45-5006,DODGE,RAM 3500,QUAD CAB,2008
45-5006,DODGE,RAM 2500,CREW CAB,2015
45-5006,DODGE,RAM 3500,CREW CAB,2015
45-3001,FORD,EXCURSION,,2005
45-3007,FORD,F-150,,2009
45-3001,FORD,F-250,SUPER DUTY,2004
45-3001,FORD,F-350,SUPER DUTY,2004
45-3006,FORD,F-250,SUPER DUTY,
45-3006,FORD,F-350,SUPER DUTY,
45-3012,FORD,F-350,SUPER DUTY,
45-3012,FORD,F-450,SUPER DUTY,
45-3012,FORD,F-550,SUPER DUTY,
45-4001,GMC,SIERRA 1500,,2004
45-4001,GMC,SIERRA 1500,CLASSIC ONLY,
45-4005,GMC,SIERRA 1500,,2012
45-4012,GMC,SIERRA 1500,,
45-4002,GMC,SIERRA 2500LD,,2004
45-4002,GMC,SIERRA 1500HD,,2006
45-4002,GMC,SIERRA 2500HD,,2006
45-4002,GMC,SIERRA 3500HD,,2006
45-4002,GMC,SIERRA 1500HD,CLASSIC ONLY,
45-4002,GMC,SIERRA 2500HD,CLASSIC ONLY,
45-4002,GMC,SIERRA 3500HD,CLASSIC ONLY,
45-4006,GMC,SIERRA 2500HD,,
45-4006,GMC,SIERRA 3500HD,,
45-4013,GMC,SIERRA 2500HD,,
45-4013,GMC,SIERRA 3500HD,,
45-4001,GMC,YUKON,,2005
45-4001,GMC,YUKON XL 1500,,2005
45-4002,GMC,YUKON XL 2500LD,,2005
45-2004,TOYOTA,SEQUOIA,,2013
45-2004,TOYOTA,TUNDRA,,2012
AL45-4001,CHEVROLET,AVALANCHE 1500,WITH AND WITHOUT CLADDING,2006
AL45-4002,CHEVROLET,AVALANCHE 2500,,2006
AL45-4001,CHEVROLET,SILVERADO 1500,,2004
AL45-4001,CHEVROLET,SILVERADO 1500,CLASSIC ONLY,
AL45-4005,CHEVROLET,SILVERADO 1500,,2012
AL45-4012,CHEVROLET,SILVERADO 1500,,
AL45-4002,CHEVROLET,SILVERADO 2500LD,,2004
AL45-4002,CHEVROLET,SILVERADO 1500HD,,2006
AL45-4002,CHEVROLET,SILVERADO 2500HD,,2006
AL45-4002,CHEVROLET,SILVERADO 3500HD,,2006
AL45-4002,CHEVROLET,SILVERADO 1500HD,CLASSIC ONLY,
AL45-4002,CHEVROLET,SILVERADO 2500HD,CLASSIC ONLY,
AL45-4002,CHEVROLET,SILVERADO 3500HD,CLASSIC ONLY,
AL45-4006,CHEVROLET,SILVERADO 2500HD,,
AL45-4006,CHEVROLET,SILVERADO 3500HD,,
AL45-4013,CHEVROLET,SILVERADO 2500HD,,
AL45-4013,CHEVROLET,SILVERADO 3500HD,,
AL45-4001,CHEVROLET,SUBURBAN 1500,,2005
AL45-4002,CHEVROLET,SUBURBAN 2500,,2005
AL45-4001,CHEVROLET,TAHOE,,2005
AL45-4002,CHEVROLET,TAHOE 2500,,2005
AL45-5006,DODGE,RAM,MEGA CAB,
AL45-5006,DODGE,RAM,MEGA CAB,2015
AL45-5006,DODGE,RAM 1500,QUAD CAB,
AL45-5005,DODGE,RAM 1500,,2014
AL45-5006,DODGE,RAM 2500,QUAD CAB,2008
AL45-5006,DODGE,RAM 3500,QUAD CAB,2008
AL45-5006,DODGE,RAM 2500,CREW CAB,2015
AL45-5006,DODGE,RAM 3500,CREW CAB,2015
AL45-3001,FORD,EXCURSION,,2005
AL45-3007,FORD,F-150,,2009
AL45-3001,FORD,F-250,SUPER DUTY,2004
AL45-3001,FORD,F-350,SUPER DUTY,2004
AL45-3006,FORD,F-250,SUPER DUTY,
AL45-3006,FORD,F-350,SUPER DUTY,
AL45-3012,FORD,F-350,SUPER DUTY,
AL45-3012,FORD,F-450,SUPER DUTY,
AL45-3012,FORD,F-550,SUPER DUTY,
AL45-4001,GMC,SIERRA 1500,,2004
AL45-4001,GMC,SIERRA 1500,CLASSIC ONLY,
AL45-4005,GMC,SIERRA 1500,,2012
AL45-4012,GMC,SIERRA 1500,,
AL45-4002,GMC,SIERRA 2500LD,,2004
AL45-4002,GMC,SIERRA 1500HD,,2006
AL45-4002,GMC,SIERRA 2500HD,,2006
AL45-4002,GMC,SIERRA 3500HD,,2006
AL45-4002,GMC,SIERRA 1500HD,CLASSIC ONLY,
AL45-4002,GMC,SIERRA 2500HD,CLASSIC ONLY,
AL45-4002,GMC,SIERRA 3500HD,CLASSIC ONLY,
AL45-4006,GMC,SIERRA 2500HD,,
AL45-4006,GMC,SIERRA 3500HD,,
AL45-4013,GMC,SIERRA 2500HD,,
AL45-4013,GMC,SIERRA 3500HD,,
AL45-4001,GMC,YUKON,,2005
AL45-4001,GMC,YUKON XL 1500,,2005
AL45-4002,GMC,YUKON XL 2500LD,,2005
AL45-9001,NISSAN,TITAN,,2009
AL45-2004,TOYOTA,SEQUOIA,,2013
AL45-2004,TOYOTA,TUNDRA,,2012
45-4001,CHEVROLET,AVALANCHE 1500,WITH AND WITHOUT CLADDING,
45-4002,CHEVROLET,AVALANCHE 2500,,
45-4001,CHEVROLET,SILVERADO 1500,,2005
45-4001,CHEVROLET,SILVERADO 1500,CLASSIC ONLY,
45-4005,CHEVROLET,SILVERADO 1500,,2013
45-4012,CHEVROLET,SILVERADO 1500,,
45-4002,CHEVROLET,SILVERADO 2500LD,,2005
45-4002,CHEVROLET,SILVERADO 1500HD,,
45-4002,CHEVROLET,SILVERADO 2500HD,,
45-4002,CHEVROLET,SILVERADO 3500HD,,
45-4002,CHEVROLET,SILVERADO 1500HD,CLASSIC ONLY,
45-4002,CHEVROLET,SILVERADO 2500HD,CLASSIC ONLY,
45-4002,CHEVROLET,SILVERADO 3500HD,CLASSIC ONLY,
45-4006,CHEVROLET,SILVERADO 2500HD,,
45-4006,CHEVROLET,SILVERADO 3500HD,,
45-4013,CHEVROLET,SILVERADO 2500HD,,
45-4013,CHEVROLET,SILVERADO 3500HD,,
45-4001,CHEVROLET,SUBURBAN 1500,,2006
45-4002,CHEVROLET,SUBURBAN 2500,,2006
45-4001,CHEVROLET,TAHOE,,2006
45-4002,CHEVROLET,TAHOE 2500,,2006
45-5006,DODGE,RAM,MEGA CAB,
45-5006,DODGE,RAM,MEGA CAB,
45-5006,DODGE,RAM 1500,QUAD CAB,
45-5005,DODGE,RAM 1500,,
45-5006,DODGE,RAM 2500,QUAD CAB,
45-5006,DODGE,RAM 3500,QUAD CAB,
45-5006,DODGE,RAM 2500,CREW CAB,
45-5006,DODGE,RAM 3500,CREW CAB,
45-3001,FORD,EXCURSION,,
45-3007,FORD,F-150,,2010
45-3001,FORD,F-250,SUPER DUTY,2005
45-3001,FORD,F-350,SUPER DUTY,2005
45-3006,FORD,F-250,SUPER DUTY,
45-3006,FORD,F-350,SUPER DUTY,
45-3012,FORD,F-350,SUPER DUTY,
45-3012,FORD,F-450,SUPER DUTY,
45-3012,FORD,F-550,SUPER DUTY,
45-4001,GMC,SIERRA 1500,,2005
45-4001,GMC,SIERRA 1500,CLASSIC ONLY,
45-4005,GMC,SIERRA 1500,,2013
45-4012,GMC,SIERRA 1500,,
45-4002,GMC,SIERRA 2500LD,,2005
45-4002,GMC,SIERRA 1500HD,,
45-4002,GMC,SIERRA 2500HD,,
45-4002,GMC,SIERRA 3500HD,,
45-4002,GMC,SIERRA 1500HD,CLASSIC ONLY,
45-4002,GMC,SIERRA 2500HD,CLASSIC ONLY,
45-4002,GMC,SIERRA 3500HD,CLASSIC ONLY,
45-4006,GMC,SIERRA 2500HD,,
45-4006,GMC,SIERRA 3500HD,,
45-4013,GMC,SIERRA 2500HD,,
45-4013,GMC,SIERRA 3500HD,,
45-4001,GMC,YUKON,,2006
45-4001,GMC,YUKON XL 1500,,2006
45-4002,GMC,YUKON XL 2500LD,,2006
45-2004,TOYOTA,SEQUOIA,,2014
45-2004,TOYOTA,TUNDRA,,2013
AL45-4001,CHEVROLET,AVALANCHE 1500,WITH AND WITHOUT CLADDING,
AL45-4002,CHEVROLET,AVALANCHE 2500,,
AL45-4001,CHEVROLET,SILVERADO 1500,,2005
AL45-4001,CHEVROLET,SILVERADO 1500,CLASSIC ONLY,
AL45-4005,CHEVROLET,SILVERADO 1500,,2013
AL45-4012,CHEVROLET,SILVERADO 1500,,
AL45-4002,CHEVROLET,SILVERADO 2500LD,,2005
AL45-4002,CHEVROLET,SILVERADO 1500HD,,
AL45-4002,CHEVROLET,SILVERADO 2500HD,,
AL45-4002,CHEVROLET,SILVERADO 3500HD,,
AL45-4002,CHEVROLET,SILVERADO 1500HD,CLASSIC ONLY,
AL45-4002,CHEVROLET,SILVERADO 2500HD,CLASSIC ONLY,
AL45-4002,CHEVROLET,SILVERADO 3500HD,CLASSIC ONLY,
AL45-4006,CHEVROLET,SILVERADO 2500HD,,
AL45-4006,CHEVROLET,SILVERADO 3500HD,,
AL45-4013,CHEVROLET,SILVERADO 2500HD,,
AL45-4013,CHEVROLET,SILVERADO 3500HD,,
AL45-4001,CHEVROLET,SUBURBAN 1500,,2006
AL45-4002,CHEVROLET,SUBURBAN 2500,,2006
AL45-4001,CHEVROLET,TAHOE,,2006
AL45-4002,CHEVROLET,TAHOE 2500,,2006
AL45-5006,DODGE,RAM,MEGA CAB,
AL45-5006,DODGE,RAM,MEGA CAB,
AL45-5006,DODGE,RAM 1500,QUAD CAB,
AL45-5005,DODGE,RAM 1500,,
AL45-5006,DODGE,RAM 2500,QUAD CAB,
AL45-5006,DODGE,RAM 3500,QUAD CAB,
AL45-5006,DODGE,RAM 2500,CREW CAB,
AL45-5006,DODGE,RAM 3500,CREW CAB,
AL45-3001,FORD,EXCURSION,,
AL45-3007,FORD,F-150,,2010
AL45-3001,FORD,F-250,SUPER DUTY,2005
AL45-3001,FORD,F-350,SUPER DUTY,2005
AL45-3006,FORD,F-250,SUPER DUTY,
AL45-3006,FORD,F-350,SUPER DUTY,
AL45-3012,FORD,F-350,SUPER DUTY,
AL45-3012,FORD,F-450,SUPER DUTY,
AL45-3012,FORD,F-550,SUPER DUTY,
AL45-4001,GMC,SIERRA 1500,,2005
AL45-4001,GMC,SIERRA 1500,CLASSIC ONLY,
AL45-4005,GMC,SIERRA 1500,,2013
AL45-4012,GMC,SIERRA 1500,,
AL45-4002,GMC,SIERRA 2500LD,,2005
AL45-4002,GMC,SIERRA 1500HD,,
AL45-4002,GMC,SIERRA 2500HD,,
AL45-4002,GMC,SIERRA 3500HD,,
AL45-4002,GMC,SIERRA 1500HD,CLASSIC ONLY,
AL45-4002,GMC,SIERRA 2500HD,CLASSIC ONLY,
AL45-4002,GMC,SIERRA 3500HD,CLASSIC ONLY,
AL45-4006,GMC,SIERRA 2500HD,,
AL45-4006,GMC,SIERRA 3500HD,,
AL45-4013,GMC,SIERRA 2500HD,,
AL45-4013,GMC,SIERRA 3500HD,,
AL45-4001,GMC,YUKON,,2006
AL45-4001,GMC,YUKON XL 1500,,2006
AL45-4002,GMC,YUKON XL 2500LD,,2006
AL45-9001,NISSAN,TITAN,,2010
AL45-2004,TOYOTA,SEQUOIA,,2014
AL45-2004,TOYOTA,TUNDRA,,2013
45-4001,CHEVROLET,AVALANCHE 1500,WITH AND WITHOUT CLADDING,
45-4002,CHEVROLET,AVALANCHE 2500,,
45-4001,CHEVROLET,SILVERADO 1500,,2006
45-4001,CHEVROLET,SILVERADO 1500,CLASSIC ONLY,
45-4005,CHEVROLET,SILVERADO 1500,,
45-4012,CHEVROLET,SILVERADO 1500,,
45-4002,CHEVROLET,SILVERADO 2500LD,,2006
45-4002,CHEVROLET,SILVERADO 1500HD,,
45-4002,CHEVROLET,SILVERADO 2500HD,,
45-4002,CHEVROLET,SILVERADO 3500HD,,
45-4002,CHEVROLET,SILVERADO 1500HD,CLASSIC ONLY,
45-4002,CHEVROLET,SILVERADO 2500HD,CLASSIC ONLY,
45-4002,CHEVROLET,SILVERADO 3500HD,CLASSIC ONLY,
45-4006,CHEVROLET,SILVERADO 2500HD,,
45-4006,CHEVROLET,SILVERADO 3500HD,,
45-4013,CHEVROLET,SILVERADO 2500HD,,
45-4013,CHEVROLET,SILVERADO 3500HD,,
45-4001,CHEVROLET,SUBURBAN 1500,,
45-4002,CHEVROLET,SUBURBAN 2500,,
45-4001,CHEVROLET,TAHOE,,
45-4002,CHEVROLET,TAHOE 2500,,
45-5006,DODGE,RAM,MEGA CAB,
45-5006,DODGE,RAM,MEGA CAB,
45-5006,DODGE,RAM 1500,QUAD CAB,
45-5005,DODGE,RAM 1500,,
45-5006,DODGE,RAM 2500,QUAD CAB,
45-5006,DODGE,RAM 3500,QUAD CAB,
45-5006,DODGE,RAM 2500,CREW CAB,
45-5006,DODGE,RAM 3500,CREW CAB,
45-3001,FORD,EXCURSION,,
45-3007,FORD,F-150,,2011
45-3001,FORD,F-250,SUPER DUTY,2006
45-3001,FORD,F-350,SUPER DUTY,2006
45-3006,FORD,F-250,SUPER DUTY,
45-3006,FORD,F-350,SUPER DUTY,
45-3012,FORD,F-350,SUPER DUTY,
45-3012,FORD,F-450,SUPER DUTY,
45-3012,FORD,F-550,SUPER DUTY,
45-4001,GMC,SIERRA 1500,,2006
45-4001,GMC,SIERRA 1500,CLASSIC ONLY,
45-4005,GMC,SIERRA 1500,,
45-4012,GMC,SIERRA 1500,,
45-4002,GMC,SIERRA 2500LD,,2006
45-4002,GMC,SIERRA 1500HD,,
45-4002,GMC,SIERRA 2500HD,,
45-4002,GMC,SIERRA 3500HD,,
45-4002,GMC,SIERRA 1500HD,CLASSIC ONLY,
45-4002,GMC,SIERRA 2500HD,CLASSIC ONLY,
45-4002,GMC,SIERRA 3500HD,CLASSIC ONLY,
45-4006,GMC,SIERRA 2500HD,,
45-4006,GMC,SIERRA 3500HD,,
45-4013,GMC,SIERRA 2500HD,,
45-4013,GMC,SIERRA 3500HD,,
45-4001,GMC,YUKON,,
45-4001,GMC,YUKON XL 1500,,
45-4002,GMC,YUKON XL 2500LD,,
45-2004,TOYOTA,SEQUOIA,,2015
45-2004,TOYOTA,TUNDRA,,2014
AL45-4001,CHEVROLET,AVALANCHE 1500,WITH AND WITHOUT CLADDING,
AL45-4002,CHEVROLET,AVALANCHE 2500,,
AL45-4001,CHEVROLET,SILVERADO 1500,,2006
AL45-4001,CHEVROLET,SILVERADO 1500,CLASSIC ONLY,
AL45-4005,CHEVROLET,SILVERADO 1500,,
AL45-4012,CHEVROLET,SILVERADO 1500,,
AL45-4002,CHEVROLET,SILVERADO 2500LD,,2006
AL45-4002,CHEVROLET,SILVERADO 1500HD,,
AL45-4002,CHEVROLET,SILVERADO 2500HD,,
AL45-4002,CHEVROLET,SILVERADO 3500HD,,
AL45-4002,CHEVROLET,SILVERADO 1500HD,CLASSIC ONLY,
AL45-4002,CHEVROLET,SILVERADO 2500HD,CLASSIC ONLY,
AL45-4002,CHEVROLET,SILVERADO 3500HD,CLASSIC ONLY,
AL45-4006,CHEVROLET,SILVERADO 2500HD,,
AL45-4006,CHEVROLET,SILVERADO 3500HD,,
AL45-4013,CHEVROLET,SILVERADO 2500HD,,
AL45-4013,CHEVROLET,SILVERADO 3500HD,,
AL45-4001,CHEVROLET,SUBURBAN 1500,,
AL45-4002,CHEVROLET,SUBURBAN 2500,,
AL45-4001,CHEVROLET,TAHOE,,
AL45-4002,CHEVROLET,TAHOE 2500,,
AL45-5006,DODGE,RAM,MEGA CAB,
AL45-5006,DODGE,RAM,MEGA CAB,
AL45-5006,DODGE,RAM 1500,QUAD CAB,
AL45-5005,DODGE,RAM 1500,,
AL45-5006,DODGE,RAM 2500,QUAD CAB,
AL45-5006,DODGE,RAM 3500,QUAD CAB,
AL45-5006,DODGE,RAM 2500,CREW CAB,
AL45-5006,DODGE,RAM 3500,CREW CAB,
AL45-3001,FORD,EXCURSION,,
AL45-3007,FORD,F-150,,2011
AL45-3001,FORD,F-250,SUPER DUTY,2006
AL45-3001,FORD,F-350,SUPER DUTY,2006
AL45-3006,FORD,F-250,SUPER DUTY,
AL45-3006,FORD,F-350,SUPER DUTY,
AL45-3012,FORD,F-350,SUPER DUTY,
AL45-3012,FORD,F-450,SUPER DUTY,
AL45-3012,FORD,F-550,SUPER DUTY,
AL45-4001,GMC,SIERRA 1500,,2006
AL45-4001,GMC,SIERRA 1500,CLASSIC ONLY,
AL45-4005,GMC,SIERRA 1500,,
AL45-4012,GMC,SIERRA 1500,,
AL45-4002,GMC,SIERRA 2500LD,,2006
AL45-4002,GMC,SIERRA 1500HD,,
AL45-4002,GMC,SIERRA 2500HD,,
AL45-4002,GMC,SIERRA 3500HD,,
AL45-4002,GMC,SIERRA 1500HD,CLASSIC ONLY,
AL45-4002,GMC,SIERRA 2500HD,CLASSIC ONLY,
AL45-4002,GMC,SIERRA 3500HD,CLASSIC ONLY,
AL45-4006,GMC,SIERRA 2500HD,,
AL45-4006,GMC,SIERRA 3500HD,,
AL45-4013,GMC,SIERRA 2500HD,,
AL45-4013,GMC,SIERRA 3500HD,,
AL45-4001,GMC,YUKON,,
AL45-4001,GMC,YUKON XL 1500,,
AL45-4002,GMC,YUKON XL 2500LD,,
AL45-9001,NISSAN,TITAN,,2011
AL45-2004,TOYOTA,SEQUOIA,,2015
AL45-2004,TOYOTA,TUNDRA,,2014
45-4001,CHEVROLET,AVALANCHE 1500,WITH AND WITHOUT CLADDING,
45-4002,CHEVROLET,AVALANCHE 2500,,
45-4001,CHEVROLET,SILVERADO 1500,,
45-4001,CHEVROLET,SILVERADO 1500,CLASSIC ONLY,
45-4005,CHEVROLET,SILVERADO 1500,,
45-4012,CHEVROLET,SILVERADO 1500,,
45-4002,CHEVROLET,SILVERADO 2500LD,,
45-4002,CHEVROLET,SILVERADO 1500HD,,
45-4002,CHEVROLET,SILVERADO 2500HD,,
45-4002,CHEVROLET,SILVERADO 3500HD,,
45-4002,CHEVROLET,SILVERADO 1500HD,CLASSIC ONLY,
45-4002,CHEVROLET,SILVERADO 2500HD,CLASSIC ONLY,
45-4002,CHEVROLET,SILVERADO 3500HD,CLASSIC ONLY,
45-4006,CHEVROLET,SILVERADO 2500HD,,
45-4006,CHEVROLET,SILVERADO 3500HD,,
45-4013,CHEVROLET,SILVERADO 2500HD,,
45-4013,CHEVROLET,SILVERADO 3500HD,,
45-4001,CHEVROLET,SUBURBAN 1500,,
45-4002,CHEVROLET,SUBURBAN 2500,,
45-4001,CHEVROLET,TAHOE,,
45-4002,CHEVROLET,TAHOE 2500,,
45-5006,DODGE,RAM,MEGA CAB,
45-5006,DODGE,RAM,MEGA CAB,
45-5006,DODGE,RAM 1500,QUAD CAB,
45-5005,DODGE,RAM 1500,,
45-5006,DODGE,RAM 2500,QUAD CAB,
45-5006,DODGE,RAM 3500,QUAD CAB,
45-5006,DODGE,RAM 2500,CREW CAB,
45-5006,DODGE,RAM 3500,CREW CAB,
45-3001,FORD,EXCURSION,,
45-3007,FORD,F-150,,2012
45-3001,FORD,F-250,SUPER DUTY,2007
45-3001,FORD,F-350,SUPER DUTY,2007
45-3006,FORD,F-250,SUPER DUTY,
45-3006,FORD,F-350,SUPER DUTY,
45-3012,FORD,F-350,SUPER DUTY,
45-3012,FORD,F-450,SUPER DUTY,
45-3012,FORD,F-550,SUPER DUTY,
45-4001,GMC,SIERRA 1500,,
45-4001,GMC,SIERRA 1500,CLASSIC ONLY,
45-4005,GMC,SIERRA 1500,,
45-4012,GMC,SIERRA 1500,,
45-4002,GMC,SIERRA 2500LD,,
45-4002,GMC,SIERRA 1500HD,,
45-4002,GMC,SIERRA 2500HD,,
45-4002,GMC,SIERRA 3500HD,,
45-4002,GMC,SIERRA 1500HD,CLASSIC ONLY,
45-4002,GMC,SIERRA 2500HD,CLASSIC ONLY,
45-4002,GMC,SIERRA 3500HD,CLASSIC ONLY,
45-4006,GMC,SIERRA 2500HD,,
45-4006,GMC,SIERRA 3500HD,,
45-4013,GMC,SIERRA 2500HD,,
45-4013,GMC,SIERRA 3500HD,,
45-4001,GMC,YUKON,,
45-4001,GMC,YUKON XL 1500,,
45-4002,GMC,YUKON XL 2500LD,,
45-2004,TOYOTA,SEQUOIA,,
45-2004,TOYOTA,TUNDRA,,2015
AL45-4001,CHEVROLET,AVALANCHE 1500,WITH AND WITHOUT CLADDING,
AL45-4002,CHEVROLET,AVALANCHE 2500,,
AL45-4001,CHEVROLET,SILVERADO 1500,,
AL45-4001,CHEVROLET,SILVERADO 1500,CLASSIC ONLY,
AL45-4005,CHEVROLET,SILVERADO 1500,,
AL45-4012,CHEVROLET,SILVERADO 1500,,
AL45-4002,CHEVROLET,SILVERADO 2500LD,,
AL45-4002,CHEVROLET,SILVERADO 1500HD,,
AL45-4002,CHEVROLET,SILVERADO 2500HD,,
AL45-4002,CHEVROLET,SILVERADO 3500HD,,
AL45-4002,CHEVROLET,SILVERADO 1500HD,CLASSIC ONLY,
AL45-4002,CHEVROLET,SILVERADO 2500HD,CLASSIC ONLY,
AL45-4002,CHEVROLET,SILVERADO 3500HD,CLASSIC ONLY,
AL45-4006,CHEVROLET,SILVERADO 2500HD,,
AL45-4006,CHEVROLET,SILVERADO 3500HD,,
AL45-4013,CHEVROLET,SILVERADO 2500HD,,
AL45-4013,CHEVROLET,SILVERADO 3500HD,,
AL45-4001,CHEVROLET,SUBURBAN 1500,,
AL45-4002,CHEVROLET,SUBURBAN 2500,,
AL45-4001,CHEVROLET,TAHOE,,
AL45-4002,CHEVROLET,TAHOE 2500,,
AL45-5006,DODGE,RAM,MEGA CAB,
AL45-5006,DODGE,RAM,MEGA CAB,
AL45-5006,DODGE,RAM 1500,QUAD CAB,
AL45-5005,DODGE,RAM 1500,,
AL45-5006,DODGE,RAM 2500,QUAD CAB,
AL45-5006,DODGE,RAM 3500,QUAD CAB,
AL45-5006,DODGE,RAM 2500,CREW CAB,
AL45-5006,DODGE,RAM 3500,CREW CAB,
AL45-3001,FORD,EXCURSION,,
AL45-3007,FORD,F-150,,2012
AL45-3001,FORD,F-250,SUPER DUTY,2007
AL45-3001,FORD,F-350,SUPER DUTY,2007
AL45-3006,FORD,F-250,SUPER DUTY,
AL45-3006,FORD,F-350,SUPER DUTY,
AL45-3012,FORD,F-350,SUPER DUTY,
AL45-3012,FORD,F-450,SUPER DUTY,
AL45-3012,FORD,F-550,SUPER DUTY,
AL45-4001,GMC,SIERRA 1500,,
AL45-4001,GMC,SIERRA 1500,CLASSIC ONLY,
AL45-4005,GMC,SIERRA 1500,,
AL45-4012,GMC,SIERRA 1500,,
AL45-4002,GMC,SIERRA 2500LD,,
AL45-4002,GMC,SIERRA 1500HD,,
AL45-4002,GMC,SIERRA 2500HD,,
AL45-4002,GMC,SIERRA 3500HD,,
AL45-4002,GMC,SIERRA 1500HD,CLASSIC ONLY,
AL45-4002,GMC,SIERRA 2500HD,CLASSIC ONLY,
AL45-4002,GMC,SIERRA 3500HD,CLASSIC ONLY,
AL45-4006,GMC,SIERRA 2500HD,,
AL45-4006,GMC,SIERRA 3500HD,,
AL45-4013,GMC,SIERRA 2500HD,,
AL45-4013,GMC,SIERRA 3500HD,,
AL45-4001,GMC,YUKON,,
AL45-4001,GMC,YUKON XL 1500,,
AL45-4002,GMC,YUKON XL 2500LD,,
AL45-9001,NISSAN,TITAN,,2012
AL45-2004,TOYOTA,SEQUOIA,,
AL45-2004,TOYOTA,TUNDRA,,2015
45-4001,CHEVROLET,AVALANCHE 1500,WITH AND WITHOUT CLADDING,
45-4002,CHEVROLET,AVALANCHE 2500,,
45-4001,CHEVROLET,SILVERADO 1500,,
45-4001,CHEVROLET,SILVERADO 1500,CLASSIC ONLY,
45-4005,CHEVROLET,SILVERADO 1500,,
45-4012,CHEVROLET,SILVERADO 1500,,
45-4002,CHEVROLET,SILVERADO 2500LD,,
45-4002,CHEVROLET,SILVERADO 1500HD,,
45-4002,CHEVROLET,SILVERADO 2500HD,,
45-4002,CHEVROLET,SILVERADO 3500HD,,
45-4002,CHEVROLET,SILVERADO 1500HD,CLASSIC ONLY,
45-4002,CHEVROLET,SILVERADO 2500HD,CLASSIC ONLY,
45-4002,CHEVROLET,SILVERADO 3500HD,CLASSIC ONLY,
45-4006,CHEVROLET,SILVERADO 2500HD,,
45-4006,CHEVROLET,SILVERADO 3500HD,,
45-4013,CHEVROLET,SILVERADO 2500HD,,
45-4013,CHEVROLET,SILVERADO 3500HD,,
45-4001,CHEVROLET,SUBURBAN 1500,,
45-4002,CHEVROLET,SUBURBAN 2500,,
45-4001,CHEVROLET,TAHOE,,
45-4002,CHEVROLET,TAHOE 2500,,
45-5006,DODGE,RAM,MEGA CAB,
45-5006,DODGE,RAM,MEGA CAB,
45-5006,DODGE,RAM 1500,QUAD CAB,
45-5005,DODGE,RAM 1500,,
45-5006,DODGE,RAM 2500,QUAD CAB,
45-5006,DODGE,RAM 3500,QUAD CAB,
45-5006,DODGE,RAM 2500,CREW CAB,
45-5006,DODGE,RAM 3500,CREW CAB,
45-3001,FORD,EXCURSION,,
45-3007,FORD,F-150,,2013
45-3001,FORD,F-250,SUPER DUTY,
45-3001,FORD,F-350,SUPER DUTY,
45-3006,FORD,F-250,SUPER DUTY,
45-3006,FORD,F-350,SUPER DUTY,
45-3012,FORD,F-350,SUPER DUTY,
45-3012,FORD,F-450,SUPER DUTY,
45-3012,FORD,F-550,SUPER DUTY,
45-4001,GMC,SIERRA 1500,,
45-4001,GMC,SIERRA 1500,CLASSIC ONLY,
45-4005,GMC,SIERRA 1500,,
45-4012,GMC,SIERRA 1500,,
45-4002,GMC,SIERRA 2500LD,,
45-4002,GMC,SIERRA 1500HD,,
45-4002,GMC,SIERRA 2500HD,,
45-4002,GMC,SIERRA 3500HD,,
45-4002,GMC,SIERRA 1500HD,CLASSIC ONLY,
45-4002,GMC,SIERRA 2500HD,CLASSIC ONLY,
45-4002,GMC,SIERRA 3500HD,CLASSIC ONLY,
45-4006,GMC,SIERRA 2500HD,,
45-4006,GMC,SIERRA 3500HD,,
45-4013,GMC,SIERRA 2500HD,,
45-4013,GMC,SIERRA 3500HD,,
45-4001,GMC,YUKON,,
45-4001,GMC,YUKON XL 1500,,
45-4002,GMC,YUKON XL 2500LD,,
45-2004,TOYOTA,SEQUOIA,,
45-2004,TOYOTA,TUNDRA,,
AL45-4001,CHEVROLET,AVALANCHE 1500,WITH AND WITHOUT CLADDING,
AL45-4002,CHEVROLET,AVALANCHE 2500,,
AL45-4001,CHEVROLET,SILVERADO 1500,,
AL45-4001,CHEVROLET,SILVERADO 1500,CLASSIC ONLY,
AL45-4005,CHEVROLET,SILVERADO 1500,,
AL45-4012,CHEVROLET,SILVERADO 1500,,
AL45-4002,CHEVROLET,SILVERADO 2500LD,,
AL45-4002,CHEVROLET,SILVERADO 1500HD,,
AL45-4002,CHEVROLET,SILVERADO 2500HD,,
AL45-4002,CHEVROLET,SILVERADO 3500HD,,
AL45-4002,CHEVROLET,SILVERADO 1500HD,CLASSIC ONLY,
AL45-4002,CHEVROLET,SILVERADO 2500HD,CLASSIC ONLY,
AL45-4002,CHEVROLET,SILVERADO 3500HD,CLASSIC ONLY,
AL45-4006,CHEVROLET,SILVERADO 2500HD,,
AL45-4006,CHEVROLET,SILVERADO 3500HD,,
AL45-4013,CHEVROLET,SILVERADO 2500HD,,
AL45-4013,CHEVROLET,SILVERADO 3500HD,,
AL45-4001,CHEVROLET,SUBURBAN 1500,,
AL45-4002,CHEVROLET,SUBURBAN 2500,,
AL45-4001,CHEVROLET,TAHOE,,
AL45-4002,CHEVROLET,TAHOE 2500,,
AL45-5006,DODGE,RAM,MEGA CAB,
AL45-5006,DODGE,RAM,MEGA CAB,
AL45-5006,DODGE,RAM 1500,QUAD CAB,
AL45-5005,DODGE,RAM 1500,,
AL45-5006,DODGE,RAM 2500,QUAD CAB,
AL45-5006,DODGE,RAM 3500,QUAD CAB,
AL45-5006,DODGE,RAM 2500,CREW CAB,
AL45-5006,DODGE,RAM 3500,CREW CAB,
AL45-3001,FORD,EXCURSION,,
AL45-3007,FORD,F-150,,2013
AL45-3001,FORD,F-250,SUPER DUTY,
AL45-3001,FORD,F-350,SUPER DUTY,
AL45-3006,FORD,F-250,SUPER DUTY,
AL45-3006,FORD,F-350,SUPER DUTY,
AL45-3012,FORD,F-350,SUPER DUTY,
AL45-3012,FORD,F-450,SUPER DUTY,
AL45-3012,FORD,F-550,SUPER DUTY,
AL45-4001,GMC,SIERRA 1500,,
AL45-4001,GMC,SIERRA 1500,CLASSIC ONLY,
AL45-4005,GMC,SIERRA 1500,,
AL45-4012,GMC,SIERRA 1500,,
AL45-4002,GMC,SIERRA 2500LD,,
AL45-4002,GMC,SIERRA 1500HD,,
AL45-4002,GMC,SIERRA 2500HD,,
AL45-4002,GMC,SIERRA 3500HD,,
AL45-4002,GMC,SIERRA 1500HD,CLASSIC ONLY,
AL45-4002,GMC,SIERRA 2500HD,CLASSIC ONLY,
AL45-4002,GMC,SIERRA 3500HD,CLASSIC ONLY,
AL45-4006,GMC,SIERRA 2500HD,,
AL45-4006,GMC,SIERRA 3500HD,,
AL45-4013,GMC,SIERRA 2500HD,,
AL45-4013,GMC,SIERRA 3500HD,,
AL45-4001,GMC,YUKON,,
AL45-4001,GMC,YUKON XL 1500,,
AL45-4002,GMC,YUKON XL 2500LD,,
AL45-9001,NISSAN,TITAN,,2013
AL45-2004,TOYOTA,SEQUOIA,,
AL45-2004,TOYOTA,TUNDRA,,
45-4001,CHEVROLET,AVALANCHE 1500,WITH AND WITHOUT CLADDING,
45-4002,CHEVROLET,AVALANCHE 2500,,
45-4001,CHEVROLET,SILVERADO 1500,,
45-4001,CHEVROLET,SILVERADO 1500,CLASSIC ONLY,
45-4005,CHEVROLET,SILVERADO 1500,,
45-4012,CHEVROLET,SILVERADO 1500,,
45-4002,CHEVROLET,SILVERADO 2500LD,,
45-4002,CHEVROLET,SILVERADO 1500HD,,
45-4002,CHEVROLET,SILVERADO 2500HD,,
45-4002,CHEVROLET,SILVERADO 3500HD,,
45-4002,CHEVROLET,SILVERADO 1500HD,CLASSIC ONLY,
45-4002,CHEVROLET,SILVERADO 2500HD,CLASSIC ONLY,
45-4002,CHEVROLET,SILVERADO 3500HD,CLASSIC ONLY,
45-4006,CHEVROLET,SILVERADO 2500HD,,
45-4006,CHEVROLET,SILVERADO 3500HD,,
45-4013,CHEVROLET,SILVERADO 2500HD,,
45-4013,CHEVROLET,SILVERADO 3500HD,,
45-4001,CHEVROLET,SUBURBAN 1500,,
45-4002,CHEVROLET,SUBURBAN 2500,,
45-4001,CHEVROLET,TAHOE,,
45-4002,CHEVROLET,TAHOE 2500,,
45-5006,DODGE,RAM,MEGA CAB,
45-5006,DODGE,RAM,MEGA CAB,
45-5006,DODGE,RAM 1500,QUAD CAB,
45-5005,DODGE,RAM 1500,,
45-5006,DODGE,RAM 2500,QUAD CAB,
45-5006,DODGE,RAM 3500,QUAD CAB,
45-5006,DODGE,RAM 2500,CREW CAB,
45-5006,DODGE,RAM 3500,CREW CAB,
45-3001,FORD,EXCURSION,,
45-3007,FORD,F-150,,2014
45-3001,FORD,F-250,SUPER DUTY,
45-3001,FORD,F-350,SUPER DUTY,
45-3006,FORD,F-250,SUPER DUTY,
45-3006,FORD,F-350,SUPER DUTY,
45-3012,FORD,F-350,SUPER DUTY,
45-3012,FORD,F-450,SUPER DUTY,
45-3012,FORD,F-550,SUPER DUTY,
45-4001,GMC,SIERRA 1500,,
45-4001,GMC,SIERRA 1500,CLASSIC ONLY,
45-4005,GMC,SIERRA 1500,,
45-4012,GMC,SIERRA 1500,,
45-4002,GMC,SIERRA 2500LD,,
45-4002,GMC,SIERRA 1500HD,,
45-4002,GMC,SIERRA 2500HD,,
45-4002,GMC,SIERRA 3500HD,,
45-4002,GMC,SIERRA 1500HD,CLASSIC ONLY,
45-4002,GMC,SIERRA 2500HD,CLASSIC ONLY,
45-4002,GMC,SIERRA 3500HD,CLASSIC ONLY,
45-4006,GMC,SIERRA 2500HD,,
45-4006,GMC,SIERRA 3500HD,,
45-4013,GMC,SIERRA 2500HD,,
45-4013,GMC,SIERRA 3500HD,,
45-4001,GMC,YUKON,,
45-4001,GMC,YUKON XL 1500,,
45-4002,GMC,YUKON XL 2500LD,,
45-2004,TOYOTA,SEQUOIA,,
45-2004,TOYOTA,TUNDRA,,
AL45-4001,CHEVROLET,AVALANCHE 1500,WITH AND WITHOUT CLADDING,
AL45-4002,CHEVROLET,AVALANCHE 2500,,
AL45-4001,CHEVROLET,SILVERADO 1500,,
AL45-4001,CHEVROLET,SILVERADO 1500,CLASSIC ONLY,
AL45-4005,CHEVROLET,SILVERADO 1500,,
AL45-4012,CHEVROLET,SILVERADO 1500,,
AL45-4002,CHEVROLET,SILVERADO 2500LD,,
AL45-4002,CHEVROLET,SILVERADO 1500HD,,
AL45-4002,CHEVROLET,SILVERADO 2500HD,,
AL45-4002,CHEVROLET,SILVERADO 3500HD,,
AL45-4002,CHEVROLET,SILVERADO 1500HD,CLASSIC ONLY,
AL45-4002,CHEVROLET,SILVERADO 2500HD,CLASSIC ONLY,
AL45-4002,CHEVROLET,SILVERADO 3500HD,CLASSIC ONLY,
AL45-4006,CHEVROLET,SILVERADO 2500HD,,
AL45-4006,CHEVROLET,SILVERADO 3500HD,,
AL45-4013,CHEVROLET,SILVERADO 2500HD,,
AL45-4013,CHEVROLET,SILVERADO 3500HD,,
AL45-4001,CHEVROLET,SUBURBAN 1500,,
AL45-4002,CHEVROLET,SUBURBAN 2500,,
AL45-4001,CHEVROLET,TAHOE,,
AL45-4002,CHEVROLET,TAHOE 2500,,
AL45-5006,DODGE,RAM,MEGA CAB,
AL45-5006,DODGE,RAM,MEGA CAB,
AL45-5006,DODGE,RAM 1500,QUAD CAB,
AL45-5005,DODGE,RAM 1500,,
AL45-5006,DODGE,RAM 2500,QUAD CAB,
AL45-5006,DODGE,RAM 3500,QUAD CAB,
AL45-5006,DODGE,RAM 2500,CREW CAB,
AL45-5006,DODGE,RAM 3500,CREW CAB,
AL45-3001,FORD,EXCURSION,,
AL45-3007,FORD,F-150,,2014
AL45-3001,FORD,F-250,SUPER DUTY,
AL45-3001,FORD,F-350,SUPER DUTY,
AL45-3006,FORD,F-250,SUPER DUTY,
AL45-3006,FORD,F-350,SUPER DUTY,
AL45-3012,FORD,F-350,SUPER DUTY,
AL45-3012,FORD,F-450,SUPER DUTY,
AL45-3012,FORD,F-550,SUPER DUTY,
AL45-4001,GMC,SIERRA 1500,,
AL45-4001,GMC,SIERRA 1500,CLASSIC ONLY,
AL45-4005,GMC,SIERRA 1500,,
AL45-4012,GMC,SIERRA 1500,,
AL45-4002,GMC,SIERRA 2500LD,,
AL45-4002,GMC,SIERRA 1500HD,,
AL45-4002,GMC,SIERRA 2500HD,,
AL45-4002,GMC,SIERRA 3500HD,,
AL45-4002,GMC,SIERRA 1500HD,CLASSIC ONLY,
AL45-4002,GMC,SIERRA 2500HD,CLASSIC ONLY,
AL45-4002,GMC,SIERRA 3500HD,CLASSIC ONLY,
AL45-4006,GMC,SIERRA 2500HD,,
AL45-4006,GMC,SIERRA 3500HD,,
AL45-4013,GMC,SIERRA 2500HD,,
AL45-4013,GMC,SIERRA 3500HD,,
AL45-4001,GMC,YUKON,,
AL45-4001,GMC,YUKON XL 1500,,
AL45-4002,GMC,YUKON XL 2500LD,,
AL45-9001,NISSAN,TITAN,,2014
AL45-2004,TOYOTA,SEQUOIA,,
AL45-2004,TOYOTA,TUNDRA,,
45-4001,CHEVROLET,AVALANCHE 1500,WITH AND WITHOUT CLADDING,
45-4002,CHEVROLET,AVALANCHE 2500,,
45-4001,CHEVROLET,SILVERADO 1500,,
45-4001,CHEVROLET,SILVERADO 1500,CLASSIC ONLY,
45-4005,CHEVROLET,SILVERADO 1500,,
45-4012,CHEVROLET,SILVERADO 1500,,
45-4002,CHEVROLET,SILVERADO 2500LD,,
45-4002,CHEVROLET,SILVERADO 1500HD,,
45-4002,CHEVROLET,SILVERADO 2500HD,,
45-4002,CHEVROLET,SILVERADO 3500HD,,
45-4002,CHEVROLET,SILVERADO 1500HD,CLASSIC ONLY,
45-4002,CHEVROLET,SILVERADO 2500HD,CLASSIC ONLY,
45-4002,CHEVROLET,SILVERADO 3500HD,CLASSIC ONLY,
45-4006,CHEVROLET,SILVERADO 2500HD,,
45-4006,CHEVROLET,SILVERADO 3500HD,,
45-4013,CHEVROLET,SILVERADO 2500HD,,
45-4013,CHEVROLET,SILVERADO 3500HD,,
45-4001,CHEVROLET,SUBURBAN 1500,,
45-4002,CHEVROLET,SUBURBAN 2500,,
45-4001,CHEVROLET,TAHOE,,
45-4002,CHEVROLET,TAHOE 2500,,
45-5006,DODGE,RAM,MEGA CAB,
45-5006,DODGE,RAM,MEGA CAB,
45-5006,DODGE,RAM 1500,QUAD CAB,
45-5005,DODGE,RAM 1500,,
45-5006,DODGE,RAM 2500,QUAD CAB,
45-5006,DODGE,RAM 3500,QUAD CAB,
45-5006,DODGE,RAM 2500,CREW CAB,
45-5006,DODGE,RAM 3500,CREW CAB,
45-3001,FORD,EXCURSION,,
45-3007,FORD,F-150,,2015
45-3001,FORD,F-250,SUPER DUTY,
45-3001,FORD,F-350,SUPER DUTY,
45-3006,FORD,F-250,SUPER DUTY,
45-3006,FORD,F-350,SUPER DUTY,
45-3012,FORD,F-350,SUPER DUTY,
45-3012,FORD,F-450,SUPER DUTY,
45-3012,FORD,F-550,SUPER DUTY,
45-4001,GMC,SIERRA 1500,,
45-4001,GMC,SIERRA 1500,CLASSIC ONLY,
45-4005,GMC,SIERRA 1500,,
45-4012,GMC,SIERRA 1500,,
45-4002,GMC,SIERRA 2500LD,,
45-4002,GMC,SIERRA 1500HD,,
45-4002,GMC,SIERRA 2500HD,,
45-4002,GMC,SIERRA 3500HD,,
45-4002,GMC,SIERRA 1500HD,CLASSIC ONLY,
45-4002,GMC,SIERRA 2500HD,CLASSIC ONLY,
45-4002,GMC,SIERRA 3500HD,CLASSIC ONLY,
45-4006,GMC,SIERRA 2500HD,,
45-4006,GMC,SIERRA 3500HD,,
45-4013,GMC,SIERRA 2500HD,,
45-4013,GMC,SIERRA 3500HD,,
45-4001,GMC,YUKON,,
45-4001,GMC,YUKON XL 1500,,
45-4002,GMC,YUKON XL 2500LD,,
45-2004,TOYOTA,SEQUOIA,,
45-2004,TOYOTA,TUNDRA,,
AL45-4001,CHEVROLET,AVALANCHE 1500,WITH AND WITHOUT CLADDING,
AL45-4002,CHEVROLET,AVALANCHE 2500,,
AL45-4001,CHEVROLET,SILVERADO 1500,,
AL45-4001,CHEVROLET,SILVERADO 1500,CLASSIC ONLY,
AL45-4005,CHEVROLET,SILVERADO 1500,,
AL45-4012,CHEVROLET,SILVERADO 1500,,
AL45-4002,CHEVROLET,SILVERADO 2500LD,,
AL45-4002,CHEVROLET,SILVERADO 1500HD,,
AL45-4002,CHEVROLET,SILVERADO 2500HD,,
AL45-4002,CHEVROLET,SILVERADO 3500HD,,
AL45-4002,CHEVROLET,SILVERADO 1500HD,CLASSIC ONLY,
AL45-4002,CHEVROLET,SILVERADO 2500HD,CLASSIC ONLY,
AL45-4002,CHEVROLET,SILVERADO 3500HD,CLASSIC ONLY,
AL45-4006,CHEVROLET,SILVERADO 2500HD,,
AL45-4006,CHEVROLET,SILVERADO 3500HD,,
AL45-4013,CHEVROLET,SILVERADO 2500HD,,
AL45-4013,CHEVROLET,SILVERADO 3500HD,,
AL45-4001,CHEVROLET,SUBURBAN 1500,,
AL45-4002,CHEVROLET,SUBURBAN 2500,,
AL45-4001,CHEVROLET,TAHOE,,
AL45-4002,CHEVROLET,TAHOE 2500,,
AL45-5006,DODGE,RAM,MEGA CAB,
AL45-5006,DODGE,RAM,MEGA CAB,
AL45-5006,DODGE,RAM 1500,QUAD CAB,
AL45-5005,DODGE,RAM 1500,,
AL45-5006,DODGE,RAM 2500,QUAD CAB,
AL45-5006,DODGE,RAM 3500,QUAD CAB,
AL45-5006,DODGE,RAM 2500,CREW CAB,
AL45-5006,DODGE,RAM 3500,CREW CAB,
AL45-3001,FORD,EXCURSION,,
AL45-3007,FORD,F-150,,2015
AL45-3001,FORD,F-250,SUPER DUTY,
AL45-3001,FORD,F-350,SUPER DUTY,
AL45-3006,FORD,F-250,SUPER DUTY,
AL45-3006,FORD,F-350,SUPER DUTY,
AL45-3012,FORD,F-350,SUPER DUTY,
AL45-3012,FORD,F-450,SUPER DUTY,
AL45-3012,FORD,F-550,SUPER DUTY,
AL45-4001,GMC,SIERRA 1500,,
AL45-4001,GMC,SIERRA 1500,CLASSIC ONLY,
AL45-4005,GMC,SIERRA 1500,,
AL45-4012,GMC,SIERRA 1500,,
AL45-4002,GMC,SIERRA 2500LD,,
AL45-4002,GMC,SIERRA 1500HD,,
AL45-4002,GMC,SIERRA 2500HD,,
AL45-4002,GMC,SIERRA 3500HD,,
AL45-4002,GMC,SIERRA 1500HD,CLASSIC ONLY,
AL45-4002,GMC,SIERRA 2500HD,CLASSIC ONLY,
AL45-4002,GMC,SIERRA 3500HD,CLASSIC ONLY,
AL45-4006,GMC,SIERRA 2500HD,,
AL45-4006,GMC,SIERRA 3500HD,,
AL45-4013,GMC,SIERRA 2500HD,,
AL45-4013,GMC,SIERRA 3500HD,,
AL45-4001,GMC,YUKON,,
AL45-4001,GMC,YUKON XL 1500,,
AL45-4002,GMC,YUKON XL 2500LD,,
AL45-9001,NISSAN,TITAN,,2015
AL45-2004,TOYOTA,SEQUOIA,,
AL45-2004,TOYOTA,TUNDRA,,
45-4001,CHEVROLET,AVALANCHE 1500,WITH AND WITHOUT CLADDING,
45-4002,CHEVROLET,AVALANCHE 2500,,
45-4001,CHEVROLET,SILVERADO 1500,,
45-4001,CHEVROLET,SILVERADO 1500,CLASSIC ONLY,
45-4005,CHEVROLET,SILVERADO 1500,,
45-4012,CHEVROLET,SILVERADO 1500,,
45-4002,CHEVROLET,SILVERADO 2500LD,,
45-4002,CHEVROLET,SILVERADO 1500HD,,
45-4002,CHEVROLET,SILVERADO 2500HD,,
45-4002,CHEVROLET,SILVERADO 3500HD,,
45-4002,CHEVROLET,SILVERADO 1500HD,CLASSIC ONLY,
45-4002,CHEVROLET,SILVERADO 2500HD,CLASSIC ONLY,
45-4002,CHEVROLET,SILVERADO 3500HD,CLASSIC ONLY,
45-4006,CHEVROLET,SILVERADO 2500HD,,
45-4006,CHEVROLET,SILVERADO 3500HD,,
45-4013,CHEVROLET,SILVERADO 2500HD,,
45-4013,CHEVROLET,SILVERADO 3500HD,,
45-4001,CHEVROLET,SUBURBAN 1500,,
45-4002,CHEVROLET,SUBURBAN 2500,,
45-4001,CHEVROLET,TAHOE,,
45-4002,CHEVROLET,TAHOE 2500,,
45-5006,DODGE,RAM,MEGA CAB,
45-5006,DODGE,RAM,MEGA CAB,
45-5006,DODGE,RAM 1500,QUAD CAB,
45-5005,DODGE,RAM 1500,,
45-5006,DODGE,RAM 2500,QUAD CAB,
45-5006,DODGE,RAM 3500,QUAD CAB,
45-5006,DODGE,RAM 2500,CREW CAB,
45-5006,DODGE,RAM 3500,CREW CAB,
45-3001,FORD,EXCURSION,,
45-3007,FORD,F-150,,
45-3001,FORD,F-250,SUPER DUTY,
45-3001,FORD,F-350,SUPER DUTY,
45-3006,FORD,F-250,SUPER DUTY,
45-3006,FORD,F-350,SUPER DUTY,
45-3012,FORD,F-350,SUPER DUTY,
45-3012,FORD,F-450,SUPER DUTY,
45-3012,FORD,F-550,SUPER DUTY,
45-4001,GMC,SIERRA 1500,,
45-4001,GMC,SIERRA 1500,CLASSIC ONLY,
45-4005,GMC,SIERRA 1500,,
45-4012,GMC,SIERRA 1500,,
45-4002,GMC,SIERRA 2500LD,,
45-4002,GMC,SIERRA 1500HD,,
45-4002,GMC,SIERRA 2500HD,,
45-4002,GMC,SIERRA 3500HD,,
45-4002,GMC,SIERRA 1500HD,CLASSIC ONLY,
45-4002,GMC,SIERRA 2500HD,CLASSIC ONLY,
45-4002,GMC,SIERRA 3500HD,CLASSIC ONLY,
45-4006,GMC,SIERRA 2500HD,,
45-4006,GMC,SIERRA 3500HD,,
45-4013,GMC,SIERRA 2500HD,,
45-4013,GMC,SIERRA 3500HD,,
45-4001,GMC,YUKON,,
45-4001,GMC,YUKON XL 1500,,
45-4002,GMC,YUKON XL 2500LD,,
45-2004,TOYOTA,SEQUOIA,,
45-2004,TOYOTA,TUNDRA,,
AL45-4001,CHEVROLET,AVALANCHE 1500,WITH AND WITHOUT CLADDING,
AL45-4002,CHEVROLET,AVALANCHE 2500,,
AL45-4001,CHEVROLET,SILVERADO 1500,,
AL45-4001,CHEVROLET,SILVERADO 1500,CLASSIC ONLY,
AL45-4005,CHEVROLET,SILVERADO 1500,,
AL45-4012,CHEVROLET,SILVERADO 1500,,
AL45-4002,CHEVROLET,SILVERADO 2500LD,,
AL45-4002,CHEVROLET,SILVERADO 1500HD,,
AL45-4002,CHEVROLET,SILVERADO 2500HD,,
AL45-4002,CHEVROLET,SILVERADO 3500HD,,
AL45-4002,CHEVROLET,SILVERADO 1500HD,CLASSIC ONLY,
AL45-4002,CHEVROLET,SILVERADO 2500HD,CLASSIC ONLY,
AL45-4002,CHEVROLET,SILVERADO 3500HD,CLASSIC ONLY,
AL45-4006,CHEVROLET,SILVERADO 2500HD,,
AL45-4006,CHEVROLET,SILVERADO 3500HD,,
AL45-4013,CHEVROLET,SILVERADO 2500HD,,
AL45-4013,CHEVROLET,SILVERADO 3500HD,,
AL45-4001,CHEVROLET,SUBURBAN 1500,,
AL45-4002,CHEVROLET,SUBURBAN 2500,,
AL45-4001,CHEVROLET,TAHOE,,
AL45-4002,CHEVROLET,TAHOE 2500,,
AL45-5006,DODGE,RAM,MEGA CAB,
AL45-5006,DODGE,RAM,MEGA CAB,
AL45-5006,DODGE,RAM 1500,QUAD CAB,
AL45-5005,DODGE,RAM 1500,,
AL45-5006,DODGE,RAM 2500,QUAD CAB,
AL45-5006,DODGE,RAM 3500,QUAD CAB,
AL45-5006,DODGE,RAM 2500,CREW CAB,
AL45-5006,DODGE,RAM 3500,CREW CAB,
AL45-3001,FORD,EXCURSION,,
AL45-3007,FORD,F-150,,
AL45-3001,FORD,F-250,SUPER DUTY,
AL45-3001,FORD,F-350,SUPER DUTY,
AL45-3006,FORD,F-250,SUPER DUTY,
AL45-3006,FORD,F-350,SUPER DUTY,
AL45-3012,FORD,F-350,SUPER DUTY,
AL45-3012,FORD,F-450,SUPER DUTY,
AL45-3012,FORD,F-550,SUPER DUTY,
AL45-4001,GMC,SIERRA 1500,,
AL45-4001,GMC,SIERRA 1500,CLASSIC ONLY,
AL45-4005,GMC,SIERRA 1500,,
AL45-4012,GMC,SIERRA 1500,,
AL45-4002,GMC,SIERRA 2500LD,,
AL45-4002,GMC,SIERRA 1500HD,,
AL45-4002,GMC,SIERRA 2500HD,,
AL45-4002,GMC,SIERRA 3500HD,,
AL45-4002,GMC,SIERRA 1500HD,CLASSIC ONLY,
AL45-4002,GMC,SIERRA 2500HD,CLASSIC ONLY,
AL45-4002,GMC,SIERRA 3500HD,CLASSIC ONLY,
AL45-4006,GMC,SIERRA 2500HD,,
AL45-4006,GMC,SIERRA 3500HD,,
AL45-4013,GMC,SIERRA 2500HD,,
AL45-4013,GMC,SIERRA 3500HD,,
AL45-4001,GMC,YUKON,,
AL45-4001,GMC,YUKON XL 1500,,
AL45-4002,GMC,YUKON XL 2500LD,,
AL45-9001,NISSAN,TITAN,,
AL45-2004,TOYOTA,SEQUOIA,,
AL45-2004,TOYOTA,TUNDRA,,
