CHEVROLET,SILVERADO 1500,EXTENDED CAB (BUSHING MOUNT),S224009-2,1999
CHEVROLET,SILVERADO 1500,EXTENDED CAB (ROCKER PANEL MOUNT),S224046-2,2007
CHEVROLET,SILVERADO 1500,DOUBLE CAB (ROCKER PANEL MOUNT),S224046-2,2014
CHEVROLET,SILVERADO 2500,EXTENDED CAB (ROCKER PANEL MOUNT),S224046-2,2007
CHEVROLET,SILVERADO 2500,DOUBLE CAB (ROCKER PANEL MOUNT),S224046-2,2014
CHEVROLET,SILVERADO 3500,EXTENDED CAB (ROCKER PANEL MOUNT),S224046-2,2007
CHEVROLET,SILVERADO 3500,DOUBLE CAB (ROCKER PANEL MOUNT),S224046-2,2014
CHEVROLET,SILVERADO 1500,STANDARD CAB (BUSHING MOUNT),S224017-2,1999
CHEVROLET,SILVERADO 1500,CREW CAB (BUSHING MOUNT),S224013-2,2001
CHEVROLET,SILVERADO 1500,CREW CAB (ROCKER PANEL MOUNT),S224045-2,2007
CHEVROLET,SILVERADO 1500,STANDARD CAB (ROCKER PANEL MOUNT),S224048-2,2007
CHEVROLET,SILVERADO 2500,CREW CAB (ROCKER PANEL MOUNT),S224045-2,2007
CHEVROLET,SILVERADO 2500,STANDARD CAB (ROCKER PANEL MOUNT),S224048-2,2007
CHEVROLET,SILVERADO 3500,CREW CAB (ROCKER PANEL MOUNT),S224045-2,2007
CHEVROLET,SILVERADO 3500,STANDARD CAB (ROCKER PANEL MOUNT),S224048-2,2007
CHEVROLET,SILVERADO 2500HD,EXTENDED CAB (INCLUDING DIESEL),S224009-2,2001
CHEVROLET,SILVERADO 3500HD,EXTENDED CAB (INCLUDING DIESEL),S224009-2,2001
CHEVROLET,SILVERADO 2500HD,STANDARD CAB (INCLUDING DIESEL),S224017-2,1999
CHEVROLET,SILVERADO 3500HD,STANDARD CAB (INCLUDING DIESEL),S224017-2,1999
CHEVROLET,SILVERADO 2500HD,CREW CAB (INCLUDING DIESEL),S224013-2,2001
CHEVROLET,SILVERADO 3500HD,CREW CAB (INCLUDING DIESEL),S224013-2,2001
CHEVROLET,TRAVERSE,ALL,S224031-2,2007
DODGE,RAM 1500,QUAD CAB,S225008-2,2002
DODGE,RAM 1500,QUAD CAB,S225017-2,2009
DODGE,RAM 1500,CREW CAB,S225016-2,2009
DODGE,RAM 1500,STANDARD CAB,S225018-2,2009
DODGE,RAM 2500,STANDARD CAB,S225018-2,2009
DODGE,RAM 3500,STANDARD CAB,S225018-2,2009
DODGE,RAM 2500,QUAD CAB,S225008-2,2003
DODGE,RAM 3500,QUAD CAB,S225008-2,2003
DODGE,RAM 2500,CREW CAB,S225019-2,2010
DODGE,RAM 3500,CREW CAB,S225019-2,2010
FORD,ESCAPE,ALL,S223031-2,2008
FORD,EXCURSION,ALL,S223006-2,2001
FORD,EXPLORER,ALL,S223041-2,2011
FORD,F-150,CREW CAB,S223015-2,2004
FORD,F-150,CREW CAB,S223039-2,2009
FORD,F-150,STANDARD CAB,S223017-2,2004
FORD,F-150,EXTENDED CAB,S223016-2,2004
FORD,F-250,SUPER DUTY (CREW CAB),S223006-2,1999
FORD,F-350,SUPER DUTY (CREW CAB),S223006-2,1999
FORD,F-250,SUPER DUTY (EXTENDED CAB),S223005-2,1999
FORD,F-350,SUPER DUTY (EXTENDED CAB),S223005-2,1999
GMC,ACADIA,ALL,S224031-2,2008
GMC,SIERRA 1500,EXTENDED CAB (BUSHING MOUNT),S224009-2,1999
GMC,SIERRA 1500,EXTENDED CAB (ROCKER PANEL MOUNT),S224046-2,2007
GMC,SIERRA 2500,EXTENDED CAB (ROCKER PANEL MOUNT),S224046-2,2007
GMC,SIERRA 3500,EXTENDED CAB (ROCKER PANEL MOUNT),S224046-2,2007
GMC,SIERRA 1500,DOUBLE CAB (ROCKER PANEL MOUNT),S224046-2,2014
GMC,SIERRA 2500,DOUBLE CAB (ROCKER PANEL MOUNT),S224046-2,2014
GMC,SIERRA 3500,DOUBLE CAB (ROCKER PANEL MOUNT),S224046-2,2014
GMC,SIERRA 1500,STANDARD CAB (BUSHING MOUNT),S224017-2,1999
GMC,SIERRA 1500,CREW CAB (BUSHING MOUNT),S224013-2,2001
GMC,SIERRA 1500,CREW CAB (ROCKER PANEL MOUNT),S224045-2,2007
GMC,SIERRA 2500,CREW CAB (ROCKER PANEL MOUNT),S224045-2,2007
GMC,SIERRA 3500,CREW CAB (ROCKER PANEL MOUNT),S224045-2,2007
GMC,SIERRA 1500,STANDARD CAB (ROCKER PANEL MOUNT),S224048-2,2007
GMC,SIERRA 2500,STANDARD CAB (ROCKER PANEL MOUNT),S224048-2,2007
GMC,SIERRA 3500,STANDARD CAB (ROCKER PANEL MOUNT),S224048-2,2007
GMC,SIERRA 2500HD,EXTENDED CAB (INCLUDING DIESEL),S224009-2,2001
GMC,SIERRA 3500HD,EXTENDED CAB (INCLUDING DIESEL),S224009-2,2001
GMC,SIERRA 2500HD,STANDARD CAB (INCLUDING DIESEL),S224017-2,1999
GMC,SIERRA 3500HD,STANDARD CAB (INCLUDING DIESEL),S224017-2,1999
GMC,SIERRA 2500HD,CREW CAB (INCLUDING DIESEL),S224013-2,2001
GMC,SIERRA 3500HD,CREW CAB (INCLUDING DIESEL),S224013-2,2001
HONDA,CRV,ALL,S226010-2,2012
HONDA,ELEMENT,ALL,S226004-2,2003
HONDA,PILOT,ALL,S226008-2,2009
HUMMER,H3,ALL,S224076-2,2006
JEEP,GRAND CHEROKEE,ALL,S221008-2,2011
LINCOLN,MARK LT,ALL,S223015-2,2005
LEXUS,RX350,ALL,S222016-2,2010
LEXUS,RX400,ALL,S222016-2,2010
LEXUS,RX400H,ALL,S222016-2,2010
NISSAN,TITAN,CREW CAB,S229006-2,2004
NISSAN,TITAN,EXTENDED CAB,S229007-2,2004
TOYOTA,FJ CRUISER,ALL,S222011-2,2007
TOYOTA,TACOMA,DOUBLE CAB,S222009-2,2005
TOYOTA,TACOMA,ACCESS CAB,S222008-2,2005
TOYOTA,TUNDRA,DOUBLE CAB,S222006-2,2004
TOYOTA,TUNDRA,DOUBLE CAB,S222012-2,2007
TOYOTA,TUNDRA,CREWMAX,S222013-2,2007
CHEVROLET,SILVERADO 1500,EXTENDED CAB (BUSHING MOUNT),S224009,1999
CHEVROLET,SILVERADO 1500,EXTENDED CAB (ROCKER PANEL MOUNT),S224046,2007
CHEVROLET,SILVERADO 2500,EXTENDED CAB (ROCKER PANEL MOUNT),S224046,2007
CHEVROLET,SILVERADO 3500,EXTENDED CAB (ROCKER PANEL MOUNT),S224046,2007
CHEVROLET,SILVERADO 1500,DOUBLE CAB (ROCKER PANEL MOUNT),S224046,2014
CHEVROLET,SILVERADO 2500,DOUBLE CAB (ROCKER PANEL MOUNT),S224046,2014
CHEVROLET,SILVERADO 3500,DOUBLE CAB (ROCKER PANEL MOUNT),S224046,2014
CHEVROLET,SILVERADO 1500,STANDARD CAB (BUSHING MOUNT),S224017,1999
CHEVROLET,SILVERADO 1500,CREW CAB (BUSHING MOUNT),S224013,2001
CHEVROLET,SILVERADO 1500,CREW CAB (ROCKER PANEL MOUNT),S224045,2007
CHEVROLET,SILVERADO 2500,CREW CAB (ROCKER PANEL MOUNT),S224045,2007
CHEVROLET,SILVERADO 3500,CREW CAB (ROCKER PANEL MOUNT),S224045,2007
CHEVROLET,SILVERADO 1500,STANDARD CAB (ROCKER PANEL MOUNT),S224048,2007
CHEVROLET,SILVERADO 2500,STANDARD CAB (ROCKER PANEL MOUNT),S224048,2007
CHEVROLET,SILVERADO 3500,STANDARD CAB (ROCKER PANEL MOUNT),S224048,2007
CHEVROLET,SILVERADO 2500HD,EXTENDED CAB (INCLUDING DIESEL),S224009,2001
CHEVROLET,SILVERADO 3500HD,EXTENDED CAB (INCLUDING DIESEL),S224009,2001
CHEVROLET,SILVERADO 2500HD,STANDARD CAB (INCLUDING DIESEL),S224017,1999
CHEVROLET,SILVERADO 3500HD,STANDARD CAB (INCLUDING DIESEL),S224017,1999
CHEVROLET,SILVERADO 2500HD,CREW CAB (INCLUDING DIESEL),S224013,2001
CHEVROLET,SILVERADO 3500HD,CREW CAB (INCLUDING DIESEL),S224013,2001
CHEVROLET,TRAVERSE,ALL,S224031,2007
DODGE,RAM 1500,QUAD CAB,S225008,2002
DODGE,RAM 1500,QUAD CAB,S225017,2009
DODGE,RAM 1500,CREW CAB,S225016,2009
DODGE,RAM 1500,STANDARD CAB,S225018,2009
DODGE,RAM 2500,STANDARD CAB,S225018,2009
DODGE,RAM 3500,STANDARD CAB,S225018,2009
DODGE,RAM 2500,QUAD CAB,S225008,2003
DODGE,RAM 3500,QUAD CAB,S225008,2003
DODGE,RAM 2500,CREW CAB,S225019,2010
DODGE,RAM 3500,CREW CAB,S225019,2010
FORD,ESCAPE,ALL,S223031,2008
FORD,EXCURSION,ALL,S223006,2001
FORD,EXPLORER,ALL,S223041,2011
FORD,F-150,CREW CAB,S223015,2004
FORD,F-150,CREW CAB,S223039,2009
FORD,F-150,STANDARD CAB,S223017,2004
FORD,F-150,EXTENDED CAB,S223016,2004
FORD,F-250,SUPER DUTY (CREW CAB),S223006,1999
FORD,F-350,SUPER DUTY (CREW CAB),S223006,1999
FORD,F-250,SUPER DUTY (EXTENDED CAB),S223005,1999
FORD,F-350,SUPER DUTY (EXTENDED CAB),S223005,1999
GMC,ACADIA,ALL,S224031,2008
GMC,SIERRA 1500,EXTENDED CAB (BUSHING MOUNT),S224009,1999
GMC,SIERRA 1500,EXTENDED CAB (ROCKER PANEL MOUNT),S224046,2007
GMC,SIERRA 2500,EXTENDED CAB (ROCKER PANEL MOUNT),S224046,2007
GMC,SIERRA 3500,EXTENDED CAB (ROCKER PANEL MOUNT),S224046,2007
GMC,SIERRA 1500,DOUBLE CAB (ROCKER PANEL MOUNT),S224046,2014
GMC,SIERRA 2500,DOUBLE CAB (ROCKER PANEL MOUNT),S224046,2014
GMC,SIERRA 3500,DOUBLE CAB (ROCKER PANEL MOUNT),S224046,2014
GMC,SIERRA 1500,STANDARD CAB (BUSHING MOUNT),S224017,1999
GMC,SIERRA 1500,CREW CAB (BUSHING MOUNT),S224013,2001
GMC,SIERRA 1500,CREW CAB (ROCKER PANEL MOUNT),S224045,2007
GMC,SIERRA 2500,CREW CAB (ROCKER PANEL MOUNT),S224045,2007
GMC,SIERRA 3500,CREW CAB (ROCKER PANEL MOUNT),S224045,2007
GMC,SIERRA 1500,STANDARD CAB (ROCKER PANEL MOUNT),S224048,2007
GMC,SIERRA 2500,STANDARD CAB (ROCKER PANEL MOUNT),S224048,2007
GMC,SIERRA 3500,STANDARD CAB (ROCKER PANEL MOUNT),S224048,2007
GMC,SIERRA 2500HD,EXTENDED CAB (INCLUDING DIESEL),S224009,2001
GMC,SIERRA 3500HD,EXTENDED CAB (INCLUDING DIESEL),S224009,2001
GMC,SIERRA 2500HD,STANDARD CAB (INCLUDING DIESEL),S224017,1999
GMC,SIERRA 3500HD,STANDARD CAB (INCLUDING DIESEL),S224017,1999
GMC,SIERRA 2500HD,CREW CAB (INCLUDING DIESEL),S224013,2001
GMC,SIERRA 3500HD,CREW CAB (INCLUDING DIESEL),S224013,2001
HONDA,CRV,ALL,S226010,2012
HONDA,ELEMENT,ALL,S226004,2003
HONDA,PILOT,ALL,S226008,2009
JEEP,GRAND CHEROKEE,ALL,S221008,2011
LINCOLN,MARK LT,ALL,S223015,2005
LEXUS,RX350,ALL,S222016,2010
LEXUS,RX400,ALL,S222016,2010
LEXUS,RX400H,ALL,S222016,2010
NISSAN,TITAN,CREW CAB,S229006,2004
NISSAN,TITAN,EXTENDED CAB,S229007,2004
NISSAN,XTERRA,ALL,S229008,2005
TOYOTA,FJ CRUISER,ALL,S222011,2007
TOYOTA,TACOMA,DOUBLE CAB,S222009,2005
TOYOTA,TACOMA,ACCESS CAB,S222008,2005
TOYOTA,TUNDRA,DOUBLE CAB,S222012,2007
TOYOTA,TUNDRA,CREWMAX,S222013,2007
CHEVROLET,SILVERADO 1500,EXTENDED CAB (BUSHING MOUNT),S224009-2,2000
CHEVROLET,SILVERADO 1500,EXTENDED CAB (ROCKER PANEL MOUNT),S224046-2,2008
CHEVROLET,SILVERADO 1500,DOUBLE CAB (ROCKER PANEL MOUNT),S224046-2,2015
CHEVROLET,SILVERADO 2500,EXTENDED CAB (ROCKER PANEL MOUNT),S224046-2,2008
CHEVROLET,SILVERADO 2500,DOUBLE CAB (ROCKER PANEL MOUNT),S224046-2,2015
CHEVROLET,SILVERADO 3500,EXTENDED CAB (ROCKER PANEL MOUNT),S224046-2,2008
CHEVROLET,SILVERADO 3500,DOUBLE CAB (ROCKER PANEL MOUNT),S224046-2,2015
CHEVROLET,SILVERADO 1500,STANDARD CAB (BUSHING MOUNT),S224017-2,2000
CHEVROLET,SILVERADO 1500,CREW CAB (BUSHING MOUNT),S224013-2,2002
CHEVROLET,SILVERADO 1500,CREW CAB (ROCKER PANEL MOUNT),S224045-2,2008
CHEVROLET,SILVERADO 1500,STANDARD CAB (ROCKER PANEL MOUNT),S224048-2,2008
CHEVROLET,SILVERADO 2500,CREW CAB (ROCKER PANEL MOUNT),S224045-2,2008
CHEVROLET,SILVERADO 2500,STANDARD CAB (ROCKER PANEL MOUNT),S224048-2,2008
CHEVROLET,SILVERADO 3500,CREW CAB (ROCKER PANEL MOUNT),S224045-2,2008
CHEVROLET,SILVERADO 3500,STANDARD CAB (ROCKER PANEL MOUNT),S224048-2,2008
CHEVROLET,SILVERADO 2500HD,EXTENDED CAB (INCLUDING DIESEL),S224009-2,2002
CHEVROLET,SILVERADO 3500HD,EXTENDED CAB (INCLUDING DIESEL),S224009-2,2002
CHEVROLET,SILVERADO 2500HD,STANDARD CAB (INCLUDING DIESEL),S224017-2,2000
CHEVROLET,SILVERADO 3500HD,STANDARD CAB (INCLUDING DIESEL),S224017-2,2000
CHEVROLET,SILVERADO 2500HD,CREW CAB (INCLUDING DIESEL),S224013-2,2002
CHEVROLET,SILVERADO 3500HD,CREW CAB (INCLUDING DIESEL),S224013-2,2002
CHEVROLET,TRAVERSE,ALL,S224031-2,2008
DODGE,RAM 1500,QUAD CAB,S225008-2,2003
DODGE,RAM 1500,QUAD CAB,S225017-2,2010
DODGE,RAM 1500,CREW CAB,S225016-2,2010
DODGE,RAM 1500,STANDARD CAB,S225018-2,2010
DODGE,RAM 2500,STANDARD CAB,S225018-2,2010
DODGE,RAM 3500,STANDARD CAB,S225018-2,2010
DODGE,RAM 2500,QUAD CAB,S225008-2,2004
DODGE,RAM 3500,QUAD CAB,S225008-2,2004
DODGE,RAM 2500,CREW CAB,S225019-2,2011
DODGE,RAM 3500,CREW CAB,S225019-2,2011
FORD,ESCAPE,ALL,S223031-2,2009
FORD,EXCURSION,ALL,S223006-2,2002
FORD,EXPLORER,ALL,S223041-2,2012
FORD,F-150,CREW CAB,S223015-2,2005
FORD,F-150,CREW CAB,S223039-2,2010
FORD,F-150,STANDARD CAB,S223017-2,2005
FORD,F-150,EXTENDED CAB,S223016-2,2005
FORD,F-250,SUPER DUTY (CREW CAB),S223006-2,2000
FORD,F-350,SUPER DUTY (CREW CAB),S223006-2,2000
FORD,F-250,SUPER DUTY (EXTENDED CAB),S223005-2,2000
FORD,F-350,SUPER DUTY (EXTENDED CAB),S223005-2,2000
GMC,ACADIA,ALL,S224031-2,2009
GMC,SIERRA 1500,EXTENDED CAB (BUSHING MOUNT),S224009-2,2000
GMC,SIERRA 1500,EXTENDED CAB (ROCKER PANEL MOUNT),S224046-2,2008
GMC,SIERRA 2500,EXTENDED CAB (ROCKER PANEL MOUNT),S224046-2,2008
GMC,SIERRA 3500,EXTENDED CAB (ROCKER PANEL MOUNT),S224046-2,2008
GMC,SIERRA 1500,DOUBLE CAB (ROCKER PANEL MOUNT),S224046-2,2015
GMC,SIERRA 2500,DOUBLE CAB (ROCKER PANEL MOUNT),S224046-2,2015
GMC,SIERRA 3500,DOUBLE CAB (ROCKER PANEL MOUNT),S224046-2,2015
GMC,SIERRA 1500,STANDARD CAB (BUSHING MOUNT),S224017-2,2000
GMC,SIERRA 1500,CREW CAB (BUSHING MOUNT),S224013-2,2002
GMC,SIERRA 1500,CREW CAB (ROCKER PANEL MOUNT),S224045-2,2008
GMC,SIERRA 2500,CREW CAB (ROCKER PANEL MOUNT),S224045-2,2008
GMC,SIERRA 3500,CREW CAB (ROCKER PANEL MOUNT),S224045-2,2008
GMC,SIERRA 1500,STANDARD CAB (ROCKER PANEL MOUNT),S224048-2,2008
GMC,SIERRA 2500,STANDARD CAB (ROCKER PANEL MOUNT),S224048-2,2008
GMC,SIERRA 3500,STANDARD CAB (ROCKER PANEL MOUNT),S224048-2,2008
GMC,SIERRA 2500HD,EXTENDED CAB (INCLUDING DIESEL),S224009-2,2002
GMC,SIERRA 3500HD,EXTENDED CAB (INCLUDING DIESEL),S224009-2,2002
GMC,SIERRA 2500HD,STANDARD CAB (INCLUDING DIESEL),S224017-2,2000
GMC,SIERRA 3500HD,STANDARD CAB (INCLUDING DIESEL),S224017-2,2000
GMC,SIERRA 2500HD,CREW CAB (INCLUDING DIESEL),S224013-2,2002
GMC,SIERRA 3500HD,CREW CAB (INCLUDING DIESEL),S224013-2,2002
HONDA,CRV,ALL,S226010-2,2013
HONDA,ELEMENT,ALL,S226004-2,2004
HONDA,PILOT,ALL,S226008-2,2010
HUMMER,H3,ALL,S224076-2,2007
JEEP,GRAND CHEROKEE,ALL,S221008-2,2012
LINCOLN,MARK LT,ALL,S223015-2,2006
LEXUS,RX350,ALL,S222016-2,2011
LEXUS,RX400,ALL,S222016-2,2011
LEXUS,RX400H,ALL,S222016-2,2011
NISSAN,TITAN,CREW CAB,S229006-2,2005
NISSAN,TITAN,EXTENDED CAB,S229007-2,2005
TOYOTA,FJ CRUISER,ALL,S222011-2,2008
TOYOTA,TACOMA,DOUBLE CAB,S222009-2,2006
TOYOTA,TACOMA,ACCESS CAB,S222008-2,2006
TOYOTA,TUNDRA,DOUBLE CAB,S222006-2,2005
TOYOTA,TUNDRA,DOUBLE CAB,S222012-2,2008
TOYOTA,TUNDRA,CREWMAX,S222013-2,2008
CHEVROLET,SILVERADO 1500,EXTENDED CAB (BUSHING MOUNT),S224009,2000
CHEVROLET,SILVERADO 1500,EXTENDED CAB (ROCKER PANEL MOUNT),S224046,2008
CHEVROLET,SILVERADO 2500,EXTENDED CAB (ROCKER PANEL MOUNT),S224046,2008
CHEVROLET,SILVERADO 3500,EXTENDED CAB (ROCKER PANEL MOUNT),S224046,2008
CHEVROLET,SILVERADO 1500,DOUBLE CAB (ROCKER PANEL MOUNT),S224046,2015
CHEVROLET,SILVERADO 2500,DOUBLE CAB (ROCKER PANEL MOUNT),S224046,2015
CHEVROLET,SILVERADO 3500,DOUBLE CAB (ROCKER PANEL MOUNT),S224046,2015
CHEVROLET,SILVERADO 1500,STANDARD CAB (BUSHING MOUNT),S224017,2000
CHEVROLET,SILVERADO 1500,CREW CAB (BUSHING MOUNT),S224013,2002
CHEVROLET,SILVERADO 1500,CREW CAB (ROCKER PANEL MOUNT),S224045,2008
CHEVROLET,SILVERADO 2500,CREW CAB (ROCKER PANEL MOUNT),S224045,2008
CHEVROLET,SILVERADO 3500,CREW CAB (ROCKER PANEL MOUNT),S224045,2008
CHEVROLET,SILVERADO 1500,STANDARD CAB (ROCKER PANEL MOUNT),S224048,2008
CHEVROLET,SILVERADO 2500,STANDARD CAB (ROCKER PANEL MOUNT),S224048,2008
CHEVROLET,SILVERADO 3500,STANDARD CAB (ROCKER PANEL MOUNT),S224048,2008
CHEVROLET,SILVERADO 2500HD,EXTENDED CAB (INCLUDING DIESEL),S224009,2002
CHEVROLET,SILVERADO 3500HD,EXTENDED CAB (INCLUDING DIESEL),S224009,2002
CHEVROLET,SILVERADO 2500HD,STANDARD CAB (INCLUDING DIESEL),S224017,2000
CHEVROLET,SILVERADO 3500HD,STANDARD CAB (INCLUDING DIESEL),S224017,2000
CHEVROLET,SILVERADO 2500HD,CREW CAB (INCLUDING DIESEL),S224013,2002
CHEVROLET,SILVERADO 3500HD,CREW CAB (INCLUDING DIESEL),S224013,2002
CHEVROLET,TRAVERSE,ALL,S224031,2008
DODGE,RAM 1500,QUAD CAB,S225008,2003
DODGE,RAM 1500,QUAD CAB,S225017,2010
DODGE,RAM 1500,CREW CAB,S225016,2010
DODGE,RAM 1500,STANDARD CAB,S225018,2010
DODGE,RAM 2500,STANDARD CAB,S225018,2010
DODGE,RAM 3500,STANDARD CAB,S225018,2010
DODGE,RAM 2500,QUAD CAB,S225008,2004
DODGE,RAM 3500,QUAD CAB,S225008,2004
DODGE,RAM 2500,CREW CAB,S225019,2011
DODGE,RAM 3500,CREW CAB,S225019,2011
FORD,ESCAPE,ALL,S223031,2009
FORD,EXCURSION,ALL,S223006,2002
FORD,EXPLORER,ALL,S223041,2012
FORD,F-150,CREW CAB,S223015,2005
FORD,F-150,CREW CAB,S223039,2010
FORD,F-150,STANDARD CAB,S223017,2005
FORD,F-150,EXTENDED CAB,S223016,2005
FORD,F-250,SUPER DUTY (CREW CAB),S223006,2000
FORD,F-350,SUPER DUTY (CREW CAB),S223006,2000
FORD,F-250,SUPER DUTY (EXTENDED CAB),S223005,2000
FORD,F-350,SUPER DUTY (EXTENDED CAB),S223005,2000
GMC,ACADIA,ALL,S224031,2009
GMC,SIERRA 1500,EXTENDED CAB (BUSHING MOUNT),S224009,2000
GMC,SIERRA 1500,EXTENDED CAB (ROCKER PANEL MOUNT),S224046,2008
GMC,SIERRA 2500,EXTENDED CAB (ROCKER PANEL MOUNT),S224046,2008
GMC,SIERRA 3500,EXTENDED CAB (ROCKER PANEL MOUNT),S224046,2008
GMC,SIERRA 1500,DOUBLE CAB (ROCKER PANEL MOUNT),S224046,2015
GMC,SIERRA 2500,DOUBLE CAB (ROCKER PANEL MOUNT),S224046,2015
GMC,SIERRA 3500,DOUBLE CAB (ROCKER PANEL MOUNT),S224046,2015
GMC,SIERRA 1500,STANDARD CAB (BUSHING MOUNT),S224017,2000
GMC,SIERRA 1500,CREW CAB (BUSHING MOUNT),S224013,2002
GMC,SIERRA 1500,CREW CAB (ROCKER PANEL MOUNT),S224045,2008
GMC,SIERRA 2500,CREW CAB (ROCKER PANEL MOUNT),S224045,2008
GMC,SIERRA 3500,CREW CAB (ROCKER PANEL MOUNT),S224045,2008
GMC,SIERRA 1500,STANDARD CAB (ROCKER PANEL MOUNT),S224048,2008
GMC,SIERRA 2500,STANDARD CAB (ROCKER PANEL MOUNT),S224048,2008
GMC,SIERRA 3500,STANDARD CAB (ROCKER PANEL MOUNT),S224048,2008
GMC,SIERRA 2500HD,EXTENDED CAB (INCLUDING DIESEL),S224009,2002
GMC,SIERRA 3500HD,EXTENDED CAB (INCLUDING DIESEL),S224009,2002
GMC,SIERRA 2500HD,STANDARD CAB (INCLUDING DIESEL),S224017,2000
GMC,SIERRA 3500HD,STANDARD CAB (INCLUDING DIESEL),S224017,2000
GMC,SIERRA 2500HD,CREW CAB (INCLUDING DIESEL),S224013,2002
GMC,SIERRA 3500HD,CREW CAB (INCLUDING DIESEL),S224013,2002
HONDA,CRV,ALL,S226010,2013
HONDA,ELEMENT,ALL,S226004,2004
HONDA,PILOT,ALL,S226008,2010
JEEP,GRAND CHEROKEE,ALL,S221008,2012
LINCOLN,MARK LT,ALL,S223015,2006
LEXUS,RX350,ALL,S222016,2011
LEXUS,RX400,ALL,S222016,2011
LEXUS,RX400H,ALL,S222016,2011
NISSAN,TITAN,CREW CAB,S229006,2005
NISSAN,TITAN,EXTENDED CAB,S229007,2005
NISSAN,XTERRA,ALL,S229008,2006
TOYOTA,FJ CRUISER,ALL,S222011,2008
TOYOTA,TACOMA,DOUBLE CAB,S222009,2006
TOYOTA,TACOMA,ACCESS CAB,S222008,2006
TOYOTA,TUNDRA,DOUBLE CAB,S222012,2008
TOYOTA,TUNDRA,CREWMAX,S222013,2008
CHEVROLET,SILVERADO 1500,EXTENDED CAB (BUSHING MOUNT),S224009-2,2001
CHEVROLET,SILVERADO 1500,EXTENDED CAB (ROCKER PANEL MOUNT),S224046-2,2009
CHEVROLET,SILVERADO 2500,EXTENDED CAB (ROCKER PANEL MOUNT),S224046-2,2009
CHEVROLET,SILVERADO 3500,EXTENDED CAB (ROCKER PANEL MOUNT),S224046-2,2009
CHEVROLET,SILVERADO 1500,STANDARD CAB (BUSHING MOUNT),S224017-2,2001
CHEVROLET,SILVERADO 1500,CREW CAB (BUSHING MOUNT),S224013-2,2003
CHEVROLET,SILVERADO 1500,CREW CAB (ROCKER PANEL MOUNT),S224045-2,2009
CHEVROLET,SILVERADO 1500,STANDARD CAB (ROCKER PANEL MOUNT),S224048-2,2009
CHEVROLET,SILVERADO 2500,CREW CAB (ROCKER PANEL MOUNT),S224045-2,2009
CHEVROLET,SILVERADO 2500,STANDARD CAB (ROCKER PANEL MOUNT),S224048-2,2009
CHEVROLET,SILVERADO 3500,CREW CAB (ROCKER PANEL MOUNT),S224045-2,2009
CHEVROLET,SILVERADO 3500,STANDARD CAB (ROCKER PANEL MOUNT),S224048-2,2009
CHEVROLET,SILVERADO 2500HD,EXTENDED CAB (INCLUDING DIESEL),S224009-2,2003
CHEVROLET,SILVERADO 3500HD,EXTENDED CAB (INCLUDING DIESEL),S224009-2,2003
CHEVROLET,SILVERADO 2500HD,STANDARD CAB (INCLUDING DIESEL),S224017-2,2001
CHEVROLET,SILVERADO 3500HD,STANDARD CAB (INCLUDING DIESEL),S224017-2,2001
CHEVROLET,SILVERADO 2500HD,CREW CAB (INCLUDING DIESEL),S224013-2,2003
CHEVROLET,SILVERADO 3500HD,CREW CAB (INCLUDING DIESEL),S224013-2,2003
CHEVROLET,TRAVERSE,ALL,S224031-2,2009
DODGE,RAM 1500,QUAD CAB,S225008-2,2004
DODGE,RAM 1500,QUAD CAB,S225017-2,2011
DODGE,RAM 1500,CREW CAB,S225016-2,2011
DODGE,RAM 1500,STANDARD CAB,S225018-2,2011
DODGE,RAM 2500,STANDARD CAB,S225018-2,2011
DODGE,RAM 3500,STANDARD CAB,S225018-2,2011
DODGE,RAM 2500,QUAD CAB,S225008-2,2005
DODGE,RAM 3500,QUAD CAB,S225008-2,2005
DODGE,RAM 2500,CREW CAB,S225019-2,2012
DODGE,RAM 3500,CREW CAB,S225019-2,2012
FORD,ESCAPE,ALL,S223031-2,2010
FORD,EXCURSION,ALL,S223006-2,2003
FORD,EXPLORER,ALL,S223041-2,2013
FORD,F-150,CREW CAB,S223015-2,2006
FORD,F-150,CREW CAB,S223039-2,2011
FORD,F-150,STANDARD CAB,S223017-2,2006
FORD,F-150,EXTENDED CAB,S223016-2,2006
FORD,F-250,SUPER DUTY (CREW CAB),S223006-2,2001
FORD,F-350,SUPER DUTY (CREW CAB),S223006-2,2001
FORD,F-250,SUPER DUTY (EXTENDED CAB),S223005-2,2001
FORD,F-350,SUPER DUTY (EXTENDED CAB),S223005-2,2001
GMC,ACADIA,ALL,S224031-2,2010
GMC,SIERRA 1500,EXTENDED CAB (BUSHING MOUNT),S224009-2,2001
GMC,SIERRA 1500,EXTENDED CAB (ROCKER PANEL MOUNT),S224046-2,2009
GMC,SIERRA 2500,EXTENDED CAB (ROCKER PANEL MOUNT),S224046-2,2009
GMC,SIERRA 3500,EXTENDED CAB (ROCKER PANEL MOUNT),S224046-2,2009
GMC,SIERRA 1500,STANDARD CAB (BUSHING MOUNT),S224017-2,2001
GMC,SIERRA 1500,CREW CAB (BUSHING MOUNT),S224013-2,2003
GMC,SIERRA 1500,CREW CAB (ROCKER PANEL MOUNT),S224045-2,2009
GMC,SIERRA 2500,CREW CAB (ROCKER PANEL MOUNT),S224045-2,2009
GMC,SIERRA 3500,CREW CAB (ROCKER PANEL MOUNT),S224045-2,2009
GMC,SIERRA 1500,STANDARD CAB (ROCKER PANEL MOUNT),S224048-2,2009
GMC,SIERRA 2500,STANDARD CAB (ROCKER PANEL MOUNT),S224048-2,2009
GMC,SIERRA 3500,STANDARD CAB (ROCKER PANEL MOUNT),S224048-2,2009
GMC,SIERRA 2500HD,EXTENDED CAB (INCLUDING DIESEL),S224009-2,2003
GMC,SIERRA 3500HD,EXTENDED CAB (INCLUDING DIESEL),S224009-2,2003
GMC,SIERRA 2500HD,STANDARD CAB (INCLUDING DIESEL),S224017-2,2001
GMC,SIERRA 3500HD,STANDARD CAB (INCLUDING DIESEL),S224017-2,2001
GMC,SIERRA 2500HD,CREW CAB (INCLUDING DIESEL),S224013-2,2003
GMC,SIERRA 3500HD,CREW CAB (INCLUDING DIESEL),S224013-2,2003
HONDA,CRV,ALL,S226010-2,2014
HONDA,ELEMENT,ALL,S226004-2,2005
HONDA,PILOT,ALL,S226008-2,2011
HUMMER,H3,ALL,S224076-2,2008
JEEP,GRAND CHEROKEE,ALL,S221008-2,2013
LINCOLN,MARK LT,ALL,S223015-2,2007
LEXUS,RX350,ALL,S222016-2,2012
LEXUS,RX400,ALL,S222016-2,2012
LEXUS,RX400H,ALL,S222016-2,2012
NISSAN,TITAN,CREW CAB,S229006-2,2006
NISSAN,TITAN,EXTENDED CAB,S229007-2,2006
TOYOTA,FJ CRUISER,ALL,S222011-2,2009
TOYOTA,TACOMA,DOUBLE CAB,S222009-2,2007
TOYOTA,TACOMA,ACCESS CAB,S222008-2,2007
TOYOTA,TUNDRA,DOUBLE CAB,S222006-2,2006
TOYOTA,TUNDRA,DOUBLE CAB,S222012-2,2009
TOYOTA,TUNDRA,CREWMAX,S222013-2,2009
CHEVROLET,SILVERADO 1500,EXTENDED CAB (BUSHING MOUNT),S224009,2001
CHEVROLET,SILVERADO 1500,EXTENDED CAB (ROCKER PANEL MOUNT),S224046,2009
CHEVROLET,SILVERADO 2500,EXTENDED CAB (ROCKER PANEL MOUNT),S224046,2009
CHEVROLET,SILVERADO 3500,EXTENDED CAB (ROCKER PANEL MOUNT),S224046,2009
CHEVROLET,SILVERADO 1500,STANDARD CAB (BUSHING MOUNT),S224017,2001
CHEVROLET,SILVERADO 1500,CREW CAB (BUSHING MOUNT),S224013,2003
CHEVROLET,SILVERADO 1500,CREW CAB (ROCKER PANEL MOUNT),S224045,2009
CHEVROLET,SILVERADO 2500,CREW CAB (ROCKER PANEL MOUNT),S224045,2009
CHEVROLET,SILVERADO 3500,CREW CAB (ROCKER PANEL MOUNT),S224045,2009
CHEVROLET,SILVERADO 1500,STANDARD CAB (ROCKER PANEL MOUNT),S224048,2009
CHEVROLET,SILVERADO 2500,STANDARD CAB (ROCKER PANEL MOUNT),S224048,2009
CHEVROLET,SILVERADO 3500,STANDARD CAB (ROCKER PANEL MOUNT),S224048,2009
CHEVROLET,SILVERADO 2500HD,EXTENDED CAB (INCLUDING DIESEL),S224009,2003
CHEVROLET,SILVERADO 3500HD,EXTENDED CAB (INCLUDING DIESEL),S224009,2003
CHEVROLET,SILVERADO 2500HD,STANDARD CAB (INCLUDING DIESEL),S224017,2001
CHEVROLET,SILVERADO 3500HD,STANDARD CAB (INCLUDING DIESEL),S224017,2001
CHEVROLET,SILVERADO 2500HD,CREW CAB (INCLUDING DIESEL),S224013,2003
CHEVROLET,SILVERADO 3500HD,CREW CAB (INCLUDING DIESEL),S224013,2003
CHEVROLET,TRAVERSE,ALL,S224031,2009
DODGE,RAM 1500,QUAD CAB,S225008,2004
DODGE,RAM 1500,QUAD CAB,S225017,2011
DODGE,RAM 1500,CREW CAB,S225016,2011
DODGE,RAM 1500,STANDARD CAB,S225018,2011
DODGE,RAM 2500,STANDARD CAB,S225018,2011
DODGE,RAM 3500,STANDARD CAB,S225018,2011
DODGE,RAM 2500,QUAD CAB,S225008,2005
DODGE,RAM 3500,QUAD CAB,S225008,2005
DODGE,RAM 2500,CREW CAB,S225019,2012
DODGE,RAM 3500,CREW CAB,S225019,2012
FORD,ESCAPE,ALL,S223031,2010
FORD,EXCURSION,ALL,S223006,2003
FORD,EXPLORER,ALL,S223041,2013
FORD,F-150,CREW CAB,S223015,2006
FORD,F-150,CREW CAB,S223039,2011
FORD,F-150,STANDARD CAB,S223017,2006
FORD,F-150,EXTENDED CAB,S223016,2006
FORD,F-250,SUPER DUTY (CREW CAB),S223006,2001
FORD,F-350,SUPER DUTY (CREW CAB),S223006,2001
FORD,F-250,SUPER DUTY (EXTENDED CAB),S223005,2001
FORD,F-350,SUPER DUTY (EXTENDED CAB),S223005,2001
GMC,ACADIA,ALL,S224031,2010
GMC,SIERRA 1500,EXTENDED CAB (BUSHING MOUNT),S224009,2001
GMC,SIERRA 1500,EXTENDED CAB (ROCKER PANEL MOUNT),S224046,2009
GMC,SIERRA 2500,EXTENDED CAB (ROCKER PANEL MOUNT),S224046,2009
GMC,SIERRA 3500,EXTENDED CAB (ROCKER PANEL MOUNT),S224046,2009
GMC,SIERRA 1500,STANDARD CAB (BUSHING MOUNT),S224017,2001
GMC,SIERRA 1500,CREW CAB (BUSHING MOUNT),S224013,2003
GMC,SIERRA 1500,CREW CAB (ROCKER PANEL MOUNT),S224045,2009
GMC,SIERRA 2500,CREW CAB (ROCKER PANEL MOUNT),S224045,2009
GMC,SIERRA 3500,CREW CAB (ROCKER PANEL MOUNT),S224045,2009
GMC,SIERRA 1500,STANDARD CAB (ROCKER PANEL MOUNT),S224048,2009
GMC,SIERRA 2500,STANDARD CAB (ROCKER PANEL MOUNT),S224048,2009
GMC,SIERRA 3500,STANDARD CAB (ROCKER PANEL MOUNT),S224048,2009
GMC,SIERRA 2500HD,EXTENDED CAB (INCLUDING DIESEL),S224009,2003
GMC,SIERRA 3500HD,EXTENDED CAB (INCLUDING DIESEL),S224009,2003
GMC,SIERRA 2500HD,STANDARD CAB (INCLUDING DIESEL),S224017,2001
GMC,SIERRA 3500HD,STANDARD CAB (INCLUDING DIESEL),S224017,2001
GMC,SIERRA 2500HD,CREW CAB (INCLUDING DIESEL),S224013,2003
GMC,SIERRA 3500HD,CREW CAB (INCLUDING DIESEL),S224013,2003
HONDA,CRV,ALL,S226010,2014
HONDA,ELEMENT,ALL,S226004,2005
HONDA,PILOT,ALL,S226008,2011
JEEP,GRAND CHEROKEE,ALL,S221008,2013
LINCOLN,MARK LT,ALL,S223015,2007
LEXUS,RX350,ALL,S222016,2012
LEXUS,RX400,ALL,S222016,2012
LEXUS,RX400H,ALL,S222016,2012
NISSAN,TITAN,CREW CAB,S229006,2006
NISSAN,TITAN,EXTENDED CAB,S229007,2006
NISSAN,XTERRA,ALL,S229008,2007
TOYOTA,FJ CRUISER,ALL,S222011,2009
TOYOTA,TACOMA,DOUBLE CAB,S222009,2007
TOYOTA,TACOMA,ACCESS CAB,S222008,2007
TOYOTA,TUNDRA,DOUBLE CAB,S222012,2009
TOYOTA,TUNDRA,CREWMAX,S222013,2009
CHEVROLET,SILVERADO 1500,EXTENDED CAB (BUSHING MOUNT),S224009-2,2002
CHEVROLET,SILVERADO 1500,EXTENDED CAB (ROCKER PANEL MOUNT),S224046-2,2010
CHEVROLET,SILVERADO 2500,EXTENDED CAB (ROCKER PANEL MOUNT),S224046-2,2010
CHEVROLET,SILVERADO 3500,EXTENDED CAB (ROCKER PANEL MOUNT),S224046-2,2010
CHEVROLET,SILVERADO 1500,STANDARD CAB (BUSHING MOUNT),S224017-2,2002
CHEVROLET,SILVERADO 1500,CREW CAB (BUSHING MOUNT),S224013-2,2004
CHEVROLET,SILVERADO 1500,CREW CAB (ROCKER PANEL MOUNT),S224045-2,2010
CHEVROLET,SILVERADO 1500,STANDARD CAB (ROCKER PANEL MOUNT),S224048-2,2010
CHEVROLET,SILVERADO 2500,CREW CAB (ROCKER PANEL MOUNT),S224045-2,2010
CHEVROLET,SILVERADO 2500,STANDARD CAB (ROCKER PANEL MOUNT),S224048-2,2010
CHEVROLET,SILVERADO 3500,CREW CAB (ROCKER PANEL MOUNT),S224045-2,2010
CHEVROLET,SILVERADO 3500,STANDARD CAB (ROCKER PANEL MOUNT),S224048-2,2010
CHEVROLET,SILVERADO 2500HD,EXTENDED CAB (INCLUDING DIESEL),S224009-2,2004
CHEVROLET,SILVERADO 3500HD,EXTENDED CAB (INCLUDING DIESEL),S224009-2,2004
CHEVROLET,SILVERADO 2500HD,STANDARD CAB (INCLUDING DIESEL),S224017-2,2002
CHEVROLET,SILVERADO 3500HD,STANDARD CAB (INCLUDING DIESEL),S224017-2,2002
CHEVROLET,SILVERADO 2500HD,CREW CAB (INCLUDING DIESEL),S224013-2,2004
CHEVROLET,SILVERADO 3500HD,CREW CAB (INCLUDING DIESEL),S224013-2,2004
CHEVROLET,TRAVERSE,ALL,S224031-2,2010
DODGE,RAM 1500,QUAD CAB,S225008-2,2005
DODGE,RAM 1500,QUAD CAB,S225017-2,2012
DODGE,RAM 1500,CREW CAB,S225016-2,2012
DODGE,RAM 1500,STANDARD CAB,S225018-2,2012
DODGE,RAM 2500,STANDARD CAB,S225018-2,2012
DODGE,RAM 3500,STANDARD CAB,S225018-2,2012
DODGE,RAM 2500,QUAD CAB,S225008-2,2006
DODGE,RAM 3500,QUAD CAB,S225008-2,2006
DODGE,RAM 2500,CREW CAB,S225019-2,2013
DODGE,RAM 3500,CREW CAB,S225019-2,2013
FORD,ESCAPE,ALL,S223031-2,2011
FORD,EXCURSION,ALL,S223006-2,2004
FORD,EXPLORER,ALL,S223041-2,2014
FORD,F-150,CREW CAB,S223015-2,2007
FORD,F-150,CREW CAB,S223039-2,2012
FORD,F-150,STANDARD CAB,S223017-2,2007
FORD,F-150,EXTENDED CAB,S223016-2,2007
FORD,F-250,SUPER DUTY (CREW CAB),S223006-2,2002
FORD,F-350,SUPER DUTY (CREW CAB),S223006-2,2002
FORD,F-250,SUPER DUTY (EXTENDED CAB),S223005-2,2002
FORD,F-350,SUPER DUTY (EXTENDED CAB),S223005-2,2002
GMC,ACADIA,ALL,S224031-2,2011
GMC,SIERRA 1500,EXTENDED CAB (BUSHING MOUNT),S224009-2,2002
GMC,SIERRA 1500,EXTENDED CAB (ROCKER PANEL MOUNT),S224046-2,2010
GMC,SIERRA 2500,EXTENDED CAB (ROCKER PANEL MOUNT),S224046-2,2010
GMC,SIERRA 3500,EXTENDED CAB (ROCKER PANEL MOUNT),S224046-2,2010
GMC,SIERRA 1500,STANDARD CAB (BUSHING MOUNT),S224017-2,2002
GMC,SIERRA 1500,CREW CAB (BUSHING MOUNT),S224013-2,2004
GMC,SIERRA 1500,CREW CAB (ROCKER PANEL MOUNT),S224045-2,2010
GMC,SIERRA 2500,CREW CAB (ROCKER PANEL MOUNT),S224045-2,2010
GMC,SIERRA 3500,CREW CAB (ROCKER PANEL MOUNT),S224045-2,2010
GMC,SIERRA 1500,STANDARD CAB (ROCKER PANEL MOUNT),S224048-2,2010
GMC,SIERRA 2500,STANDARD CAB (ROCKER PANEL MOUNT),S224048-2,2010
GMC,SIERRA 3500,STANDARD CAB (ROCKER PANEL MOUNT),S224048-2,2010
GMC,SIERRA 2500HD,EXTENDED CAB (INCLUDING DIESEL),S224009-2,2004
GMC,SIERRA 3500HD,EXTENDED CAB (INCLUDING DIESEL),S224009-2,2004
GMC,SIERRA 2500HD,STANDARD CAB (INCLUDING DIESEL),S224017-2,2002
GMC,SIERRA 3500HD,STANDARD CAB (INCLUDING DIESEL),S224017-2,2002
GMC,SIERRA 2500HD,CREW CAB (INCLUDING DIESEL),S224013-2,2004
GMC,SIERRA 3500HD,CREW CAB (INCLUDING DIESEL),S224013-2,2004
HONDA,CRV,ALL,S226010-2,2015
HONDA,ELEMENT,ALL,S226004-2,2006
HONDA,PILOT,ALL,S226008-2,2012
HUMMER,H3,ALL,S224076-2,2009
JEEP,GRAND CHEROKEE,ALL,S221008-2,2014
LINCOLN,MARK LT,ALL,S223015-2,2008
LEXUS,RX350,ALL,S222016-2,2013
LEXUS,RX400,ALL,S222016-2,2013
LEXUS,RX400H,ALL,S222016-2,2013
NISSAN,TITAN,CREW CAB,S229006-2,2007
NISSAN,TITAN,EXTENDED CAB,S229007-2,2007
TOYOTA,FJ CRUISER,ALL,S222011-2,2010
TOYOTA,TACOMA,DOUBLE CAB,S222009-2,2008
TOYOTA,TACOMA,ACCESS CAB,S222008-2,2008
TOYOTA,TUNDRA,DOUBLE CAB,S222012-2,2010
TOYOTA,TUNDRA,CREWMAX,S222013-2,2010
CHEVROLET,SILVERADO 1500,EXTENDED CAB (BUSHING MOUNT),S224009,2002
CHEVROLET,SILVERADO 1500,EXTENDED CAB (ROCKER PANEL MOUNT),S224046,2010
CHEVROLET,SILVERADO 2500,EXTENDED CAB (ROCKER PANEL MOUNT),S224046,2010
CHEVROLET,SILVERADO 3500,EXTENDED CAB (ROCKER PANEL MOUNT),S224046,2010
CHEVROLET,SILVERADO 1500,STANDARD CAB (BUSHING MOUNT),S224017,2002
CHEVROLET,SILVERADO 1500,CREW CAB (BUSHING MOUNT),S224013,2004
CHEVROLET,SILVERADO 1500,CREW CAB (ROCKER PANEL MOUNT),S224045,2010
CHEVROLET,SILVERADO 2500,CREW CAB (ROCKER PANEL MOUNT),S224045,2010
CHEVROLET,SILVERADO 3500,CREW CAB (ROCKER PANEL MOUNT),S224045,2010
CHEVROLET,SILVERADO 1500,STANDARD CAB (ROCKER PANEL MOUNT),S224048,2010
CHEVROLET,SILVERADO 2500,STANDARD CAB (ROCKER PANEL MOUNT),S224048,2010
CHEVROLET,SILVERADO 3500,STANDARD CAB (ROCKER PANEL MOUNT),S224048,2010
CHEVROLET,SILVERADO 2500HD,EXTENDED CAB (INCLUDING DIESEL),S224009,2004
CHEVROLET,SILVERADO 3500HD,EXTENDED CAB (INCLUDING DIESEL),S224009,2004
CHEVROLET,SILVERADO 2500HD,STANDARD CAB (INCLUDING DIESEL),S224017,2002
CHEVROLET,SILVERADO 3500HD,STANDARD CAB (INCLUDING DIESEL),S224017,2002
CHEVROLET,SILVERADO 2500HD,CREW CAB (INCLUDING DIESEL),S224013,2004
CHEVROLET,SILVERADO 3500HD,CREW CAB (INCLUDING DIESEL),S224013,2004
CHEVROLET,TRAVERSE,ALL,S224031,2010
DODGE,RAM 1500,QUAD CAB,S225008,2005
DODGE,RAM 1500,QUAD CAB,S225017,2012
DODGE,RAM 1500,CREW CAB,S225016,2012
DODGE,RAM 1500,STANDARD CAB,S225018,2012
DODGE,RAM 2500,STANDARD CAB,S225018,2012
DODGE,RAM 3500,STANDARD CAB,S225018,2012
DODGE,RAM 2500,QUAD CAB,S225008,2006
DODGE,RAM 3500,QUAD CAB,S225008,2006
DODGE,RAM 2500,CREW CAB,S225019,2013
DODGE,RAM 3500,CREW CAB,S225019,2013
FORD,ESCAPE,ALL,S223031,2011
FORD,EXCURSION,ALL,S223006,2004
FORD,EXPLORER,ALL,S223041,2014
FORD,F-150,CREW CAB,S223015,2007
FORD,F-150,CREW CAB,S223039,2012
FORD,F-150,STANDARD CAB,S223017,2007
FORD,F-150,EXTENDED CAB,S223016,2007
FORD,F-250,SUPER DUTY (CREW CAB),S223006,2002
FORD,F-350,SUPER DUTY (CREW CAB),S223006,2002
FORD,F-250,SUPER DUTY (EXTENDED CAB),S223005,2002
FORD,F-350,SUPER DUTY (EXTENDED CAB),S223005,2002
GMC,ACADIA,ALL,S224031,2011
GMC,SIERRA 1500,EXTENDED CAB (BUSHING MOUNT),S224009,2002
GMC,SIERRA 1500,EXTENDED CAB (ROCKER PANEL MOUNT),S224046,2010
GMC,SIERRA 2500,EXTENDED CAB (ROCKER PANEL MOUNT),S224046,2010
GMC,SIERRA 3500,EXTENDED CAB (ROCKER PANEL MOUNT),S224046,2010
GMC,SIERRA 1500,STANDARD CAB (BUSHING MOUNT),S224017,2002
GMC,SIERRA 1500,CREW CAB (BUSHING MOUNT),S224013,2004
GMC,SIERRA 1500,CREW CAB (ROCKER PANEL MOUNT),S224045,2010
GMC,SIERRA 2500,CREW CAB (ROCKER PANEL MOUNT),S224045,2010
GMC,SIERRA 3500,CREW CAB (ROCKER PANEL MOUNT),S224045,2010
GMC,SIERRA 1500,STANDARD CAB (ROCKER PANEL MOUNT),S224048,2010
GMC,SIERRA 2500,STANDARD CAB (ROCKER PANEL MOUNT),S224048,2010
GMC,SIERRA 3500,STANDARD CAB (ROCKER PANEL MOUNT),S224048,2010
GMC,SIERRA 2500HD,EXTENDED CAB (INCLUDING DIESEL),S224009,2004
GMC,SIERRA 3500HD,EXTENDED CAB (INCLUDING DIESEL),S224009,2004
GMC,SIERRA 2500HD,STANDARD CAB (INCLUDING DIESEL),S224017,2002
GMC,SIERRA 3500HD,STANDARD CAB (INCLUDING DIESEL),S224017,2002
GMC,SIERRA 2500HD,CREW CAB (INCLUDING DIESEL),S224013,2004
GMC,SIERRA 3500HD,CREW CAB (INCLUDING DIESEL),S224013,2004
HONDA,CRV,ALL,S226010,2015
HONDA,ELEMENT,ALL,S226004,2006
HONDA,PILOT,ALL,S226008,2012
JEEP,GRAND CHEROKEE,ALL,S221008,2014
LINCOLN,MARK LT,ALL,S223015,2008
LEXUS,RX350,ALL,S222016,2013
LEXUS,RX400,ALL,S222016,2013
LEXUS,RX400H,ALL,S222016,2013
NISSAN,TITAN,CREW CAB,S229006,2007
NISSAN,TITAN,EXTENDED CAB,S229007,2007
NISSAN,XTERRA,ALL,S229008,2008
TOYOTA,FJ CRUISER,ALL,S222011,2010
TOYOTA,TACOMA,DOUBLE CAB,S222009,2008
TOYOTA,TACOMA,ACCESS CAB,S222008,2008
TOYOTA,TUNDRA,DOUBLE CAB,S222012,2010
TOYOTA,TUNDRA,CREWMAX,S222013,2010
CHEVROLET,SILVERADO 1500,EXTENDED CAB (BUSHING MOUNT),S224009-2,2003
CHEVROLET,SILVERADO 1500,EXTENDED CAB (ROCKER PANEL MOUNT),S224046-2,2011
CHEVROLET,SILVERADO 2500,EXTENDED CAB (ROCKER PANEL MOUNT),S224046-2,2011
CHEVROLET,SILVERADO 3500,EXTENDED CAB (ROCKER PANEL MOUNT),S224046-2,2011
CHEVROLET,SILVERADO 1500,STANDARD CAB (BUSHING MOUNT),S224017-2,2003
CHEVROLET,SILVERADO 1500,CREW CAB (BUSHING MOUNT),S224013-2,2005
CHEVROLET,SILVERADO 1500,CREW CAB (ROCKER PANEL MOUNT),S224045-2,2011
CHEVROLET,SILVERADO 1500,STANDARD CAB (ROCKER PANEL MOUNT),S224048-2,2011
CHEVROLET,SILVERADO 2500,CREW CAB (ROCKER PANEL MOUNT),S224045-2,2011
CHEVROLET,SILVERADO 2500,STANDARD CAB (ROCKER PANEL MOUNT),S224048-2,2011
CHEVROLET,SILVERADO 3500,CREW CAB (ROCKER PANEL MOUNT),S224045-2,2011
CHEVROLET,SILVERADO 3500,STANDARD CAB (ROCKER PANEL MOUNT),S224048-2,2011
CHEVROLET,SILVERADO 2500HD,EXTENDED CAB (INCLUDING DIESEL),S224009-2,2005
CHEVROLET,SILVERADO 3500HD,EXTENDED CAB (INCLUDING DIESEL),S224009-2,2005
CHEVROLET,SILVERADO 2500HD,STANDARD CAB (INCLUDING DIESEL),S224017-2,2003
CHEVROLET,SILVERADO 3500HD,STANDARD CAB (INCLUDING DIESEL),S224017-2,2003
CHEVROLET,SILVERADO 2500HD,CREW CAB (INCLUDING DIESEL),S224013-2,2005
CHEVROLET,SILVERADO 3500HD,CREW CAB (INCLUDING DIESEL),S224013-2,2005
CHEVROLET,TRAVERSE,ALL,S224031-2,2011
DODGE,RAM 1500,QUAD CAB,S225008-2,2006
DODGE,RAM 1500,QUAD CAB,S225017-2,2013
DODGE,RAM 1500,CREW CAB,S225016-2,2013
DODGE,RAM 1500,STANDARD CAB,S225018-2,2013
DODGE,RAM 2500,STANDARD CAB,S225018-2,2013
DODGE,RAM 3500,STANDARD CAB,S225018-2,2013
DODGE,RAM 2500,QUAD CAB,S225008-2,2007
DODGE,RAM 3500,QUAD CAB,S225008-2,2007
DODGE,RAM 2500,CREW CAB,S225019-2,2014
DODGE,RAM 3500,CREW CAB,S225019-2,2014
FORD,ESCAPE,ALL,S223031-2,2012
FORD,EXCURSION,ALL,S223006-2,2005
FORD,EXPLORER,ALL,S223041-2,2015
FORD,F-150,CREW CAB,S223015-2,2008
FORD,F-150,CREW CAB,S223039-2,2013
FORD,F-150,STANDARD CAB,S223017-2,2008
FORD,F-150,EXTENDED CAB,S223016-2,2008
FORD,F-250,SUPER DUTY (CREW CAB),S223006-2,2003
FORD,F-350,SUPER DUTY (CREW CAB),S223006-2,2003
FORD,F-250,SUPER DUTY (EXTENDED CAB),S223005-2,2003
FORD,F-350,SUPER DUTY (EXTENDED CAB),S223005-2,2003
GMC,ACADIA,ALL,S224031-2,2012
GMC,SIERRA 1500,EXTENDED CAB (BUSHING MOUNT),S224009-2,2003
GMC,SIERRA 1500,EXTENDED CAB (ROCKER PANEL MOUNT),S224046-2,2011
GMC,SIERRA 2500,EXTENDED CAB (ROCKER PANEL MOUNT),S224046-2,2011
GMC,SIERRA 3500,EXTENDED CAB (ROCKER PANEL MOUNT),S224046-2,2011
GMC,SIERRA 1500,STANDARD CAB (BUSHING MOUNT),S224017-2,2003
GMC,SIERRA 1500,CREW CAB (BUSHING MOUNT),S224013-2,2005
GMC,SIERRA 1500,CREW CAB (ROCKER PANEL MOUNT),S224045-2,2011
GMC,SIERRA 2500,CREW CAB (ROCKER PANEL MOUNT),S224045-2,2011
GMC,SIERRA 3500,CREW CAB (ROCKER PANEL MOUNT),S224045-2,2011
GMC,SIERRA 1500,STANDARD CAB (ROCKER PANEL MOUNT),S224048-2,2011
GMC,SIERRA 2500,STANDARD CAB (ROCKER PANEL MOUNT),S224048-2,2011
GMC,SIERRA 3500,STANDARD CAB (ROCKER PANEL MOUNT),S224048-2,2011
GMC,SIERRA 2500HD,EXTENDED CAB (INCLUDING DIESEL),S224009-2,2005
GMC,SIERRA 3500HD,EXTENDED CAB (INCLUDING DIESEL),S224009-2,2005
GMC,SIERRA 2500HD,STANDARD CAB (INCLUDING DIESEL),S224017-2,2003
GMC,SIERRA 3500HD,STANDARD CAB (INCLUDING DIESEL),S224017-2,2003
GMC,SIERRA 2500HD,CREW CAB (INCLUDING DIESEL),S224013-2,2005
GMC,SIERRA 3500HD,CREW CAB (INCLUDING DIESEL),S224013-2,2005
HONDA,ELEMENT,ALL,S226004-2,2007
HONDA,PILOT,ALL,S226008-2,2013
HUMMER,H3,ALL,S224076-2,2010
JEEP,GRAND CHEROKEE,ALL,S221008-2,2015
NISSAN,TITAN,CREW CAB,S229006-2,2008
NISSAN,TITAN,EXTENDED CAB,S229007-2,2008
TOYOTA,FJ CRUISER,ALL,S222011-2,2011
TOYOTA,TACOMA,DOUBLE CAB,S222009-2,2009
TOYOTA,TACOMA,ACCESS CAB,S222008-2,2009
TOYOTA,TUNDRA,DOUBLE CAB,S222012-2,2011
TOYOTA,TUNDRA,CREWMAX,S222013-2,2011
CHEVROLET,SILVERADO 1500,EXTENDED CAB (BUSHING MOUNT),S224009,2003
CHEVROLET,SILVERADO 1500,EXTENDED CAB (ROCKER PANEL MOUNT),S224046,2011
CHEVROLET,SILVERADO 2500,EXTENDED CAB (ROCKER PANEL MOUNT),S224046,2011
CHEVROLET,SILVERADO 3500,EXTENDED CAB (ROCKER PANEL MOUNT),S224046,2011
CHEVROLET,SILVERADO 1500,STANDARD CAB (BUSHING MOUNT),S224017,2003
CHEVROLET,SILVERADO 1500,CREW CAB (BUSHING MOUNT),S224013,2005
CHEVROLET,SILVERADO 1500,CREW CAB (ROCKER PANEL MOUNT),S224045,2011
CHEVROLET,SILVERADO 2500,CREW CAB (ROCKER PANEL MOUNT),S224045,2011
CHEVROLET,SILVERADO 3500,CREW CAB (ROCKER PANEL MOUNT),S224045,2011
CHEVROLET,SILVERADO 1500,STANDARD CAB (ROCKER PANEL MOUNT),S224048,2011
CHEVROLET,SILVERADO 2500,STANDARD CAB (ROCKER PANEL MOUNT),S224048,2011
CHEVROLET,SILVERADO 3500,STANDARD CAB (ROCKER PANEL MOUNT),S224048,2011
CHEVROLET,SILVERADO 2500HD,EXTENDED CAB (INCLUDING DIESEL),S224009,2005
CHEVROLET,SILVERADO 3500HD,EXTENDED CAB (INCLUDING DIESEL),S224009,2005
CHEVROLET,SILVERADO 2500HD,STANDARD CAB (INCLUDING DIESEL),S224017,2003
CHEVROLET,SILVERADO 3500HD,STANDARD CAB (INCLUDING DIESEL),S224017,2003
CHEVROLET,SILVERADO 2500HD,CREW CAB (INCLUDING DIESEL),S224013,2005
CHEVROLET,SILVERADO 3500HD,CREW CAB (INCLUDING DIESEL),S224013,2005
CHEVROLET,TRAVERSE,ALL,S224031,2011
DODGE,RAM 1500,QUAD CAB,S225008,2006
DODGE,RAM 1500,QUAD CAB,S225017,2013
DODGE,RAM 1500,CREW CAB,S225016,2013
DODGE,RAM 1500,STANDARD CAB,S225018,2013
DODGE,RAM 2500,STANDARD CAB,S225018,2013
DODGE,RAM 3500,STANDARD CAB,S225018,2013
DODGE,RAM 2500,QUAD CAB,S225008,2007
DODGE,RAM 3500,QUAD CAB,S225008,2007
DODGE,RAM 2500,CREW CAB,S225019,2014
DODGE,RAM 2500,CREW CAB,S225019,2015
DODGE,RAM 3500,CREW CAB,S225019,2014
DODGE,RAM 3500,CREW CAB,S225019,2015
FORD,ESCAPE,ALL,S223031,2012
FORD,EXCURSION,ALL,S223006,2005
FORD,EXPLORER,ALL,S223041,2015
FORD,F-150,CREW CAB,S223015,2008
FORD,F-150,CREW CAB,S223039,2013
FORD,F-150,STANDARD CAB,S223017,2008
FORD,F-150,EXTENDED CAB,S223016,2008
FORD,F-250,SUPER DUTY (CREW CAB),S223006,2003
FORD,F-350,SUPER DUTY (CREW CAB),S223006,2003
FORD,F-250,SUPER DUTY (EXTENDED CAB),S223005,2003
FORD,F-350,SUPER DUTY (EXTENDED CAB),S223005,2003
GMC,ACADIA,ALL,S224031,2012
GMC,SIERRA 1500,EXTENDED CAB (BUSHING MOUNT),S224009,2003
GMC,SIERRA 1500,EXTENDED CAB (ROCKER PANEL MOUNT),S224046,2011
GMC,SIERRA 2500,EXTENDED CAB (ROCKER PANEL MOUNT),S224046,2011
GMC,SIERRA 3500,EXTENDED CAB (ROCKER PANEL MOUNT),S224046,2011
GMC,SIERRA 1500,STANDARD CAB (BUSHING MOUNT),S224017,2003
GMC,SIERRA 1500,CREW CAB (BUSHING MOUNT),S224013,2005
GMC,SIERRA 1500,CREW CAB (ROCKER PANEL MOUNT),S224045,2011
GMC,SIERRA 2500,CREW CAB (ROCKER PANEL MOUNT),S224045,2011
GMC,SIERRA 3500,CREW CAB (ROCKER PANEL MOUNT),S224045,2011
GMC,SIERRA 1500,STANDARD CAB (ROCKER PANEL MOUNT),S224048,2011
GMC,SIERRA 2500,STANDARD CAB (ROCKER PANEL MOUNT),S224048,2011
GMC,SIERRA 3500,STANDARD CAB (ROCKER PANEL MOUNT),S224048,2011
GMC,SIERRA 2500HD,EXTENDED CAB (INCLUDING DIESEL),S224009,2005
GMC,SIERRA 3500HD,EXTENDED CAB (INCLUDING DIESEL),S224009,2005
GMC,SIERRA 2500HD,STANDARD CAB (INCLUDING DIESEL),S224017,2003
GMC,SIERRA 3500HD,STANDARD CAB (INCLUDING DIESEL),S224017,2003
GMC,SIERRA 2500HD,CREW CAB (INCLUDING DIESEL),S224013,2005
GMC,SIERRA 3500HD,CREW CAB (INCLUDING DIESEL),S224013,2005
HONDA,ELEMENT,ALL,S226004,2007
HONDA,PILOT,ALL,S226008,2013
JEEP,GRAND CHEROKEE,ALL,S221008,2015
NISSAN,TITAN,CREW CAB,S229006,2008
NISSAN,TITAN,EXTENDED CAB,S229007,2008
NISSAN,XTERRA,ALL,S229008,2009
TOYOTA,FJ CRUISER,ALL,S222011,2011
TOYOTA,TACOMA,DOUBLE CAB,S222009,2009
TOYOTA,TACOMA,ACCESS CAB,S222008,2009
TOYOTA,TUNDRA,DOUBLE CAB,S222012,2011
TOYOTA,TUNDRA,CREWMAX,S222013,2011
CHEVROLET,SILVERADO 1500,EXTENDED CAB (BUSHING MOUNT),S224009-2,2004
CHEVROLET,SILVERADO 1500,EXTENDED CAB (ROCKER PANEL MOUNT),S224046-2,2012
CHEVROLET,SILVERADO 2500,EXTENDED CAB (ROCKER PANEL MOUNT),S224046-2,2012
CHEVROLET,SILVERADO 3500,EXTENDED CAB (ROCKER PANEL MOUNT),S224046-2,2012
CHEVROLET,SILVERADO 1500,STANDARD CAB (BUSHING MOUNT),S224017-2,2004
CHEVROLET,SILVERADO 1500,CREW CAB (BUSHING MOUNT),S224013-2,2006
CHEVROLET,SILVERADO 1500,CREW CAB (ROCKER PANEL MOUNT),S224045-2,2012
CHEVROLET,SILVERADO 1500,STANDARD CAB (ROCKER PANEL MOUNT),S224048-2,2012
CHEVROLET,SILVERADO 2500,CREW CAB (ROCKER PANEL MOUNT),S224045-2,2012
CHEVROLET,SILVERADO 2500,STANDARD CAB (ROCKER PANEL MOUNT),S224048-2,2012
CHEVROLET,SILVERADO 3500,CREW CAB (ROCKER PANEL MOUNT),S224045-2,2012
CHEVROLET,SILVERADO 3500,STANDARD CAB (ROCKER PANEL MOUNT),S224048-2,2012
CHEVROLET,SILVERADO 2500HD,EXTENDED CAB (INCLUDING DIESEL),S224009-2,2006
CHEVROLET,SILVERADO 3500HD,EXTENDED CAB (INCLUDING DIESEL),S224009-2,2006
CHEVROLET,SILVERADO 2500HD,STANDARD CAB (INCLUDING DIESEL),S224017-2,2004
CHEVROLET,SILVERADO 3500HD,STANDARD CAB (INCLUDING DIESEL),S224017-2,2004
CHEVROLET,SILVERADO 2500HD,CREW CAB (INCLUDING DIESEL),S224013-2,2006
CHEVROLET,SILVERADO 3500HD,CREW CAB (INCLUDING DIESEL),S224013-2,2006
CHEVROLET,TRAVERSE,ALL,S224031-2,2012
DODGE,RAM 1500,QUAD CAB,S225008-2,2007
DODGE,RAM 1500,QUAD CAB,S225017-2,2014
DODGE,RAM 1500,QUAD CAB,S225017-2,2015
DODGE,RAM 1500,CREW CAB,S225016-2,2014
DODGE,RAM 1500,CREW CAB,S225016-2,2015
DODGE,RAM 1500,STANDARD CAB,S225018-2,2014
DODGE,RAM 2500,STANDARD CAB,S225018-2,2014
DODGE,RAM 3500,STANDARD CAB,S225018-2,2014
DODGE,RAM 2500,QUAD CAB,S225008-2,2008
DODGE,RAM 3500,QUAD CAB,S225008-2,2008
FORD,EXCURSION,ALL,S223006-2,2006
FORD,F-150,CREW CAB,S223039-2,2014
FORD,F-150,STANDARD CAB,S223017-2,2009
FORD,F-150,EXTENDED CAB,S223016-2,2009
FORD,F-250,SUPER DUTY (CREW CAB),S223006-2,2004
FORD,F-350,SUPER DUTY (CREW CAB),S223006-2,2004
FORD,F-250,SUPER DUTY (EXTENDED CAB),S223005-2,2004
FORD,F-350,SUPER DUTY (EXTENDED CAB),S223005-2,2004
GMC,ACADIA,ALL,S224031-2,2013
GMC,SIERRA 1500,EXTENDED CAB (BUSHING MOUNT),S224009-2,2004
GMC,SIERRA 1500,EXTENDED CAB (ROCKER PANEL MOUNT),S224046-2,2012
GMC,SIERRA 2500,EXTENDED CAB (ROCKER PANEL MOUNT),S224046-2,2012
GMC,SIERRA 3500,EXTENDED CAB (ROCKER PANEL MOUNT),S224046-2,2012
GMC,SIERRA 1500,STANDARD CAB (BUSHING MOUNT),S224017-2,2004
GMC,SIERRA 1500,CREW CAB (BUSHING MOUNT),S224013-2,2006
GMC,SIERRA 1500,CREW CAB (ROCKER PANEL MOUNT),S224045-2,2012
GMC,SIERRA 2500,CREW CAB (ROCKER PANEL MOUNT),S224045-2,2012
GMC,SIERRA 3500,CREW CAB (ROCKER PANEL MOUNT),S224045-2,2012
GMC,SIERRA 1500,STANDARD CAB (ROCKER PANEL MOUNT),S224048-2,2012
GMC,SIERRA 2500,STANDARD CAB (ROCKER PANEL MOUNT),S224048-2,2012
GMC,SIERRA 3500,STANDARD CAB (ROCKER PANEL MOUNT),S224048-2,2012
GMC,SIERRA 2500HD,EXTENDED CAB (INCLUDING DIESEL),S224009-2,2006
GMC,SIERRA 3500HD,EXTENDED CAB (INCLUDING DIESEL),S224009-2,2006
GMC,SIERRA 2500HD,STANDARD CAB (INCLUDING DIESEL),S224017-2,2004
GMC,SIERRA 3500HD,STANDARD CAB (INCLUDING DIESEL),S224017-2,2004
GMC,SIERRA 2500HD,CREW CAB (INCLUDING DIESEL),S224013-2,2006
GMC,SIERRA 3500HD,CREW CAB (INCLUDING DIESEL),S224013-2,2006
HONDA,ELEMENT,ALL,S226004-2,2008
HONDA,PILOT,ALL,S226008-2,2014
HUMMER,H3,ALL,S224076-2,2011
NISSAN,TITAN,CREW CAB,S229006-2,2009
NISSAN,TITAN,EXTENDED CAB,S229007-2,2009
TOYOTA,FJ CRUISER,ALL,S222011-2,2012
TOYOTA,TACOMA,DOUBLE CAB,S222009-2,2010
TOYOTA,TACOMA,ACCESS CAB,S222008-2,2010
TOYOTA,TUNDRA,DOUBLE CAB,S222012-2,2012
TOYOTA,TUNDRA,CREWMAX,S222013-2,2012
CHEVROLET,SILVERADO 1500,EXTENDED CAB (BUSHING MOUNT),S224009,2004
CHEVROLET,SILVERADO 1500,EXTENDED CAB (ROCKER PANEL MOUNT),S224046,2012
CHEVROLET,SILVERADO 2500,EXTENDED CAB (ROCKER PANEL MOUNT),S224046,2012
CHEVROLET,SILVERADO 3500,EXTENDED CAB (ROCKER PANEL MOUNT),S224046,2012
CHEVROLET,SILVERADO 1500,STANDARD CAB (BUSHING MOUNT),S224017,2004
CHEVROLET,SILVERADO 1500,CREW CAB (BUSHING MOUNT),S224013,2006
CHEVROLET,SILVERADO 1500,CREW CAB (ROCKER PANEL MOUNT),S224045,2012
CHEVROLET,SILVERADO 2500,CREW CAB (ROCKER PANEL MOUNT),S224045,2012
CHEVROLET,SILVERADO 3500,CREW CAB (ROCKER PANEL MOUNT),S224045,2012
CHEVROLET,SILVERADO 1500,STANDARD CAB (ROCKER PANEL MOUNT),S224048,2012
CHEVROLET,SILVERADO 2500,STANDARD CAB (ROCKER PANEL MOUNT),S224048,2012
CHEVROLET,SILVERADO 3500,STANDARD CAB (ROCKER PANEL MOUNT),S224048,2012
CHEVROLET,SILVERADO 2500HD,EXTENDED CAB (INCLUDING DIESEL),S224009,2006
CHEVROLET,SILVERADO 3500HD,EXTENDED CAB (INCLUDING DIESEL),S224009,2006
CHEVROLET,SILVERADO 2500HD,STANDARD CAB (INCLUDING DIESEL),S224017,2004
CHEVROLET,SILVERADO 3500HD,STANDARD CAB (INCLUDING DIESEL),S224017,2004
CHEVROLET,SILVERADO 2500HD,CREW CAB (INCLUDING DIESEL),S224013,2006
CHEVROLET,SILVERADO 3500HD,CREW CAB (INCLUDING DIESEL),S224013,2006
CHEVROLET,TRAVERSE,ALL,S224031,2012
DODGE,RAM 1500,QUAD CAB,S225008,2007
DODGE,RAM 1500,QUAD CAB,S225017,2014
DODGE,RAM 1500,QUAD CAB,S225017,2015
DODGE,RAM 1500,CREW CAB,S225016,2014
DODGE,RAM 1500,CREW CAB,S225016,2015
DODGE,RAM 1500,STANDARD CAB,S225018,2014
DODGE,RAM 1500,STANDARD CAB,S225018,2015
DODGE,RAM 2500,STANDARD CAB,S225018,2014
DODGE,RAM 2500,STANDARD CAB,S225018,2015
DODGE,RAM 3500,STANDARD CAB,S225018,2014
DODGE,RAM 2500,QUAD CAB,S225008,2008
DODGE,RAM 3500,QUAD CAB,S225008,2008
FORD,EXCURSION,ALL,S223006,2006
FORD,F-150,CREW CAB,S223039,2014
FORD,F-150,STANDARD CAB,S223017,2009
FORD,F-150,EXTENDED CAB,S223016,2009
FORD,F-250,SUPER DUTY (CREW CAB),S223006,2004
FORD,F-350,SUPER DUTY (CREW CAB),S223006,2004
FORD,F-250,SUPER DUTY (EXTENDED CAB),S223005,2004
FORD,F-350,SUPER DUTY (EXTENDED CAB),S223005,2004
GMC,ACADIA,ALL,S224031,2013
GMC,SIERRA 1500,EXTENDED CAB (BUSHING MOUNT),S224009,2004
GMC,SIERRA 1500,EXTENDED CAB (ROCKER PANEL MOUNT),S224046,2012
GMC,SIERRA 2500,EXTENDED CAB (ROCKER PANEL MOUNT),S224046,2012
GMC,SIERRA 3500,EXTENDED CAB (ROCKER PANEL MOUNT),S224046,2012
GMC,SIERRA 1500,STANDARD CAB (BUSHING MOUNT),S224017,2004
GMC,SIERRA 1500,CREW CAB (BUSHING MOUNT),S224013,2006
GMC,SIERRA 1500,CREW CAB (ROCKER PANEL MOUNT),S224045,2012
GMC,SIERRA 2500,CREW CAB (ROCKER PANEL MOUNT),S224045,2012
GMC,SIERRA 3500,CREW CAB (ROCKER PANEL MOUNT),S224045,2012
GMC,SIERRA 1500,STANDARD CAB (ROCKER PANEL MOUNT),S224048,2012
GMC,SIERRA 2500,STANDARD CAB (ROCKER PANEL MOUNT),S224048,2012
GMC,SIERRA 3500,STANDARD CAB (ROCKER PANEL MOUNT),S224048,2012
GMC,SIERRA 2500HD,EXTENDED CAB (INCLUDING DIESEL),S224009,2006
GMC,SIERRA 3500HD,EXTENDED CAB (INCLUDING DIESEL),S224009,2006
GMC,SIERRA 2500HD,STANDARD CAB (INCLUDING DIESEL),S224017,2004
GMC,SIERRA 3500HD,STANDARD CAB (INCLUDING DIESEL),S224017,2004
GMC,SIERRA 2500HD,CREW CAB (INCLUDING DIESEL),S224013,2006
GMC,SIERRA 3500HD,CREW CAB (INCLUDING DIESEL),S224013,2006
HONDA,ELEMENT,ALL,S226004,2008
HONDA,PILOT,ALL,S226008,2014
NISSAN,TITAN,CREW CAB,S229006,2009
NISSAN,TITAN,EXTENDED CAB,S229007,2009
NISSAN,XTERRA,ALL,S229008,2010
TOYOTA,FJ CRUISER,ALL,S222011,2012
TOYOTA,TACOMA,DOUBLE CAB,S222009,2010
TOYOTA,TACOMA,ACCESS CAB,S222008,2010
TOYOTA,TUNDRA,DOUBLE CAB,S222012,2012
TOYOTA,TUNDRA,CREWMAX,S222013,2012
CHEVROLET,SILVERADO 1500,EXTENDED CAB (BUSHING MOUNT),S224009-2,2005
CHEVROLET,SILVERADO 1500,EXTENDED CAB (ROCKER PANEL MOUNT),S224046-2,2013
CHEVROLET,SILVERADO 2500,EXTENDED CAB (ROCKER PANEL MOUNT),S224046-2,2013
CHEVROLET,SILVERADO 3500,EXTENDED CAB (ROCKER PANEL MOUNT),S224046-2,2013
CHEVROLET,SILVERADO 1500,STANDARD CAB (BUSHING MOUNT),S224017-2,2005
CHEVROLET,SILVERADO 1500,CREW CAB (BUSHING MOUNT),S224013-2,2007
CHEVROLET,SILVERADO 1500,CREW CAB (ROCKER PANEL MOUNT),S224045-2,2013
CHEVROLET,SILVERADO 1500,STANDARD CAB (ROCKER PANEL MOUNT),S224048-2,2013
CHEVROLET,SILVERADO 2500,CREW CAB (ROCKER PANEL MOUNT),S224045-2,2013
CHEVROLET,SILVERADO 2500,STANDARD CAB (ROCKER PANEL MOUNT),S224048-2,2013
CHEVROLET,SILVERADO 3500,CREW CAB (ROCKER PANEL MOUNT),S224045-2,2013
CHEVROLET,SILVERADO 3500,STANDARD CAB (ROCKER PANEL MOUNT),S224048-2,2013
CHEVROLET,SILVERADO 2500HD,EXTENDED CAB (INCLUDING DIESEL),S224009-2,2007
CHEVROLET,SILVERADO 3500HD,EXTENDED CAB (INCLUDING DIESEL),S224009-2,2007
CHEVROLET,SILVERADO 2500HD,STANDARD CAB (INCLUDING DIESEL),S224017-2,2005
CHEVROLET,SILVERADO 3500HD,STANDARD CAB (INCLUDING DIESEL),S224017-2,2005
CHEVROLET,SILVERADO 2500HD,CREW CAB (INCLUDING DIESEL),S224013-2,2007
CHEVROLET,SILVERADO 3500HD,CREW CAB (INCLUDING DIESEL),S224013-2,2007
CHEVROLET,TRAVERSE,ALL,S224031-2,2013
DODGE,RAM 1500,QUAD CAB,S225008-2,2008
DODGE,RAM 2500,QUAD CAB,S225008-2,2009
DODGE,RAM 3500,QUAD CAB,S225008-2,2009
FORD,F-150,STANDARD CAB,S223017-2,2010
FORD,F-150,EXTENDED CAB,S223016-2,2010
FORD,F-250,SUPER DUTY (CREW CAB),S223006-2,2005
FORD,F-350,SUPER DUTY (CREW CAB),S223006-2,2005
FORD,F-250,SUPER DUTY (EXTENDED CAB),S223005-2,2005
FORD,F-350,SUPER DUTY (EXTENDED CAB),S223005-2,2005
GMC,ACADIA,ALL,S224031-2,2014
GMC,SIERRA 1500,EXTENDED CAB (BUSHING MOUNT),S224009-2,2005
GMC,SIERRA 1500,EXTENDED CAB (ROCKER PANEL MOUNT),S224046-2,2013
GMC,SIERRA 2500,EXTENDED CAB (ROCKER PANEL MOUNT),S224046-2,2013
GMC,SIERRA 3500,EXTENDED CAB (ROCKER PANEL MOUNT),S224046-2,2013
GMC,SIERRA 1500,STANDARD CAB (BUSHING MOUNT),S224017-2,2005
GMC,SIERRA 1500,CREW CAB (BUSHING MOUNT),S224013-2,2007
GMC,SIERRA 1500,CREW CAB (ROCKER PANEL MOUNT),S224045-2,2013
GMC,SIERRA 2500,CREW CAB (ROCKER PANEL MOUNT),S224045-2,2013
GMC,SIERRA 3500,CREW CAB (ROCKER PANEL MOUNT),S224045-2,2013
GMC,SIERRA 1500,STANDARD CAB (ROCKER PANEL MOUNT),S224048-2,2013
GMC,SIERRA 2500,STANDARD CAB (ROCKER PANEL MOUNT),S224048-2,2013
GMC,SIERRA 3500,STANDARD CAB (ROCKER PANEL MOUNT),S224048-2,2013
GMC,SIERRA 2500HD,EXTENDED CAB (INCLUDING DIESEL),S224009-2,2007
GMC,SIERRA 3500HD,EXTENDED CAB (INCLUDING DIESEL),S224009-2,2007
GMC,SIERRA 2500HD,STANDARD CAB (INCLUDING DIESEL),S224017-2,2005
GMC,SIERRA 3500HD,STANDARD CAB (INCLUDING DIESEL),S224017-2,2005
GMC,SIERRA 2500HD,CREW CAB (INCLUDING DIESEL),S224013-2,2007
GMC,SIERRA 3500HD,CREW CAB (INCLUDING DIESEL),S224013-2,2007
HONDA,ELEMENT,ALL,S226004-2,2009
HONDA,PILOT,ALL,S226008-2,2015
NISSAN,TITAN,CREW CAB,S229006-2,2010
NISSAN,TITAN,EXTENDED CAB,S229007-2,2010
TOYOTA,FJ CRUISER,ALL,S222011-2,2013
TOYOTA,TACOMA,DOUBLE CAB,S222009-2,2011
TOYOTA,TACOMA,ACCESS CAB,S222008-2,2011
TOYOTA,TUNDRA,DOUBLE CAB,S222012-2,2013
TOYOTA,TUNDRA,CREWMAX,S222013-2,2013
CHEVROLET,SILVERADO 1500,EXTENDED CAB (BUSHING MOUNT),S224009,2005
CHEVROLET,SILVERADO 1500,EXTENDED CAB (ROCKER PANEL MOUNT),S224046,2013
CHEVROLET,SILVERADO 2500,EXTENDED CAB (ROCKER PANEL MOUNT),S224046,2013
CHEVROLET,SILVERADO 3500,EXTENDED CAB (ROCKER PANEL MOUNT),S224046,2013
CHEVROLET,SILVERADO 1500,STANDARD CAB (BUSHING MOUNT),S224017,2005
CHEVROLET,SILVERADO 1500,CREW CAB (BUSHING MOUNT),S224013,2007
CHEVROLET,SILVERADO 1500,CREW CAB (ROCKER PANEL MOUNT),S224045,2013
CHEVROLET,SILVERADO 2500,CREW CAB (ROCKER PANEL MOUNT),S224045,2013
CHEVROLET,SILVERADO 3500,CREW CAB (ROCKER PANEL MOUNT),S224045,2013
CHEVROLET,SILVERADO 1500,STANDARD CAB (ROCKER PANEL MOUNT),S224048,2013
CHEVROLET,SILVERADO 2500,STANDARD CAB (ROCKER PANEL MOUNT),S224048,2013
CHEVROLET,SILVERADO 3500,STANDARD CAB (ROCKER PANEL MOUNT),S224048,2013
CHEVROLET,SILVERADO 2500HD,EXTENDED CAB (INCLUDING DIESEL),S224009,2007
CHEVROLET,SILVERADO 3500HD,EXTENDED CAB (INCLUDING DIESEL),S224009,2007
CHEVROLET,SILVERADO 2500HD,STANDARD CAB (INCLUDING DIESEL),S224017,2005
CHEVROLET,SILVERADO 3500HD,STANDARD CAB (INCLUDING DIESEL),S224017,2005
CHEVROLET,SILVERADO 2500HD,CREW CAB (INCLUDING DIESEL),S224013,2007
CHEVROLET,SILVERADO 3500HD,CREW CAB (INCLUDING DIESEL),S224013,2007
CHEVROLET,TRAVERSE,ALL,S224031,2013
DODGE,RAM 1500,QUAD CAB,S225008,2008
DODGE,RAM 2500,QUAD CAB,S225008,2009
DODGE,RAM 3500,QUAD CAB,S225008,2009
FORD,F-150,STANDARD CAB,S223017,2010
FORD,F-150,EXTENDED CAB,S223016,2010
FORD,F-250,SUPER DUTY (CREW CAB),S223006,2005
FORD,F-350,SUPER DUTY (CREW CAB),S223006,2005
FORD,F-250,SUPER DUTY (EXTENDED CAB),S223005,2005
FORD,F-350,SUPER DUTY (EXTENDED CAB),S223005,2005
GMC,ACADIA,ALL,S224031,2014
GMC,SIERRA 1500,EXTENDED CAB (BUSHING MOUNT),S224009,2005
GMC,SIERRA 1500,EXTENDED CAB (ROCKER PANEL MOUNT),S224046,2013
GMC,SIERRA 2500,EXTENDED CAB (ROCKER PANEL MOUNT),S224046,2013
GMC,SIERRA 3500,EXTENDED CAB (ROCKER PANEL MOUNT),S224046,2013
GMC,SIERRA 1500,STANDARD CAB (BUSHING MOUNT),S224017,2005
GMC,SIERRA 1500,CREW CAB (BUSHING MOUNT),S224013,2007
GMC,SIERRA 1500,CREW CAB (ROCKER PANEL MOUNT),S224045,2013
GMC,SIERRA 2500,CREW CAB (ROCKER PANEL MOUNT),S224045,2013
GMC,SIERRA 3500,CREW CAB (ROCKER PANEL MOUNT),S224045,2013
GMC,SIERRA 1500,STANDARD CAB (ROCKER PANEL MOUNT),S224048,2013
GMC,SIERRA 2500,STANDARD CAB (ROCKER PANEL MOUNT),S224048,2013
GMC,SIERRA 3500,STANDARD CAB (ROCKER PANEL MOUNT),S224048,2013
GMC,SIERRA 2500HD,EXTENDED CAB (INCLUDING DIESEL),S224009,2007
GMC,SIERRA 3500HD,EXTENDED CAB (INCLUDING DIESEL),S224009,2007
GMC,SIERRA 2500HD,STANDARD CAB (INCLUDING DIESEL),S224017,2005
GMC,SIERRA 3500HD,STANDARD CAB (INCLUDING DIESEL),S224017,2005
GMC,SIERRA 2500HD,CREW CAB (INCLUDING DIESEL),S224013,2007
GMC,SIERRA 3500HD,CREW CAB (INCLUDING DIESEL),S224013,2007
HONDA,ELEMENT,ALL,S226004,2009
HONDA,PILOT,ALL,S226008,2015
NISSAN,TITAN,CREW CAB,S229006,2010
NISSAN,TITAN,EXTENDED CAB,S229007,2010
NISSAN,XTERRA,ALL,S229008,2011
TOYOTA,FJ CRUISER,ALL,S222011,2013
TOYOTA,TACOMA,DOUBLE CAB,S222009,2011
TOYOTA,TACOMA,ACCESS CAB,S222008,2011
TOYOTA,TUNDRA,DOUBLE CAB,S222012,2013
TOYOTA,TUNDRA,CREWMAX,S222013,2013
CHEVROLET,SILVERADO 1500,EXTENDED CAB (BUSHING MOUNT),S224009-2,2006
CHEVROLET,SILVERADO 1500,STANDARD CAB (BUSHING MOUNT),S224017-2,2006
CHEVROLET,SILVERADO 1500,CREW CAB (BUSHING MOUNT),S224013-2,2008
CHEVROLET,SILVERADO 1500,CREW CAB (ROCKER PANEL MOUNT),S224045-2,2014
CHEVROLET,SILVERADO 1500,STANDARD CAB (ROCKER PANEL MOUNT),S224048-2,2014
CHEVROLET,SILVERADO 2500,CREW CAB (ROCKER PANEL MOUNT),S224045-2,2014
CHEVROLET,SILVERADO 2500,STANDARD CAB (ROCKER PANEL MOUNT),S224048-2,2014
CHEVROLET,SILVERADO 3500,CREW CAB (ROCKER PANEL MOUNT),S224045-2,2014
CHEVROLET,SILVERADO 3500,STANDARD CAB (ROCKER PANEL MOUNT),S224048-2,2014
CHEVROLET,SILVERADO 2500HD,EXTENDED CAB (INCLUDING DIESEL),S224009-2,2008
CHEVROLET,SILVERADO 3500HD,EXTENDED CAB (INCLUDING DIESEL),S224009-2,2008
CHEVROLET,SILVERADO 2500HD,STANDARD CAB (INCLUDING DIESEL),S224017-2,2006
CHEVROLET,SILVERADO 3500HD,STANDARD CAB (INCLUDING DIESEL),S224017-2,2006
CHEVROLET,SILVERADO 2500HD,CREW CAB (INCLUDING DIESEL),S224013-2,2008
CHEVROLET,SILVERADO 3500HD,CREW CAB (INCLUDING DIESEL),S224013-2,2008
CHEVROLET,TRAVERSE,ALL,S224031-2,2014
FORD,F-150,STANDARD CAB,S223017-2,2011
FORD,F-150,EXTENDED CAB,S223016-2,2011
FORD,F-250,SUPER DUTY (CREW CAB),S223006-2,2006
FORD,F-350,SUPER DUTY (CREW CAB),S223006-2,2006
FORD,F-250,SUPER DUTY (EXTENDED CAB),S223005-2,2006
FORD,F-350,SUPER DUTY (EXTENDED CAB),S223005-2,2006
GMC,ACADIA,ALL,S224031-2,2015
GMC,SIERRA 1500,EXTENDED CAB (BUSHING MOUNT),S224009-2,2006
GMC,SIERRA 1500,STANDARD CAB (BUSHING MOUNT),S224017-2,2006
GMC,SIERRA 1500,CREW CAB (BUSHING MOUNT),S224013-2,2008
GMC,SIERRA 1500,CREW CAB (ROCKER PANEL MOUNT),S224045-2,2014
GMC,SIERRA 2500,CREW CAB (ROCKER PANEL MOUNT),S224045-2,2014
GMC,SIERRA 3500,CREW CAB (ROCKER PANEL MOUNT),S224045-2,2014
GMC,SIERRA 1500,STANDARD CAB (ROCKER PANEL MOUNT),S224048-2,2014
GMC,SIERRA 2500,STANDARD CAB (ROCKER PANEL MOUNT),S224048-2,2014
GMC,SIERRA 3500,STANDARD CAB (ROCKER PANEL MOUNT),S224048-2,2014
GMC,SIERRA 2500HD,EXTENDED CAB (INCLUDING DIESEL),S224009-2,2008
GMC,SIERRA 3500HD,EXTENDED CAB (INCLUDING DIESEL),S224009-2,2008
GMC,SIERRA 2500HD,STANDARD CAB (INCLUDING DIESEL),S224017-2,2006
GMC,SIERRA 3500HD,STANDARD CAB (INCLUDING DIESEL),S224017-2,2006
GMC,SIERRA 2500HD,CREW CAB (INCLUDING DIESEL),S224013-2,2008
GMC,SIERRA 3500HD,CREW CAB (INCLUDING DIESEL),S224013-2,2008
HONDA,ELEMENT,ALL,S226004-2,2010
NISSAN,TITAN,CREW CAB,S229006-2,2011
NISSAN,TITAN,EXTENDED CAB,S229007-2,2011
TOYOTA,FJ CRUISER,ALL,S222011-2,2014
TOYOTA,TACOMA,DOUBLE CAB,S222009-2,2012
TOYOTA,TACOMA,ACCESS CAB,S222008-2,2012
TOYOTA,TUNDRA,DOUBLE CAB,S222012-2,2014
TOYOTA,TUNDRA,CREWMAX,S222013-2,2014
CHEVROLET,SILVERADO 1500,EXTENDED CAB (BUSHING MOUNT),S224009,2006
CHEVROLET,SILVERADO 1500,STANDARD CAB (BUSHING MOUNT),S224017,2006
CHEVROLET,SILVERADO 1500,CREW CAB (BUSHING MOUNT),S224013,2008
CHEVROLET,SILVERADO 1500,CREW CAB (ROCKER PANEL MOUNT),S224045,2014
CHEVROLET,SILVERADO 2500,CREW CAB (ROCKER PANEL MOUNT),S224045,2014
CHEVROLET,SILVERADO 3500,CREW CAB (ROCKER PANEL MOUNT),S224045,2014
CHEVROLET,SILVERADO 1500,STANDARD CAB (ROCKER PANEL MOUNT),S224048,2014
CHEVROLET,SILVERADO 2500,STANDARD CAB (ROCKER PANEL MOUNT),S224048,2014
CHEVROLET,SILVERADO 3500,STANDARD CAB (ROCKER PANEL MOUNT),S224048,2014
CHEVROLET,SILVERADO 2500HD,EXTENDED CAB (INCLUDING DIESEL),S224009,2008
CHEVROLET,SILVERADO 3500HD,EXTENDED CAB (INCLUDING DIESEL),S224009,2008
CHEVROLET,SILVERADO 2500HD,STANDARD CAB (INCLUDING DIESEL),S224017,2006
CHEVROLET,SILVERADO 3500HD,STANDARD CAB (INCLUDING DIESEL),S224017,2006
CHEVROLET,SILVERADO 2500HD,CREW CAB (INCLUDING DIESEL),S224013,2008
CHEVROLET,SILVERADO 3500HD,CREW CAB (INCLUDING DIESEL),S224013,2008
CHEVROLET,TRAVERSE,ALL,S224031,2014
FORD,F-150,STANDARD CAB,S223017,2011
FORD,F-150,EXTENDED CAB,S223016,2011
FORD,F-250,SUPER DUTY (CREW CAB),S223006,2006
FORD,F-350,SUPER DUTY (CREW CAB),S223006,2006
FORD,F-250,SUPER DUTY (EXTENDED CAB),S223005,2006
FORD,F-350,SUPER DUTY (EXTENDED CAB),S223005,2006
GMC,ACADIA,ALL,S224031,2015
GMC,SIERRA 1500,EXTENDED CAB (BUSHING MOUNT),S224009,2006
GMC,SIERRA 1500,STANDARD CAB (BUSHING MOUNT),S224017,2006
GMC,SIERRA 1500,CREW CAB (BUSHING MOUNT),S224013,2008
GMC,SIERRA 1500,CREW CAB (ROCKER PANEL MOUNT),S224045,2014
GMC,SIERRA 2500,CREW CAB (ROCKER PANEL MOUNT),S224045,2014
GMC,SIERRA 3500,CREW CAB (ROCKER PANEL MOUNT),S224045,2014
GMC,SIERRA 1500,STANDARD CAB (ROCKER PANEL MOUNT),S224048,2014
GMC,SIERRA 2500,STANDARD CAB (ROCKER PANEL MOUNT),S224048,2014
GMC,SIERRA 3500,STANDARD CAB (ROCKER PANEL MOUNT),S224048,2014
GMC,SIERRA 2500HD,EXTENDED CAB (INCLUDING DIESEL),S224009,2008
GMC,SIERRA 3500HD,EXTENDED CAB (INCLUDING DIESEL),S224009,2008
GMC,SIERRA 2500HD,STANDARD CAB (INCLUDING DIESEL),S224017,2006
GMC,SIERRA 3500HD,STANDARD CAB (INCLUDING DIESEL),S224017,2006
GMC,SIERRA 2500HD,CREW CAB (INCLUDING DIESEL),S224013,2008
GMC,SIERRA 3500HD,CREW CAB (INCLUDING DIESEL),S224013,2008
HONDA,ELEMENT,ALL,S226004,2010
NISSAN,TITAN,CREW CAB,S229006,2011
NISSAN,TITAN,EXTENDED CAB,S229007,2011
NISSAN,XTERRA,ALL,S229008,2012
TOYOTA,FJ CRUISER,ALL,S222011,2014
TOYOTA,TACOMA,DOUBLE CAB,S222009,2012
TOYOTA,TACOMA,ACCESS CAB,S222008,2012
TOYOTA,TUNDRA,DOUBLE CAB,S222012,2014
TOYOTA,TUNDRA,CREWMAX,S222013,2014
CHEVROLET,SILVERADO 1500,EXTENDED CAB (BUSHING MOUNT),S224009-2,2007
CHEVROLET,SILVERADO 1500,STANDARD CAB (BUSHING MOUNT),S224017-2,2007
CHEVROLET,SILVERADO 1500,CREW CAB (BUSHING MOUNT),S224013-2,2009
CHEVROLET,SILVERADO 1500,CREW CAB (ROCKER PANEL MOUNT),S224045-2,2015
CHEVROLET,SILVERADO 1500,STANDARD CAB (ROCKER PANEL MOUNT),S224048-2,2015
CHEVROLET,SILVERADO 2500,CREW CAB (ROCKER PANEL MOUNT),S224045-2,2015
CHEVROLET,SILVERADO 2500,STANDARD CAB (ROCKER PANEL MOUNT),S224048-2,2015
CHEVROLET,SILVERADO 3500,CREW CAB (ROCKER PANEL MOUNT),S224045-2,2015
CHEVROLET,SILVERADO 3500,STANDARD CAB (ROCKER PANEL MOUNT),S224048-2,2015
CHEVROLET,SILVERADO 2500HD,EXTENDED CAB (INCLUDING DIESEL),S224009-2,2009
CHEVROLET,SILVERADO 3500HD,EXTENDED CAB (INCLUDING DIESEL),S224009-2,2009
CHEVROLET,SILVERADO 2500HD,STANDARD CAB (INCLUDING DIESEL),S224017-2,2007
CHEVROLET,SILVERADO 3500HD,STANDARD CAB (INCLUDING DIESEL),S224017-2,2007
CHEVROLET,SILVERADO 2500HD,CREW CAB (INCLUDING DIESEL),S224013-2,2009
CHEVROLET,SILVERADO 3500HD,CREW CAB (INCLUDING DIESEL),S224013-2,2009
CHEVROLET,TRAVERSE,ALL,S224031-2,2015
FORD,F-150,STANDARD CAB,S223017-2,2012
FORD,F-150,EXTENDED CAB,S223016-2,2012
FORD,F-250,SUPER DUTY (CREW CAB),S223006-2,2007
FORD,F-350,SUPER DUTY (CREW CAB),S223006-2,2007
FORD,F-250,SUPER DUTY (EXTENDED CAB),S223005-2,2007
FORD,F-350,SUPER DUTY (EXTENDED CAB),S223005-2,2007
GMC,SIERRA 1500,EXTENDED CAB (BUSHING MOUNT),S224009-2,2007
GMC,SIERRA 1500,STANDARD CAB (BUSHING MOUNT),S224017-2,2007
GMC,SIERRA 1500,CREW CAB (BUSHING MOUNT),S224013-2,2009
GMC,SIERRA 1500,CREW CAB (ROCKER PANEL MOUNT),S224045-2,2015
GMC,SIERRA 2500,CREW CAB (ROCKER PANEL MOUNT),S224045-2,2015
GMC,SIERRA 3500,CREW CAB (ROCKER PANEL MOUNT),S224045-2,2015
GMC,SIERRA 1500,STANDARD CAB (ROCKER PANEL MOUNT),S224048-2,2015
GMC,SIERRA 2500,STANDARD CAB (ROCKER PANEL MOUNT),S224048-2,2015
GMC,SIERRA 3500,STANDARD CAB (ROCKER PANEL MOUNT),S224048-2,2015
GMC,SIERRA 2500HD,EXTENDED CAB (INCLUDING DIESEL),S224009-2,2009
GMC,SIERRA 3500HD,EXTENDED CAB (INCLUDING DIESEL),S224009-2,2009
GMC,SIERRA 2500HD,STANDARD CAB (INCLUDING DIESEL),S224017-2,2007
GMC,SIERRA 3500HD,STANDARD CAB (INCLUDING DIESEL),S224017-2,2007
GMC,SIERRA 2500HD,CREW CAB (INCLUDING DIESEL),S224013-2,2009
GMC,SIERRA 3500HD,CREW CAB (INCLUDING DIESEL),S224013-2,2009
NISSAN,TITAN,CREW CAB,S229006-2,2012
NISSAN,TITAN,EXTENDED CAB,S229007-2,2012
TOYOTA,TACOMA,DOUBLE CAB,S222009-2,2013
TOYOTA,TACOMA,ACCESS CAB,S222008-2,2013
TOYOTA,TUNDRA,DOUBLE CAB,S222012-2,2015
TOYOTA,TUNDRA,CREWMAX,S222013-2,2015
CHEVROLET,SILVERADO 1500,EXTENDED CAB (BUSHING MOUNT),S224009,2007
CHEVROLET,SILVERADO 1500,STANDARD CAB (BUSHING MOUNT),S224017,2007
CHEVROLET,SILVERADO 1500,CREW CAB (BUSHING MOUNT),S224013,2009
CHEVROLET,SILVERADO 1500,CREW CAB (ROCKER PANEL MOUNT),S224045,2015
CHEVROLET,SILVERADO 2500,CREW CAB (ROCKER PANEL MOUNT),S224045,2015
CHEVROLET,SILVERADO 3500,CREW CAB (ROCKER PANEL MOUNT),S224045,2015
CHEVROLET,SILVERADO 1500,STANDARD CAB (ROCKER PANEL MOUNT),S224048,2015
CHEVROLET,SILVERADO 2500,STANDARD CAB (ROCKER PANEL MOUNT),S224048,2015
CHEVROLET,SILVERADO 3500,STANDARD CAB (ROCKER PANEL MOUNT),S224048,2015
CHEVROLET,SILVERADO 2500HD,EXTENDED CAB (INCLUDING DIESEL),S224009,2009
CHEVROLET,SILVERADO 3500HD,EXTENDED CAB (INCLUDING DIESEL),S224009,2009
CHEVROLET,SILVERADO 2500HD,STANDARD CAB (INCLUDING DIESEL),S224017,2007
CHEVROLET,SILVERADO 3500HD,STANDARD CAB (INCLUDING DIESEL),S224017,2007
CHEVROLET,SILVERADO 2500HD,CREW CAB (INCLUDING DIESEL),S224013,2009
CHEVROLET,SILVERADO 3500HD,CREW CAB (INCLUDING DIESEL),S224013,2009
CHEVROLET,TRAVERSE,ALL,S224031,2015
FORD,F-150,STANDARD CAB,S223017,2012
FORD,F-150,EXTENDED CAB,S223016,2012
FORD,F-250,SUPER DUTY (CREW CAB),S223006,2007
FORD,F-350,SUPER DUTY (CREW CAB),S223006,2007
FORD,F-250,SUPER DUTY (EXTENDED CAB),S223005,2007
FORD,F-350,SUPER DUTY (EXTENDED CAB),S223005,2007
GMC,SIERRA 1500,EXTENDED CAB (BUSHING MOUNT),S224009,2007
GMC,SIERRA 1500,STANDARD CAB (BUSHING MOUNT),S224017,2007
GMC,SIERRA 1500,CREW CAB (BUSHING MOUNT),S224013,2009
GMC,SIERRA 1500,CREW CAB (ROCKER PANEL MOUNT),S224045,2015
GMC,SIERRA 2500,CREW CAB (ROCKER PANEL MOUNT),S224045,2015
GMC,SIERRA 3500,CREW CAB (ROCKER PANEL MOUNT),S224045,2015
GMC,SIERRA 1500,STANDARD CAB (ROCKER PANEL MOUNT),S224048,2015
GMC,SIERRA 2500,STANDARD CAB (ROCKER PANEL MOUNT),S224048,2015
GMC,SIERRA 3500,STANDARD CAB (ROCKER PANEL MOUNT),S224048,2015
GMC,SIERRA 2500HD,EXTENDED CAB (INCLUDING DIESEL),S224009,2009
GMC,SIERRA 3500HD,EXTENDED CAB (INCLUDING DIESEL),S224009,2009
GMC,SIERRA 2500HD,STANDARD CAB (INCLUDING DIESEL),S224017,2007
GMC,SIERRA 3500HD,STANDARD CAB (INCLUDING DIESEL),S224017,2007
GMC,SIERRA 2500HD,CREW CAB (INCLUDING DIESEL),S224013,2009
GMC,SIERRA 3500HD,CREW CAB (INCLUDING DIESEL),S224013,2009
NISSAN,TITAN,CREW CAB,S229006,2012
NISSAN,TITAN,EXTENDED CAB,S229007,2012
NISSAN,XTERRA,ALL,S229008,2013
TOYOTA,TACOMA,DOUBLE CAB,S222009,2013
TOYOTA,TACOMA,ACCESS CAB,S222008,2013
TOYOTA,TUNDRA,DOUBLE CAB,S222012,2015
TOYOTA,TUNDRA,CREWMAX,S222013,2015
CHEVROLET,SILVERADO 1500,EXTENDED CAB (BUSHING MOUNT),S224009-2,2008
CHEVROLET,SILVERADO 1500,STANDARD CAB (BUSHING MOUNT),S224017-2,2008
CHEVROLET,SILVERADO 1500,CREW CAB (BUSHING MOUNT),S224013-2,2010
CHEVROLET,SILVERADO 2500HD,EXTENDED CAB (INCLUDING DIESEL),S224009-2,2010
CHEVROLET,SILVERADO 3500HD,EXTENDED CAB (INCLUDING DIESEL),S224009-2,2010
CHEVROLET,SILVERADO 2500HD,STANDARD CAB (INCLUDING DIESEL),S224017-2,2008
CHEVROLET,SILVERADO 3500HD,STANDARD CAB (INCLUDING DIESEL),S224017-2,2008
CHEVROLET,SILVERADO 2500HD,CREW CAB (INCLUDING DIESEL),S224013-2,2010
CHEVROLET,SILVERADO 3500HD,CREW CAB (INCLUDING DIESEL),S224013-2,2010
FORD,F-150,STANDARD CAB,S223017-2,2013
FORD,F-150,EXTENDED CAB,S223016-2,2013
FORD,F-250,SUPER DUTY (CREW CAB),S223006-2,2008
FORD,F-350,SUPER DUTY (CREW CAB),S223006-2,2008
FORD,F-250,SUPER DUTY (EXTENDED CAB),S223005-2,2008
FORD,F-350,SUPER DUTY (EXTENDED CAB),S223005-2,2008
GMC,SIERRA 1500,EXTENDED CAB (BUSHING MOUNT),S224009-2,2008
GMC,SIERRA 1500,STANDARD CAB (BUSHING MOUNT),S224017-2,2008
GMC,SIERRA 1500,CREW CAB (BUSHING MOUNT),S224013-2,2010
GMC,SIERRA 2500HD,EXTENDED CAB (INCLUDING DIESEL),S224009-2,2010
GMC,SIERRA 3500HD,EXTENDED CAB (INCLUDING DIESEL),S224009-2,2010
GMC,SIERRA 2500HD,STANDARD CAB (INCLUDING DIESEL),S224017-2,2008
GMC,SIERRA 3500HD,STANDARD CAB (INCLUDING DIESEL),S224017-2,2008
GMC,SIERRA 2500HD,CREW CAB (INCLUDING DIESEL),S224013-2,2010
GMC,SIERRA 3500HD,CREW CAB (INCLUDING DIESEL),S224013-2,2010
NISSAN,TITAN,CREW CAB,S229006-2,2013
NISSAN,TITAN,EXTENDED CAB,S229007-2,2013
TOYOTA,TACOMA,DOUBLE CAB,S222009-2,2014
TOYOTA,TACOMA,ACCESS CAB,S222008-2,2014
CHEVROLET,SILVERADO 1500,EXTENDED CAB (BUSHING MOUNT),S224009,2008
CHEVROLET,SILVERADO 1500,STANDARD CAB (BUSHING MOUNT),S224017,2008
CHEVROLET,SILVERADO 1500,CREW CAB (BUSHING MOUNT),S224013,2010
CHEVROLET,SILVERADO 2500HD,EXTENDED CAB (INCLUDING DIESEL),S224009,2010
CHEVROLET,SILVERADO 3500HD,EXTENDED CAB (INCLUDING DIESEL),S224009,2010
CHEVROLET,SILVERADO 2500HD,STANDARD CAB (INCLUDING DIESEL),S224017,2008
CHEVROLET,SILVERADO 3500HD,STANDARD CAB (INCLUDING DIESEL),S224017,2008
CHEVROLET,SILVERADO 2500HD,CREW CAB (INCLUDING DIESEL),S224013,2010
CHEVROLET,SILVERADO 3500HD,CREW CAB (INCLUDING DIESEL),S224013,2010
FORD,F-150,STANDARD CAB,S223017,2013
FORD,F-150,EXTENDED CAB,S223016,2013
FORD,F-250,SUPER DUTY (CREW CAB),S223006,2008
FORD,F-350,SUPER DUTY (CREW CAB),S223006,2008
FORD,F-250,SUPER DUTY (EXTENDED CAB),S223005,2008
FORD,F-350,SUPER DUTY (EXTENDED CAB),S223005,2008
GMC,SIERRA 1500,EXTENDED CAB (BUSHING MOUNT),S224009,2008
GMC,SIERRA 1500,STANDARD CAB (BUSHING MOUNT),S224017,2008
GMC,SIERRA 1500,CREW CAB (BUSHING MOUNT),S224013,2010
GMC,SIERRA 2500HD,EXTENDED CAB (INCLUDING DIESEL),S224009,2010
GMC,SIERRA 3500HD,EXTENDED CAB (INCLUDING DIESEL),S224009,2010
GMC,SIERRA 2500HD,STANDARD CAB (INCLUDING DIESEL),S224017,2008
GMC,SIERRA 3500HD,STANDARD CAB (INCLUDING DIESEL),S224017,2008
GMC,SIERRA 2500HD,CREW CAB (INCLUDING DIESEL),S224013,2010
GMC,SIERRA 3500HD,CREW CAB (INCLUDING DIESEL),S224013,2010
NISSAN,TITAN,CREW CAB,S229006,2013
NISSAN,TITAN,EXTENDED CAB,S229007,2013
NISSAN,XTERRA,ALL,S229008,2014
TOYOTA,TACOMA,DOUBLE CAB,S222009,2014
TOYOTA,TACOMA,ACCESS CAB,S222008,2014
CHEVROLET,SILVERADO 1500,EXTENDED CAB (BUSHING MOUNT),S224009-2,2009
CHEVROLET,SILVERADO 1500,STANDARD CAB (BUSHING MOUNT),S224017-2,2009
CHEVROLET,SILVERADO 1500,CREW CAB (BUSHING MOUNT),S224013-2,2011
CHEVROLET,SILVERADO 2500HD,EXTENDED CAB (INCLUDING DIESEL),S224009-2,2011
CHEVROLET,SILVERADO 3500HD,EXTENDED CAB (INCLUDING DIESEL),S224009-2,2011
CHEVROLET,SILVERADO 2500HD,STANDARD CAB (INCLUDING DIESEL),S224017-2,2009
CHEVROLET,SILVERADO 3500HD,STANDARD CAB (INCLUDING DIESEL),S224017-2,2009
CHEVROLET,SILVERADO 2500HD,CREW CAB (INCLUDING DIESEL),S224013-2,2011
CHEVROLET,SILVERADO 3500HD,CREW CAB (INCLUDING DIESEL),S224013-2,2011
FORD,F-150,STANDARD CAB,S223017-2,2014
FORD,F-150,EXTENDED CAB,S223016-2,2014
FORD,F-250,SUPER DUTY (CREW CAB),S223006-2,2009
FORD,F-350,SUPER DUTY (CREW CAB),S223006-2,2009
FORD,F-250,SUPER DUTY (EXTENDED CAB),S223005-2,2009
FORD,F-350,SUPER DUTY (EXTENDED CAB),S223005-2,2009
GMC,SIERRA 1500,EXTENDED CAB (BUSHING MOUNT),S224009-2,2009
GMC,SIERRA 1500,STANDARD CAB (BUSHING MOUNT),S224017-2,2009
GMC,SIERRA 1500,CREW CAB (BUSHING MOUNT),S224013-2,2011
GMC,SIERRA 2500HD,EXTENDED CAB (INCLUDING DIESEL),S224009-2,2011
GMC,SIERRA 3500HD,EXTENDED CAB (INCLUDING DIESEL),S224009-2,2011
GMC,SIERRA 2500HD,STANDARD CAB (INCLUDING DIESEL),S224017-2,2009
GMC,SIERRA 3500HD,STANDARD CAB (INCLUDING DIESEL),S224017-2,2009
GMC,SIERRA 2500HD,CREW CAB (INCLUDING DIESEL),S224013-2,2011
GMC,SIERRA 3500HD,CREW CAB (INCLUDING DIESEL),S224013-2,2011
NISSAN,TITAN,CREW CAB,S229006-2,2014
NISSAN,TITAN,EXTENDED CAB,S229007-2,2014
TOYOTA,TACOMA,DOUBLE CAB,S222009-2,2015
TOYOTA,TACOMA,ACCESS CAB,S222008-2,2015
CHEVROLET,SILVERADO 1500,EXTENDED CAB (BUSHING MOUNT),S224009,2009
CHEVROLET,SILVERADO 1500,STANDARD CAB (BUSHING MOUNT),S224017,2009
CHEVROLET,SILVERADO 1500,CREW CAB (BUSHING MOUNT),S224013,2011
CHEVROLET,SILVERADO 2500HD,EXTENDED CAB (INCLUDING DIESEL),S224009,2011
CHEVROLET,SILVERADO 3500HD,EXTENDED CAB (INCLUDING DIESEL),S224009,2011
CHEVROLET,SILVERADO 2500HD,STANDARD CAB (INCLUDING DIESEL),S224017,2009
CHEVROLET,SILVERADO 3500HD,STANDARD CAB (INCLUDING DIESEL),S224017,2009
CHEVROLET,SILVERADO 2500HD,CREW CAB (INCLUDING DIESEL),S224013,2011
CHEVROLET,SILVERADO 3500HD,CREW CAB (INCLUDING DIESEL),S224013,2011
FORD,F-150,STANDARD CAB,S223017,2014
FORD,F-150,EXTENDED CAB,S223016,2014
FORD,F-250,SUPER DUTY (CREW CAB),S223006,2009
FORD,F-350,SUPER DUTY (CREW CAB),S223006,2009
FORD,F-250,SUPER DUTY (EXTENDED CAB),S223005,2009
FORD,F-350,SUPER DUTY (EXTENDED CAB),S223005,2009
GMC,SIERRA 1500,EXTENDED CAB (BUSHING MOUNT),S224009,2009
GMC,SIERRA 1500,STANDARD CAB (BUSHING MOUNT),S224017,2009
GMC,SIERRA 1500,CREW CAB (BUSHING MOUNT),S224013,2011
GMC,SIERRA 2500HD,EXTENDED CAB (INCLUDING DIESEL),S224009,2011
GMC,SIERRA 3500HD,EXTENDED CAB (INCLUDING DIESEL),S224009,2011
GMC,SIERRA 2500HD,STANDARD CAB (INCLUDING DIESEL),S224017,2009
GMC,SIERRA 3500HD,STANDARD CAB (INCLUDING DIESEL),S224017,2009
GMC,SIERRA 2500HD,CREW CAB (INCLUDING DIESEL),S224013,2011
GMC,SIERRA 3500HD,CREW CAB (INCLUDING DIESEL),S224013,2011
NISSAN,TITAN,CREW CAB,S229006,2014
NISSAN,TITAN,EXTENDED CAB,S229007,2014
NISSAN,XTERRA,ALL,S229008,2015
TOYOTA,TACOMA,DOUBLE CAB,S222009,2015
TOYOTA,TACOMA,ACCESS CAB,S222008,2015
CHEVROLET,SILVERADO 1500,EXTENDED CAB (BUSHING MOUNT),S224009-2,2010
CHEVROLET,SILVERADO 1500,STANDARD CAB (BUSHING MOUNT),S224017-2,2010
CHEVROLET,SILVERADO 1500,CREW CAB (BUSHING MOUNT),S224013-2,2012
CHEVROLET,SILVERADO 2500HD,EXTENDED CAB (INCLUDING DIESEL),S224009-2,2012
CHEVROLET,SILVERADO 3500HD,EXTENDED CAB (INCLUDING DIESEL),S224009-2,2012
CHEVROLET,SILVERADO 2500HD,STANDARD CAB (INCLUDING DIESEL),S224017-2,2010
CHEVROLET,SILVERADO 3500HD,STANDARD CAB (INCLUDING DIESEL),S224017-2,2010
CHEVROLET,SILVERADO 2500HD,CREW CAB (INCLUDING DIESEL),S224013-2,2012
CHEVROLET,SILVERADO 3500HD,CREW CAB (INCLUDING DIESEL),S224013-2,2012
FORD,F-250,SUPER DUTY (CREW CAB),S223006-2,2010
FORD,F-350,SUPER DUTY (CREW CAB),S223006-2,2010
FORD,F-250,SUPER DUTY (EXTENDED CAB),S223005-2,2010
FORD,F-350,SUPER DUTY (EXTENDED CAB),S223005-2,2010
GMC,SIERRA 1500,EXTENDED CAB (BUSHING MOUNT),S224009-2,2010
GMC,SIERRA 1500,STANDARD CAB (BUSHING MOUNT),S224017-2,2010
GMC,SIERRA 1500,CREW CAB (BUSHING MOUNT),S224013-2,2012
GMC,SIERRA 2500HD,EXTENDED CAB (INCLUDING DIESEL),S224009-2,2012
GMC,SIERRA 3500HD,EXTENDED CAB (INCLUDING DIESEL),S224009-2,2012
GMC,SIERRA 2500HD,STANDARD CAB (INCLUDING DIESEL),S224017-2,2010
GMC,SIERRA 3500HD,STANDARD CAB (INCLUDING DIESEL),S224017-2,2010
GMC,SIERRA 2500HD,CREW CAB (INCLUDING DIESEL),S224013-2,2012
GMC,SIERRA 3500HD,CREW CAB (INCLUDING DIESEL),S224013-2,2012
NISSAN,TITAN,CREW CAB,S229006-2,2015
NISSAN,TITAN,EXTENDED CAB,S229007-2,2015
CHEVROLET,SILVERADO 1500,EXTENDED CAB (BUSHING MOUNT),S224009,2010
CHEVROLET,SILVERADO 1500,STANDARD CAB (BUSHING MOUNT),S224017,2010
CHEVROLET,SILVERADO 1500,CREW CAB (BUSHING MOUNT),S224013,2012
CHEVROLET,SILVERADO 2500HD,EXTENDED CAB (INCLUDING DIESEL),S224009,2012
CHEVROLET,SILVERADO 3500HD,EXTENDED CAB (INCLUDING DIESEL),S224009,2012
CHEVROLET,SILVERADO 2500HD,STANDARD CAB (INCLUDING DIESEL),S224017,2010
CHEVROLET,SILVERADO 3500HD,STANDARD CAB (INCLUDING DIESEL),S224017,2010
CHEVROLET,SILVERADO 2500HD,CREW CAB (INCLUDING DIESEL),S224013,2012
CHEVROLET,SILVERADO 3500HD,CREW CAB (INCLUDING DIESEL),S224013,2012
FORD,F-250,SUPER DUTY (CREW CAB),S223006,2010
FORD,F-350,SUPER DUTY (CREW CAB),S223006,2010
FORD,F-250,SUPER DUTY (EXTENDED CAB),S223005,2010
FORD,F-350,SUPER DUTY (EXTENDED CAB),S223005,2010
GMC,SIERRA 1500,EXTENDED CAB (BUSHING MOUNT),S224009,2010
GMC,SIERRA 1500,STANDARD CAB (BUSHING MOUNT),S224017,2010
GMC,SIERRA 1500,CREW CAB (BUSHING MOUNT),S224013,2012
GMC,SIERRA 2500HD,EXTENDED CAB (INCLUDING DIESEL),S224009,2012
GMC,SIERRA 3500HD,EXTENDED CAB (INCLUDING DIESEL),S224009,2012
GMC,SIERRA 2500HD,STANDARD CAB (INCLUDING DIESEL),S224017,2010
GMC,SIERRA 3500HD,STANDARD CAB (INCLUDING DIESEL),S224017,2010
GMC,SIERRA 2500HD,CREW CAB (INCLUDING DIESEL),S224013,2012
GMC,SIERRA 3500HD,CREW CAB (INCLUDING DIESEL),S224013,2012
NISSAN,TITAN,CREW CAB,S229006,2015
NISSAN,TITAN,EXTENDED CAB,S229007,2015
CHEVROLET,SILVERADO 1500,EXTENDED CAB (BUSHING MOUNT),S224009-2,2011
CHEVROLET,SILVERADO 1500,STANDARD CAB (BUSHING MOUNT),S224017-2,2011
CHEVROLET,SILVERADO 1500,CREW CAB (BUSHING MOUNT),S224013-2,2013
CHEVROLET,SILVERADO 2500HD,EXTENDED CAB (INCLUDING DIESEL),S224009-2,2013
CHEVROLET,SILVERADO 3500HD,EXTENDED CAB (INCLUDING DIESEL),S224009-2,2013
CHEVROLET,SILVERADO 2500HD,STANDARD CAB (INCLUDING DIESEL),S224017-2,2011
CHEVROLET,SILVERADO 3500HD,STANDARD CAB (INCLUDING DIESEL),S224017-2,2011
CHEVROLET,SILVERADO 2500HD,CREW CAB (INCLUDING DIESEL),S224013-2,2013
CHEVROLET,SILVERADO 3500HD,CREW CAB (INCLUDING DIESEL),S224013-2,2013
FORD,F-250,SUPER DUTY (CREW CAB),S223006-2,2011
FORD,F-350,SUPER DUTY (CREW CAB),S223006-2,2011
FORD,F-250,SUPER DUTY (EXTENDED CAB),S223005-2,2011
FORD,F-350,SUPER DUTY (EXTENDED CAB),S223005-2,2011
GMC,SIERRA 1500,EXTENDED CAB (BUSHING MOUNT),S224009-2,2011
GMC,SIERRA 1500,STANDARD CAB (BUSHING MOUNT),S224017-2,2011
GMC,SIERRA 1500,CREW CAB (BUSHING MOUNT),S224013-2,2013
GMC,SIERRA 2500HD,EXTENDED CAB (INCLUDING DIESEL),S224009-2,2013
GMC,SIERRA 3500HD,EXTENDED CAB (INCLUDING DIESEL),S224009-2,2013
GMC,SIERRA 2500HD,STANDARD CAB (INCLUDING DIESEL),S224017-2,2011
GMC,SIERRA 3500HD,STANDARD CAB (INCLUDING DIESEL),S224017-2,2011
GMC,SIERRA 2500HD,CREW CAB (INCLUDING DIESEL),S224013-2,2013
GMC,SIERRA 3500HD,CREW CAB (INCLUDING DIESEL),S224013-2,2013
CHEVROLET,SILVERADO 1500,EXTENDED CAB (BUSHING MOUNT),S224009,2011
CHEVROLET,SILVERADO 1500,STANDARD CAB (BUSHING MOUNT),S224017,2011
CHEVROLET,SILVERADO 1500,CREW CAB (BUSHING MOUNT),S224013,2013
CHEVROLET,SILVERADO 2500HD,EXTENDED CAB (INCLUDING DIESEL),S224009,2013
CHEVROLET,SILVERADO 3500HD,EXTENDED CAB (INCLUDING DIESEL),S224009,2013
CHEVROLET,SILVERADO 2500HD,STANDARD CAB (INCLUDING DIESEL),S224017,2011
CHEVROLET,SILVERADO 3500HD,STANDARD CAB (INCLUDING DIESEL),S224017,2011
CHEVROLET,SILVERADO 2500HD,CREW CAB (INCLUDING DIESEL),S224013,2013
CHEVROLET,SILVERADO 3500HD,CREW CAB (INCLUDING DIESEL),S224013,2013
FORD,F-250,SUPER DUTY (CREW CAB),S223006,2011
FORD,F-350,SUPER DUTY (CREW CAB),S223006,2011
FORD,F-250,SUPER DUTY (EXTENDED CAB),S223005,2011
FORD,F-350,SUPER DUTY (EXTENDED CAB),S223005,2011
GMC,SIERRA 1500,EXTENDED CAB (BUSHING MOUNT),S224009,2011
GMC,SIERRA 1500,STANDARD CAB (BUSHING MOUNT),S224017,2011
GMC,SIERRA 1500,CREW CAB (BUSHING MOUNT),S224013,2013
GMC,SIERRA 2500HD,EXTENDED CAB (INCLUDING DIESEL),S224009,2013
GMC,SIERRA 3500HD,EXTENDED CAB (INCLUDING DIESEL),S224009,2013
GMC,SIERRA 2500HD,STANDARD CAB (INCLUDING DIESEL),S224017,2011
GMC,SIERRA 3500HD,STANDARD CAB (INCLUDING DIESEL),S224017,2011
GMC,SIERRA 2500HD,CREW CAB (INCLUDING DIESEL),S224013,2013
GMC,SIERRA 3500HD,CREW CAB (INCLUDING DIESEL),S224013,2013
CHEVROLET,SILVERADO 1500,EXTENDED CAB (BUSHING MOUNT),S224009-2,2012
CHEVROLET,SILVERADO 1500,STANDARD CAB (BUSHING MOUNT),S224017-2,2012
CHEVROLET,SILVERADO 2500HD,EXTENDED CAB (INCLUDING DIESEL),S224009-2,2014
CHEVROLET,SILVERADO 3500HD,EXTENDED CAB (INCLUDING DIESEL),S224009-2,2014
CHEVROLET,SILVERADO 2500HD,STANDARD CAB (INCLUDING DIESEL),S224017-2,2012
CHEVROLET,SILVERADO 3500HD,STANDARD CAB (INCLUDING DIESEL),S224017-2,2012
CHEVROLET,SILVERADO 2500HD,CREW CAB (INCLUDING DIESEL),S224013-2,2014
CHEVROLET,SILVERADO 3500HD,CREW CAB (INCLUDING DIESEL),S224013-2,2014
FORD,F-250,SUPER DUTY (CREW CAB),S223006-2,2012
FORD,F-350,SUPER DUTY (CREW CAB),S223006-2,2012
FORD,F-250,SUPER DUTY (EXTENDED CAB),S223005-2,2012
FORD,F-350,SUPER DUTY (EXTENDED CAB),S223005-2,2012
GMC,SIERRA 1500,EXTENDED CAB (BUSHING MOUNT),S224009-2,2012
GMC,SIERRA 1500,STANDARD CAB (BUSHING MOUNT),S224017-2,2012
GMC,SIERRA 2500HD,EXTENDED CAB (INCLUDING DIESEL),S224009-2,2014
GMC,SIERRA 3500HD,EXTENDED CAB (INCLUDING DIESEL),S224009-2,2014
GMC,SIERRA 2500HD,STANDARD CAB (INCLUDING DIESEL),S224017-2,2012
GMC,SIERRA 3500HD,STANDARD CAB (INCLUDING DIESEL),S224017-2,2012
GMC,SIERRA 2500HD,CREW CAB (INCLUDING DIESEL),S224013-2,2014
GMC,SIERRA 3500HD,CREW CAB (INCLUDING DIESEL),S224013-2,2014
CHEVROLET,SILVERADO 1500,EXTENDED CAB (BUSHING MOUNT),S224009,2012
CHEVROLET,SILVERADO 1500,STANDARD CAB (BUSHING MOUNT),S224017,2012
CHEVROLET,SILVERADO 2500HD,EXTENDED CAB (INCLUDING DIESEL),S224009,2014
CHEVROLET,SILVERADO 3500HD,EXTENDED CAB (INCLUDING DIESEL),S224009,2014
CHEVROLET,SILVERADO 2500HD,STANDARD CAB (INCLUDING DIESEL),S224017,2012
CHEVROLET,SILVERADO 3500HD,STANDARD CAB (INCLUDING DIESEL),S224017,2012
CHEVROLET,SILVERADO 2500HD,CREW CAB (INCLUDING DIESEL),S224013,2014
CHEVROLET,SILVERADO 3500HD,CREW CAB (INCLUDING DIESEL),S224013,2014
FORD,F-250,SUPER DUTY (CREW CAB),S223006,2012
FORD,F-350,SUPER DUTY (CREW CAB),S223006,2012
FORD,F-250,SUPER DUTY (EXTENDED CAB),S223005,2012
FORD,F-350,SUPER DUTY (EXTENDED CAB),S223005,2012
GMC,SIERRA 1500,EXTENDED CAB (BUSHING MOUNT),S224009,2012
GMC,SIERRA 1500,STANDARD CAB (BUSHING MOUNT),S224017,2012
GMC,SIERRA 2500HD,EXTENDED CAB (INCLUDING DIESEL),S224009,2014
GMC,SIERRA 3500HD,EXTENDED CAB (INCLUDING DIESEL),S224009,2014
GMC,SIERRA 2500HD,STANDARD CAB (INCLUDING DIESEL),S224017,2012
GMC,SIERRA 3500HD,STANDARD CAB (INCLUDING DIESEL),S224017,2012
GMC,SIERRA 2500HD,CREW CAB (INCLUDING DIESEL),S224013,2014
GMC,SIERRA 3500HD,CREW CAB (INCLUDING DIESEL),S224013,2014
CHEVROLET,SILVERADO 1500,EXTENDED CAB (BUSHING MOUNT),S224009-2,2013
CHEVROLET,SILVERADO 1500,STANDARD CAB (BUSHING MOUNT),S224017-2,2013
CHEVROLET,SILVERADO 2500HD,STANDARD CAB (INCLUDING DIESEL),S224017-2,2013
CHEVROLET,SILVERADO 3500HD,STANDARD CAB (INCLUDING DIESEL),S224017-2,2013
FORD,F-250,SUPER DUTY (CREW CAB),S223006-2,2013
FORD,F-350,SUPER DUTY (CREW CAB),S223006-2,2013
FORD,F-250,SUPER DUTY (EXTENDED CAB),S223005-2,2013
FORD,F-350,SUPER DUTY (EXTENDED CAB),S223005-2,2013
GMC,SIERRA 1500,EXTENDED CAB (BUSHING MOUNT),S224009-2,2013
GMC,SIERRA 1500,STANDARD CAB (BUSHING MOUNT),S224017-2,2013
GMC,SIERRA 2500HD,STANDARD CAB (INCLUDING DIESEL),S224017-2,2013
GMC,SIERRA 3500HD,STANDARD CAB (INCLUDING DIESEL),S224017-2,2013
CHEVROLET,SILVERADO 1500,EXTENDED CAB (BUSHING MOUNT),S224009,2013
CHEVROLET,SILVERADO 1500,STANDARD CAB (BUSHING MOUNT),S224017,2013
CHEVROLET,SILVERADO 2500HD,STANDARD CAB (INCLUDING DIESEL),S224017,2013
CHEVROLET,SILVERADO 3500HD,STANDARD CAB (INCLUDING DIESEL),S224017,2013
FORD,F-250,SUPER DUTY (CREW CAB),S223006,2013
FORD,F-350,SUPER DUTY (CREW CAB),S223006,2013
FORD,F-250,SUPER DUTY (EXTENDED CAB),S223005,2013
FORD,F-350,SUPER DUTY (EXTENDED CAB),S223005,2013
GMC,SIERRA 1500,EXTENDED CAB (BUSHING MOUNT),S224009,2013
GMC,SIERRA 1500,STANDARD CAB (BUSHING MOUNT),S224017,2013
GMC,SIERRA 2500HD,STANDARD CAB (INCLUDING DIESEL),S224017,2013
GMC,SIERRA 3500HD,STANDARD CAB (INCLUDING DIESEL),S224017,2013
CHEVROLET,SILVERADO 2500HD,STANDARD CAB (INCLUDING DIESEL),S224017-2,2014
CHEVROLET,SILVERADO 3500HD,STANDARD CAB (INCLUDING DIESEL),S224017-2,2014
FORD,F-250,SUPER DUTY (CREW CAB),S223006-2,2014
FORD,F-350,SUPER DUTY (CREW CAB),S223006-2,2014
FORD,F-250,SUPER DUTY (EXTENDED CAB),S223005-2,2014
FORD,F-350,SUPER DUTY (EXTENDED CAB),S223005-2,2014
GMC,SIERRA 2500HD,STANDARD CAB (INCLUDING DIESEL),S224017-2,2014
GMC,SIERRA 3500HD,STANDARD CAB (INCLUDING DIESEL),S224017-2,2014
CHEVROLET,SILVERADO 2500HD,STANDARD CAB (INCLUDING DIESEL),S224017,2014
CHEVROLET,SILVERADO 3500HD,STANDARD CAB (INCLUDING DIESEL),S224017,2014
FORD,F-250,SUPER DUTY (CREW CAB),S223006,2014
FORD,F-350,SUPER DUTY (CREW CAB),S223006,2014
FORD,F-250,SUPER DUTY (EXTENDED CAB),S223005,2014
FORD,F-350,SUPER DUTY (EXTENDED CAB),S223005,2014
GMC,SIERRA 2500HD,STANDARD CAB (INCLUDING DIESEL),S224017,2014
GMC,SIERRA 3500HD,STANDARD CAB (INCLUDING DIESEL),S224017,2014
FORD,F-250,SUPER DUTY (CREW CAB),S223006-2,2015
FORD,F-350,SUPER DUTY (CREW CAB),S223006-2,2015
FORD,F-250,SUPER DUTY (EXTENDED CAB),S223005-2,2015
FORD,F-350,SUPER DUTY (EXTENDED CAB),S223005-2,2015
FORD,F-250,SUPER DUTY (CREW CAB),S223006,2015
FORD,F-350,SUPER DUTY (CREW CAB),S223006,2015
FORD,F-250,SUPER DUTY (EXTENDED CAB),S223005,2015
FORD,F-350,SUPER DUTY (EXTENDED CAB),S223005,2015