4049-2,CADILLAC,ESCALADE,,2002
4049-2,CADILLAC,ESCALADE,,2003
4049-2,CADILLAC,ESCALADE,,2004
4049-2,CADILLAC,ESCALADE,,2005
4049-2,CADILLAC,ESCALADE,,2006
4049-2,CADILLAC,ESCALADE EXT,,2002
4049-2,CADILLAC,ESCALADE EXT,,2003
4049-2,CADILLAC,ESCALADE EXT,,2004
4049-2,CADILLAC,ESCALADE EXT,,2005
4049-2,CADILLAC,ESCALADE EXT,,2006
4066-2,CADILLAC,ESCALADE,,2007
4066-2,CADILLAC,ESCALADE,,2008
4066-2,CADILLAC,ESCALADE,,2009
4066-2,CADILLAC,ESCALADE,,2010
4066-2,CADILLAC,ESCALADE,,2011
4066-2,CADILLAC,ESCALADE,,2012
4066-2,CADILLAC,ESCALADE,,2013
4066-2,CADILLAC,ESCALADE,,2014
4066-2,CADILLAC,ESCALADE EXT,,2007
4066-2,CADILLAC,ESCALADE EXT,,2008
4066-2,CADILLAC,ESCALADE EXT,,2009
4066-2,CADILLAC,ESCALADE EXT,,2010
4066-2,CADILLAC,ESCALADE EXT,,2011
4066-2,CADILLAC,ESCALADE EXT,,2012
4066-2,CADILLAC,ESCALADE EXT,,2013
4066-2,CADILLAC,ESCALADE EXT,,2014
4052-2,CHEVROLET,AVALANCHE 1500,WITH PLASTIC CLAD ONLY,2002
4052-2,CHEVROLET,AVALANCHE 1500,WITH PLASTIC CLAD ONLY,2003
4052-2,CHEVROLET,AVALANCHE 1500,WITH PLASTIC CLAD ONLY,2004
4052-2,CHEVROLET,AVALANCHE 1500,WITH PLASTIC CLAD ONLY,2005
4052-2,CHEVROLET,AVALANCHE 1500,WITH PLASTIC CLAD ONLY,2006
4059-2,CHEVROLET,AVALANCHE 1500,WITHOUT PLASTIC CLAD ONLY,2003
4059-2,CHEVROLET,AVALANCHE 1500,WITHOUT PLASTIC CLAD ONLY,2004
4059-2,CHEVROLET,AVALANCHE 1500,WITHOUT PLASTIC CLAD ONLY,2005
4059-2,CHEVROLET,AVALANCHE 1500,WITHOUT PLASTIC CLAD ONLY,2006
4065-2,CHEVROLET,AVALANCHE 1500,INCLUDING HYBRID MODELS,2007
4065-2,CHEVROLET,AVALANCHE 1500,INCLUDING HYBRID MODELS,2008
4065-2,CHEVROLET,AVALANCHE 1500,INCLUDING HYBRID MODELS,2009
4065-2,CHEVROLET,AVALANCHE 1500,INCLUDING HYBRID MODELS,2010
4065-2,CHEVROLET,AVALANCHE 1500,INCLUDING HYBRID MODELS,2011
4065-2,CHEVROLET,AVALANCHE 1500,INCLUDING HYBRID MODELS,2012
4065-2,CHEVROLET,AVALANCHE 1500,INCLUDING HYBRID MODELS,2013
4042-2,CHEVROLET,C/K PICKUP,,1988
4042-2,CHEVROLET,C/K PICKUP,,1989
4042-2,CHEVROLET,C/K PICKUP,,1990
4042-2,CHEVROLET,C/K PICKUP,,1991
4042-2,CHEVROLET,C/K PICKUP,,1992
4042-2,CHEVROLET,C/K PICKUP,,1993
4042-2,CHEVROLET,C/K PICKUP,,1994
4042-2,CHEVROLET,C/K PICKUP,,1995
4042-2,CHEVROLET,C/K PICKUP,,1996
4042-2,CHEVROLET,C/K PICKUP,,1997
4042-2,CHEVROLET,C/K PICKUP,,1998
4080-2,CHEVROLET,COLORADO,INCLUDING OFFROAD-4WD PACKAGES FOR Z71 SUBMODEL,2004
4080-2,CHEVROLET,COLORADO,INCLUDING OFFROAD-4WD PACKAGES FOR Z71 SUBMODEL,2005
4080-2,CHEVROLET,COLORADO,INCLUDING OFFROAD-4WD PACKAGES FOR Z71 SUBMODEL,2006
4080-2,CHEVROLET,COLORADO,INCLUDING OFFROAD-4WD PACKAGES FOR Z71 SUBMODEL,2007
4080-2,CHEVROLET,COLORADO,INCLUDING OFFROAD-4WD PACKAGES FOR Z71 SUBMODEL,2008
4080-2,CHEVROLET,COLORADO,INCLUDING OFFROAD-4WD PACKAGES FOR Z71 SUBMODEL (REMOVAL OF FRONT CROSS BAR IS REQUIRED),2009
4080-2,CHEVROLET,COLORADO,INCLUDING OFFROAD-4WD PACKAGES FOR Z71 SUBMODEL (REMOVAL OF FRONT CROSS BAR IS REQUIRED),2010
4080-2,CHEVROLET,COLORADO,INCLUDING OFFROAD-4WD PACKAGES FOR Z71 SUBMODEL,2011
4080-2,CHEVROLET,COLORADO,INCLUDING OFFROAD-4WD PACKAGES FOR Z71 SUBMODEL,2012
4080-2,CHEVROLET,COLORADO,INCLUDING OFFROAD-4WD PACKAGES FOR Z71 SUBMODEL,2013
4080-2,CHEVROLET,COLORADO,INCLUDING OFFROAD-4WD PACKAGES FOR Z71 SUBMODEL,2014
4088-2,CHEVROLET,COLORADO,INCLUDING OFFROAD-4WD PACKAGES FOR Z71 SUBMODEL,2015
4043-2,CHEVROLET,SILVERADO 1500,,1999
4043-2,CHEVROLET,SILVERADO 1500,,2000
4043-2,CHEVROLET,SILVERADO 1500,,2001
4043-2,CHEVROLET,SILVERADO 1500,,2002
4059-2,CHEVROLET,SILVERADO 1500,,2003
4059-2,CHEVROLET,SILVERADO 1500,,2004
4059-2,CHEVROLET,SILVERADO 1500,,2005
4059-2,CHEVROLET,SILVERADO 1500,,2006
4059-2,CHEVROLET,SILVERADO 1500,CLASSIC ONLY,2007
4068-2,CHEVROLET,SILVERADO 1500,,2007
4068-2,CHEVROLET,SILVERADO 1500,,2008
4068-2,CHEVROLET,SILVERADO 1500,,2009
4068-2,CHEVROLET,SILVERADO 1500,,2010
4068-2,CHEVROLET,SILVERADO 1500,,2011
4068-2,CHEVROLET,SILVERADO 1500,,2012
4068-2,CHEVROLET,SILVERADO 1500,,2013
4083-2,CHEVROLET,SILVERADO 1500,,2014
4083-2,CHEVROLET,SILVERADO 1500,,2015
4050-2,CHEVROLET,SILVERADO 2500HD,,2000
4050-2,CHEVROLET,SILVERADO 2500HD,,2001
4050-2,CHEVROLET,SILVERADO 2500HD,,2002
4050-2,CHEVROLET,SILVERADO 3500HD,,2000
4050-2,CHEVROLET,SILVERADO 3500HD,,2001
4050-2,CHEVROLET,SILVERADO 3500HD,,2002
4061-2,CHEVROLET,SILVERADO 2500HD,,2003
4061-2,CHEVROLET,SILVERADO 2500HD,,2004
4061-2,CHEVROLET,SILVERADO 2500HD,,2005
4061-2,CHEVROLET,SILVERADO 2500HD,,2006
4061-2,CHEVROLET,SILVERADO 3500HD,,2003
4061-2,CHEVROLET,SILVERADO 3500HD,,2004
4061-2,CHEVROLET,SILVERADO 3500HD,,2005
4061-2,CHEVROLET,SILVERADO 3500HD,,2006
4061-2,CHEVROLET,SILVERADO 2500HD,CLASSIC ONLY,2007
4061-2,CHEVROLET,SILVERADO 3500HD,CLASSIC ONLY,2007
4069-2,CHEVROLET,SILVERADO 2500HD,,2007
4069-2,CHEVROLET,SILVERADO 2500HD,,2008
4069-2,CHEVROLET,SILVERADO 2500HD,,2009
4069-2,CHEVROLET,SILVERADO 2500HD,,2010
4069-2,CHEVROLET,SILVERADO 3500HD,,2007
4069-2,CHEVROLET,SILVERADO 3500HD,,2008
4069-2,CHEVROLET,SILVERADO 3500HD,,2009
4069-2,CHEVROLET,SILVERADO 3500HD,,2010
4081-2,CHEVROLET,SILVERADO 2500HD,,2011
4081-2,CHEVROLET,SILVERADO 2500HD,,2012
4081-2,CHEVROLET,SILVERADO 2500HD,,2013
4081-2,CHEVROLET,SILVERADO 2500HD,,2014
4081-2,CHEVROLET,SILVERADO 3500HD,,2011
4081-2,CHEVROLET,SILVERADO 3500HD,,2012
4081-2,CHEVROLET,SILVERADO 3500HD,,2013
4081-2,CHEVROLET,SILVERADO 3500HD,,2014
4085-2,CHEVROLET,SILVERADO 2500HD,,2015
4085-2,CHEVROLET,SILVERADO 3500HD,,2015
4042-2,CHEVROLET,SUBURBAN,,1992
4042-2,CHEVROLET,SUBURBAN,,1993
4042-2,CHEVROLET,SUBURBAN,,1994
4042-2,CHEVROLET,SUBURBAN,,1995
4042-2,CHEVROLET,SUBURBAN,,1996
4042-2,CHEVROLET,SUBURBAN,,1997
4042-2,CHEVROLET,SUBURBAN,,1998
4042-2,CHEVROLET,SUBURBAN,,1999
4043-2,CHEVROLET,SUBURBAN 1500,,2000
4043-2,CHEVROLET,SUBURBAN 1500,,2001
4043-2,CHEVROLET,SUBURBAN 1500,,2002
4043-2,CHEVROLET,SUBURBAN 1500,,2003
4043-2,CHEVROLET,SUBURBAN 1500,,2004
4043-2,CHEVROLET,SUBURBAN 1500,,2005
4043-2,CHEVROLET,SUBURBAN 1500,,2006
4065-2,CHEVROLET,SUBURBAN 1500,,2007
4065-2,CHEVROLET,SUBURBAN 1500,,2008
4065-2,CHEVROLET,SUBURBAN 1500,,2009
4065-2,CHEVROLET,SUBURBAN 1500,,2010
4065-2,CHEVROLET,SUBURBAN 1500,,2011
4065-2,CHEVROLET,SUBURBAN 1500,,2012
4065-2,CHEVROLET,SUBURBAN 1500,,2013
4065-2,CHEVROLET,SUBURBAN 1500,,2014
4042-2,CHEVROLET,TAHOE,,1995
4042-2,CHEVROLET,TAHOE,,1996
4042-2,CHEVROLET,TAHOE,,1997
4042-2,CHEVROLET,TAHOE,,1998
4042-2,CHEVROLET,TAHOE,,1999
4043-2,CHEVROLET,TAHOE,,2000
4043-2,CHEVROLET,TAHOE,,2001
4043-2,CHEVROLET,TAHOE,,2002
4043-2,CHEVROLET,TAHOE,,2003
4043-2,CHEVROLET,TAHOE,,2004
4043-2,CHEVROLET,TAHOE,,2005
4043-2,CHEVROLET,TAHOE,,2006
4065-2,CHEVROLET,TAHOE 1500,,2007
4065-2,CHEVROLET,TAHOE 1500,,2008
4065-2,CHEVROLET,TAHOE 1500,,2009
4065-2,CHEVROLET,TAHOE 1500,,2010
4065-2,CHEVROLET,TAHOE 1500,,2011
4065-2,CHEVROLET,TAHOE 1500,,2012
4065-2,CHEVROLET,TAHOE 1500,,2013
4065-2,CHEVROLET,TAHOE 1500,,2014
4087-2,CHEVROLET,TAHOE 1500,,2015
5041-2,DODGE,DAKOTA,,1997
5041-2,DODGE,DAKOTA,,1998
5041-2,DODGE,DAKOTA,,1999
5041-2,DODGE,DAKOTA,,2000
5041-2,DODGE,DAKOTA,,2001
5041-2,DODGE,DAKOTA,,2002
5041-2,DODGE,DAKOTA,,2003
5041-2,DODGE,DAKOTA,,2004
5055-2,DODGE,DAKOTA,,2005
5055-2,DODGE,DAKOTA,,2006
5055-2,DODGE,DAKOTA,,2007
5055-2,DODGE,DAKOTA,,2008
5055-2,DODGE,DAKOTA,,2009
5055-2,DODGE,DAKOTA,,2010
5055-2,DODGE,DAKOTA,,2011
5055-2,DODGE,DAKOTA,,2012
5055-2,DODGE,DAKOTA,,2013
5057-2,DODGE,DURANGO,,2011
5057-2,DODGE,DURANGO,,2012
5057-2,DODGE,DURANGO,,2013
5041-2,DODGE,DURANGO / SPORT,,1998
5041-2,DODGE,DURANGO / SPORT,,1999
5041-2,DODGE,DURANGO / SPORT,,2000
5041-2,DODGE,DURANGO / SPORT,,2001
5041-2,DODGE,DURANGO / SPORT,,2002
5041-2,DODGE,DURANGO / SPORT,,2003
5051-2,DODGE,NITRO,,2007
5051-2,DODGE,NITRO,,2008
5051-2,DODGE,NITRO,,2009
5051-2,DODGE,NITRO,,2010
5051-2,DODGE,NITRO,,2011
5051-2,DODGE,NITRO,,2012
5051-2,DODGE,NITRO,,2013
5042-2,DODGE,RAM 1500,,1994
5042-2,DODGE,RAM 1500,,1995
5042-2,DODGE,RAM 1500,,1996
5042-2,DODGE,RAM 1500,,1997
5042-2,DODGE,RAM 1500,,1998
5042-2,DODGE,RAM 1500,,1999
5042-2,DODGE,RAM 1500,,2000
5042-2,DODGE,RAM 1500,,2001
5045-2,DODGE,RAM 1500,,2002
5045-2,DODGE,RAM 1500,,2003
5045-2,DODGE,RAM 1500,,2004
5045-2,DODGE,RAM 1500,,2005
5050-2,DODGE,RAM 1500,,2006
5050-2,DODGE,RAM 1500,,2007
5050-2,DODGE,RAM 1500,TAKES 3RD HOLD ON BRACKET,2008
5058-2,DODGE,RAM 1500,,2009
5058-2,DODGE,RAM 1500,,2010
5058-2,DODGE,RAM 1500,,2011
5058-2,DODGE,RAM 1500,,2012
5058-2,DODGE,RAM 1500,,2013
5058-2,DODGE,RAM 1500,,2014
5058-2,DODGE,RAM 1500,,2015
5049-2,DODGE,RAM 1500,MEGA CAB,2006
5049-2,DODGE,RAM 1500,MEGA CAB,2007
5049-2,DODGE,RAM 1500,MEGA CAB,2008
5049-2,DODGE,RAM 1500,MEGA CAB,2009
5049-2,DODGE,RAM 2500,MEGA CAB,2006
5049-2,DODGE,RAM 2500,MEGA CAB,2007
5049-2,DODGE,RAM 2500,MEGA CAB,2008
5049-2,DODGE,RAM 2500,MEGA CAB,2009
5049-2,DODGE,RAM 3500,MEGA CAB,2006
5049-2,DODGE,RAM 3500,MEGA CAB,2007
5049-2,DODGE,RAM 3500,MEGA CAB,2008
5049-2,DODGE,RAM 3500,MEGA CAB,2009
5042-2,DODGE,RAM 2500,,1994
5042-2,DODGE,RAM 2500,,1995
5042-2,DODGE,RAM 2500,,1996
5042-2,DODGE,RAM 2500,,1997
5042-2,DODGE,RAM 2500,,1998
5042-2,DODGE,RAM 2500,,1999
5042-2,DODGE,RAM 2500,,2000
5042-2,DODGE,RAM 2500,,2001
5042-2,DODGE,RAM 2500,,2002
5042-2,DODGE,RAM 3500,,1994
5042-2,DODGE,RAM 3500,,1995
5042-2,DODGE,RAM 3500,,1996
5042-2,DODGE,RAM 3500,,1997
5042-2,DODGE,RAM 3500,,1998
5042-2,DODGE,RAM 3500,,1999
5042-2,DODGE,RAM 3500,,2000
5042-2,DODGE,RAM 3500,,2001
5042-2,DODGE,RAM 3500,,2002
5046-2,DODGE,RAM 2500,,2003
5046-2,DODGE,RAM 2500,,2004
5046-2,DODGE,RAM 2500,,2005
5046-2,DODGE,RAM 3500,,2003
5046-2,DODGE,RAM 3500,,2004
5046-2,DODGE,RAM 3500,,2005
5049-2,DODGE,RAM 2500,INCLUDING DIESEL,2006
5049-2,DODGE,RAM 2500,INCLUDING DIESEL,2007
5049-2,DODGE,RAM 2500,INCLUDING DIESEL,2008
5049-2,DODGE,RAM 2500,INCLUDING DIESEL,2009
5049-2,DODGE,RAM 3500,INCLUDING DIESEL,2006
5049-2,DODGE,RAM 3500,INCLUDING DIESEL,2007
5049-2,DODGE,RAM 3500,INCLUDING DIESEL,2008
5049-2,DODGE,RAM 3500,INCLUDING DIESEL,2009
5056-2,DODGE,RAM 2500,CREW CAB,2010
5056-2,DODGE,RAM 2500,CREW CAB,2011
5056-2,DODGE,RAM 2500,CREW CAB,2012
5056-2,DODGE,RAM 2500,CREW CAB,2013
5056-2,DODGE,RAM 2500,CREW CAB,2014
5056-2,DODGE,RAM 2500,CREW CAB,2015
5056-2,DODGE,RAM 3500,CREW CAB,2010
5056-2,DODGE,RAM 3500,CREW CAB,2011
5056-2,DODGE,RAM 3500,CREW CAB,2012
5056-2,DODGE,RAM 3500,CREW CAB,2013
5056-2,DODGE,RAM 3500,CREW CAB,2014
5056-2,DODGE,RAM 3500,CREW CAB,2015
5056-2,DODGE,RAM 2500,MEGA CAB,2010
5056-2,DODGE,RAM 2500,MEGA CAB,2011
5056-2,DODGE,RAM 2500,MEGA CAB,2012
5056-2,DODGE,RAM 2500,MEGA CAB,2013
5056-2,DODGE,RAM 2500,MEGA CAB,2014
5056-2,DODGE,RAM 2500,MEGA CAB,2015
5056-2,DODGE,RAM 3500,MEGA CAB,2010
5056-2,DODGE,RAM 3500,MEGA CAB,2011
5056-2,DODGE,RAM 3500,MEGA CAB,2012
5056-2,DODGE,RAM 3500,MEGA CAB,2013
5056-2,DODGE,RAM 3500,MEGA CAB,2014
5056-2,DODGE,RAM 3500,MEGA CAB,2015
3049-2,FORD,ESCAPE,,2002
3049-2,FORD,ESCAPE,,2003
3049-2,FORD,ESCAPE,,2004
3058-2,FORD,ESCAPE,,2005
3058-2,FORD,ESCAPE,,2006
3058-2,FORD,ESCAPE,,2007
3062-2,FORD,ESCAPE,,2008
3062-2,FORD,ESCAPE,,2009
3062-2,FORD,ESCAPE,,2010
3062-2,FORD,ESCAPE,,2011
3062-2,FORD,ESCAPE,,2012
3045-2,FORD,EXCURSION,,2000
3045-2,FORD,EXCURSION,,2001
3045-2,FORD,EXCURSION,,2002
3045-2,FORD,EXCURSION,,2003
3045-2,FORD,EXCURSION,,2004
3057-2,FORD,EXCURSION,,2005
3057-2,FORD,EXCURSION,,2006
3042F-2,FORD,EXPEDITION,4WD ONLY,1997
3042F-2,FORD,EXPEDITION,4WD ONLY,1998
3046-2,FORD,EXPEDITION,2WD ONLY,1999
3046-2,FORD,EXPEDITION,2WD ONLY,2000
3046-2,FORD,EXPEDITION,2WD ONLY,2001
3046-2,FORD,EXPEDITION,2WD ONLY,2002
3046F-2,FORD,EXPEDITION,4WD ONLY,1999
3046F-2,FORD,EXPEDITION,4WD ONLY,2000
3046F-2,FORD,EXPEDITION,4WD ONLY,2001
3046F-2,FORD,EXPEDITION,4WD ONLY,2002
3054-2,FORD,EXPEDITION,,2003
3054-2,FORD,EXPEDITION,,2004
3054-2,FORD,EXPEDITION,,2005
3054-2,FORD,EXPEDITION,,2006
3060-2,FORD,EXPEDITION,,2007
3060-2,FORD,EXPEDITION,,2008
3060-2,FORD,EXPEDITION,,2009
3060-2,FORD,EXPEDITION,,2010
3060-2,FORD,EXPEDITION,,2011
3060-2,FORD,EXPEDITION,,2012
3060-2,FORD,EXPEDITION,,2013
3060-2,FORD,EXPEDITION,,2014
3060-2,FORD,EXPEDITION,,2015
3052-2,FORD,EXPLORER,EDDIE BAUER,2002
3052-2,FORD,EXPLORER,LIMITED,2002
3052-2,FORD,EXPLORER,XLS,2002
3052-2,FORD,EXPLORER,XLT,2002
3052-2,FORD,EXPLORER,EDDIE BAUER,2003
3052-2,FORD,EXPLORER,LIMITED,2003
3052-2,FORD,EXPLORER,XLS,2003
3052-2,FORD,EXPLORER,XLT,2003
3052-2,FORD,EXPLORER,EDDIE BAUER,2004
3052-2,FORD,EXPLORER,LIMITED,2004
3052-2,FORD,EXPLORER,NBX,2004
3052-2,FORD,EXPLORER,XLS,2004
3052-2,FORD,EXPLORER,XLT,2004
3052-2,FORD,EXPLORER,,2005
3059-2,FORD,EXPLORER,,2006
3059-2,FORD,EXPLORER,,2007
3059-2,FORD,EXPLORER,,2008
3059-2,FORD,EXPLORER,,2009
3059-2,FORD,EXPLORER,,2010
3065-2,FORD,EXPLORER,,2011
3065-2,FORD,EXPLORER,,2012
3065-2,FORD,EXPLORER,,2013
3065-2,FORD,EXPLORER,,2014
3065-2,FORD,EXPLORER,,2015
3059-2,FORD,EXPLORER SPORT TRAC,,2007
3059-2,FORD,EXPLORER SPORT TRAC,,2008
3059-2,FORD,EXPLORER SPORT TRAC,,2009
3059-2,FORD,EXPLORER SPORT TRAC,,2010
3042F-2,FORD,F-150,INCLUDING FLARESIDE (4WD ONLY),1997
3042F-2,FORD,F-150,INCLUDING FLARESIDE (4WD ONLY),1998
3046-2,FORD,F-150,INCLUDING FLARESIDE (2WD ONLY),1999
3046-2,FORD,F-150,INCLUDING FLARESIDE (2WD ONLY),2000
3046-2,FORD,F-150,INCLUDING FLARESIDE (2WD ONLY),2001
3046-2,FORD,F-150,INCLUDING FLARESIDE (2WD ONLY),2002
3046-2,FORD,F-150,INCLUDING FLARESIDE (2WD ONLY),2003
3046F-2,FORD,F-150,INCLUDING FLARESIDE (4WD ONLY),1999
3046F-2,FORD,F-150,INCLUDING FLARESIDE (4WD ONLY),2000
3046F-2,FORD,F-150,INCLUDING FLARESIDE (4WD ONLY),2001
3046F-2,FORD,F-150,INCLUDING FLARESIDE (4WD ONLY),2002
3046F-2,FORD,F-150,INCLUDING FLARESIDE (4WD ONLY),2003
3056-2,FORD,F-150,,2004
3056-2,FORD,F-150,,2005
3056-2,FORD,F-150,,2006
3056-2,FORD,F-150,,2007
3056-2,FORD,F-150,,2008
3063-2,FORD,F-150,QUICK RELEASE TILT (ALLOWS ORIGINAL TOW HOOKS),2009
3063-2,FORD,F-150,QUICK RELEASE TILT (ALLOWS ORIGINAL TOW HOOKS),2010
3063-2,FORD,F-150,QUICK RELEASE TILT (ALLOWS ORIGINAL TOW HOOKS),2011
3063-2,FORD,F-150,QUICK RELEASE TILT (ALLOWS ORIGINAL TOW HOOKS),2012
3063-2,FORD,F-150,QUICK RELEASE TILT (ALLOWS ORIGINAL TOW HOOKS),2013
3063-2,FORD,F-150,QUICK RELEASE TILT (ALLOWS ORIGINAL TOW HOOKS),2014
3066-2,FORD,F-150,,2015
3045-2,FORD,F-250,SUPER DUTY,1999
3045-2,FORD,F-250,SUPER DUTY,2000
3045-2,FORD,F-250,SUPER DUTY,2001
3045-2,FORD,F-250,SUPER DUTY,2002
3045-2,FORD,F-250,SUPER DUTY,2003
3045-2,FORD,F-250,SUPER DUTY,2004
3045-2,FORD,F-350,SUPER DUTY,1999
3045-2,FORD,F-350,SUPER DUTY,2000
3045-2,FORD,F-350,SUPER DUTY,2001
3045-2,FORD,F-350,SUPER DUTY,2002
3045-2,FORD,F-350,SUPER DUTY,2003
3045-2,FORD,F-350,SUPER DUTY,2004
3057-2,FORD,F-250,SUPER DUTY,2005
3057-2,FORD,F-250,SUPER DUTY,2006
3057-2,FORD,F-250,SUPER DUTY,2007
3057-2,FORD,F-350,SUPER DUTY,2005
3057-2,FORD,F-350,SUPER DUTY,2006
3057-2,FORD,F-350,SUPER DUTY,2007
3061-2,FORD,F-250,SUPER DUTY,2008
3061-2,FORD,F-250,SUPER DUTY,2009
3061-2,FORD,F-250,SUPER DUTY,2010
3061-2,FORD,F-350,SUPER DUTY,2008
3061-2,FORD,F-350,SUPER DUTY,2009
3061-2,FORD,F-350,SUPER DUTY,2010
3061-2,FORD,F-450,SUPER DUTY,2008
3061-2,FORD,F-450,SUPER DUTY,2009
3061-2,FORD,F-450,SUPER DUTY,2010
3061-2,FORD,F-550,SUPER DUTY (WITHOUT FENDER FLARES),2008
3061-2,FORD,F-550,SUPER DUTY (WITHOUT FENDER FLARES),2009
3061-2,FORD,F-550,SUPER DUTY (WITHOUT FENDER FLARES),2010
3064-2,FORD,F-250,SUPER DUTY (ALLOWS FOR ORIGINAL TOW HOOKS),2011
3064-2,FORD,F-250,SUPER DUTY (ALLOWS FOR ORIGINAL TOW HOOKS),2012
3064-2,FORD,F-250,SUPER DUTY (ALLOWS FOR ORIGINAL TOW HOOKS),2013
3064-2,FORD,F-250,SUPER DUTY (ALLOWS FOR ORIGINAL TOW HOOKS),2014
3064-2,FORD,F-250,SUPER DUTY (ALLOWS FOR ORIGINAL TOW HOOKS),2015
3064-2,FORD,F-350,SUPER DUTY (ALLOWS FOR ORIGINAL TOW HOOKS),2011
3064-2,FORD,F-350,SUPER DUTY (ALLOWS FOR ORIGINAL TOW HOOKS),2012
3064-2,FORD,F-350,SUPER DUTY (ALLOWS FOR ORIGINAL TOW HOOKS),2013
3064-2,FORD,F-350,SUPER DUTY (ALLOWS FOR ORIGINAL TOW HOOKS),2014
3064-2,FORD,F-350,SUPER DUTY (ALLOWS FOR ORIGINAL TOW HOOKS),2015
3064-2,FORD,F-450,SUPER DUTY (ALLOWS FOR ORIGINAL TOW HOOKS),2011
3064-2,FORD,F-450,SUPER DUTY (ALLOWS FOR ORIGINAL TOW HOOKS),2012
3064-2,FORD,F-450,SUPER DUTY (ALLOWS FOR ORIGINAL TOW HOOKS),2013
3064-2,FORD,F-450,SUPER DUTY (ALLOWS FOR ORIGINAL TOW HOOKS),2014
3064-2,FORD,F-450,SUPER DUTY (ALLOWS FOR ORIGINAL TOW HOOKS),2015
3064-2,FORD,F-550,SUPER DUTY (ALLOWS FOR ORIGINAL TOW HOOKS),2011
3064-2,FORD,F-550,SUPER DUTY (ALLOWS FOR ORIGINAL TOW HOOKS),2012
3064-2,FORD,F-550,SUPER DUTY (ALLOWS FOR ORIGINAL TOW HOOKS),2013
3064-2,FORD,F-550,SUPER DUTY (ALLOWS FOR ORIGINAL TOW HOOKS),2014
3064-2,FORD,F-550,SUPER DUTY (ALLOWS FOR ORIGINAL TOW HOOKS),2015
3053-2,FORD,RANGER,XLT,2001
3053-2,FORD,RANGER,XLT,2002
3053-2,FORD,RANGER,XLT,2003
3053-2,FORD,RANGER,XLT,2004
3053-2,FORD,RANGER,XLT,2005
3053-2,FORD,RANGER,XLT,2006
3053-2,FORD,RANGER,XLT,2007
3053-2,FORD,RANGER,XLT,2008
3053-2,FORD,RANGER,XLT,2009
3053-2,FORD,RANGER,XLT,2010
3053-2,FORD,RANGER,XLT,2011
3053-2,FORD,RANGER,XLT,2012
3053-2,FORD,RANGER,EDGE,2001
3053-2,FORD,RANGER,EDGE,2002
3053-2,FORD,RANGER,EDGE,2003
3053-2,FORD,RANGER,EDGE,2004
3053-2,FORD,RANGER,EDGE,2005
3053-2,FORD,RANGER,EDGE,2006
3053-2,FORD,RANGER,EDGE,2007
3053-2,FORD,RANGER,EDGE,2008
3053-2,FORD,RANGER,EDGE,2009
3053-2,FORD,RANGER,EDGE,2010
3053-2,FORD,RANGER,EDGE,2011
3053-2,FORD,RANGER,EDGE,2012
4042-2,GMC,C/K PICKUP,,1988
4042-2,GMC,C/K PICKUP,,1989
4042-2,GMC,C/K PICKUP,,1990
4042-2,GMC,C/K PICKUP,,1991
4042-2,GMC,C/K PICKUP,,1992
4042-2,GMC,C/K PICKUP,,1993
4042-2,GMC,C/K PICKUP,,1994
4042-2,GMC,C/K PICKUP,,1995
4042-2,GMC,C/K PICKUP,,1996
4042-2,GMC,C/K PICKUP,,1997
4042-2,GMC,C/K PICKUP,,1998
4080-2,GMC,CANYON,INCLUDING OFFROAD-4WD PACKAGES FOR Z71 SUBMODEL,2004
4080-2,GMC,CANYON,INCLUDING OFFROAD-4WD PACKAGES FOR Z71 SUBMODEL,2005
4080-2,GMC,CANYON,INCLUDING OFFROAD-4WD PACKAGES FOR Z71 SUBMODEL,2006
4080-2,GMC,CANYON,INCLUDING OFFROAD-4WD PACKAGES FOR Z71 SUBMODEL,2007
4080-2,GMC,CANYON,INCLUDING OFFROAD-4WD PACKAGES FOR Z71 SUBMODEL,2008
4080-2,GMC,CANYON,INCLUDING OFFROAD-4WD PACKAGES FOR Z71 SUBMODEL (REMOVAL OF FRONT CROSS BAR IS REQUIRED),2009
4080-2,GMC,CANYON,INCLUDING OFFROAD-4WD PACKAGES FOR Z71 SUBMODEL (REMOVAL OF FRONT CROSS BAR IS REQUIRED),2010
4080-2,GMC,CANYON,INCLUDING OFFROAD-4WD PACKAGES FOR Z71 SUBMODEL,2011
4080-2,GMC,CANYON,INCLUDING OFFROAD-4WD PACKAGES FOR Z71 SUBMODEL,2012
4080-2,GMC,CANYON,INCLUDING OFFROAD-4WD PACKAGES FOR Z71 SUBMODEL,2013
4080-2,GMC,CANYON,INCLUDING OFFROAD-4WD PACKAGES FOR Z71 SUBMODEL,2014
4088-2,GMC,CANYON,INCLUDING OFFROAD-4WD PACKAGES FOR Z71 SUBMODEL,2015
4045-2,GMC,SIERRA 1500,,1999
4045-2,GMC,SIERRA 1500,,2000
4045-2,GMC,SIERRA 1500,,2001
4045-2,GMC,SIERRA 1500,,2002
4062-2,GMC,SIERRA 1500,,2003
4062-2,GMC,SIERRA 1500,,2004
4062-2,GMC,SIERRA 1500,,2005
4062-2,GMC,SIERRA 1500,,2006
4062-2,GMC,SIERRA 1500,CLASSIC ONLY,2007
4070-2,GMC,SIERRA 1500,,2007
4070-2,GMC,SIERRA 1500,,2008
4070-2,GMC,SIERRA 1500,,2009
4070-2,GMC,SIERRA 1500,,2010
4070-2,GMC,SIERRA 1500,,2011
4070-2,GMC,SIERRA 1500,,2012
4070-2,GMC,SIERRA 1500,,2013
4084-2,GMC,SIERRA 1500,EXCLUDING DENALI,2014
4084-2,GMC,SIERRA 1500,EXCLUDING DENALI,2015
4048-2,GMC,SIERRA 2500,,1999
4048-2,GMC,SIERRA 2500,,2000
4048-2,GMC,SIERRA 2500,,2001
4048-2,GMC,SIERRA 2500,,2002
4048-2,GMC,SIERRA 3500,,1999
4048-2,GMC,SIERRA 3500,,2000
4048-2,GMC,SIERRA 3500,,2001
4048-2,GMC,SIERRA 3500,,2002
4082-2,GMC,SIERRA 2500,,2011
4082-2,GMC,SIERRA 2500,,2012
4082-2,GMC,SIERRA 2500,,2013
4082-2,GMC,SIERRA 2500,,2014
4082-2,GMC,SIERRA 3500,,2011
4082-2,GMC,SIERRA 3500,,2012
4082-2,GMC,SIERRA 3500,,2013
4082-2,GMC,SIERRA 3500,,2014
4086-2,GMC,SIERRA 2500,EXCLUDING DENALI,2015
4086-2,GMC,SIERRA 3500,EXCLUDING DENALI,2015
4063-2,GMC,SIERRA 2500HD,4WD ONLY,2003
4063-2,GMC,SIERRA 2500HD,4WD ONLY,2004
4063-2,GMC,SIERRA 2500HD,4WD ONLY,2005
4063-2,GMC,SIERRA 2500HD,4WD ONLY,2006
4063-2,GMC,SIERRA 3500HD,4WD ONLY,2003
4063-2,GMC,SIERRA 3500HD,4WD ONLY,2004
4063-2,GMC,SIERRA 3500HD,4WD ONLY,2005
4063-2,GMC,SIERRA 3500HD,4WD ONLY,2006
4063-2,GMC,SIERRA 2500HD,CLASSIC ONLY (4WD ONLY),2007
4063-2,GMC,SIERRA 3500HD,CLASSIC ONLY (4WD ONLY),2007
4071-2,GMC,SIERRA 2500HD,,2007
4071-2,GMC,SIERRA 2500HD,,2008
4071-2,GMC,SIERRA 2500HD,,2009
4071-2,GMC,SIERRA 2500HD,,2010
4071-2,GMC,SIERRA 3500HD,,2007
4071-2,GMC,SIERRA 3500HD,,2008
4071-2,GMC,SIERRA 3500HD,,2009
4071-2,GMC,SIERRA 3500HD,,2010
4042-2,GMC,YUKON,,1995
4042-2,GMC,YUKON,,1996
4042-2,GMC,YUKON,,1997
4042-2,GMC,YUKON,,1998
4042-2,GMC,YUKON,,1999
4045-2,GMC,YUKON XL 1500,,2000
4045-2,GMC,YUKON XL 1500,,2001
4045-2,GMC,YUKON XL 1500,,2002
4045-2,GMC,YUKON XL 1500,,2003
4045-2,GMC,YUKON XL 1500,,2004
4045-2,GMC,YUKON XL 1500,,2005
4045-2,GMC,YUKON XL 1500,,2006
4067-2,GMC,YUKON XL 1500,,2007
4067-2,GMC,YUKON XL 1500,,2008
4067-2,GMC,YUKON XL 1500,,2009
4067-2,GMC,YUKON XL 1500,,2010
4067-2,GMC,YUKON XL 1500,,2011
4067-2,GMC,YUKON XL 1500,,2012
4067-2,GMC,YUKON XL 1500,,2013
4067-2,GMC,YUKON XL 1500,,2014
4048-2,GMC,YUKON XL 2500 ,,2000
4048-2,GMC,YUKON XL 2500 ,,2001
4048-2,GMC,YUKON XL 2500 ,,2002
4048-2,GMC,YUKON XL 2500 ,,2003
4048-2,GMC,YUKON XL 2500 ,,2004
4048-2,GMC,YUKON XL 2500 ,,2005
4048-2,GMC,YUKON XL 2500 ,,2006
6046-2,HONDA,CRV,,2002
6046-2,HONDA,CRV,,2003
6046-2,HONDA,CRV,,2004
6048-2,HONDA,ELEMENT,,2003
6048-2,HONDA,ELEMENT,,2004
6048-2,HONDA,ELEMENT,,2005
6048-2,HONDA,ELEMENT,,2006
6048-2,HONDA,ELEMENT,,2007
6048-2,HONDA,ELEMENT,EXCLUDING SC,2008
6048-2,HONDA,ELEMENT,EXCLUDING SC,2009
6048-2,HONDA,ELEMENT,EXCLUDING SC,2010
6047-2,HONDA,PILOT,,2003
6047-2,HONDA,PILOT,,2004
6047-2,HONDA,PILOT,,2005
6051-2,HONDA,PILOT,,2006
6051-2,HONDA,PILOT,,2007
6051-2,HONDA,PILOT,,2008
6053-2,HONDA,PILOT,,2009
6053-2,HONDA,PILOT,,2010
6053-2,HONDA,PILOT,,2011
6056-2,HONDA,PILOT,,2012
6056-2,HONDA,PILOT,,2013
6056-2,HONDA,PILOT,,2014
6055-2,HONDA,RIDGELINE,,2006
6055-2,HONDA,RIDGELINE,,2007
6055-2,HONDA,RIDGELINE,,2008
6055-2,HONDA,RIDGELINE,,2009
6055-2,HONDA,RIDGELINE,,2010
6055-2,HONDA,RIDGELINE,,2011
6055-2,HONDA,RIDGELINE,,2012
4076-2,HUMMER,H2 / SUT DELUXE ,,2003
4076-2,HUMMER,H2 / SUT DELUXE ,,2004
4076-2,HUMMER,H2 / SUT DELUXE ,,2005
4076-2,HUMMER,H2 / SUT DELUXE ,,2006
4076-2,HUMMER,H2 / SUT DELUXE ,,2007
4076-2,HUMMER,H2 / SUT DELUXE ,,2008
4076-2,HUMMER,H2 / SUT DELUXE ,,2009
4077-2,HUMMER,H3,4WD ONLY,2006
4077-2,HUMMER,H3,4WD ONLY,2007
4077-2,HUMMER,H3,4WD ONLY,2008
4077-2,HUMMER,H3,4WD ONLY,2009
4077-2,HUMMER,H3,4WD ONLY,2010
4077-2,HUMMER,H3,4WD ONLY,2011
4077-2,HUMMER,H3T,4WD ONLY,2009
4077-2,HUMMER,H3T,4WD ONLY,2010
1048-2,JEEP,COMMANDER,,2006
1048-2,JEEP,COMMANDER,,2007
1048-2,JEEP,COMMANDER,,2008
1048-2,JEEP,COMMANDER,,2009
1048-2,JEEP,COMMANDER,,2010
1048-2,JEEP,COMMANDER,,2011
1046-2,JEEP,GRAND CHEROKEE,,2005
1046-2,JEEP,GRAND CHEROKEE,,2006
1046-2,JEEP,GRAND CHEROKEE,,2007
1046-2,JEEP,GRAND CHEROKEE,,2008
1046-2,JEEP,GRAND CHEROKEE,,2009
1046-2,JEEP,GRAND CHEROKEE,,2010
1052-2,JEEP,GRAND CHEROKEE,EXCLUDING SRT AND TRAIL HAWK,2011
1052-2,JEEP,GRAND CHEROKEE,EXCLUDING SRT AND TRAIL HAWK,2012
1052-2,JEEP,GRAND CHEROKEE,EXCLUDING SRT AND TRAIL HAWK,2013
1052-2,JEEP,GRAND CHEROKEE,EXCLUDING SRT AND TRAIL HAWK,2014
1052-2,JEEP,GRAND CHEROKEE,EXCLUDING SRT AND TRAIL HAWK,2015
1045-2,JEEP,LIBERTY,EXCLUDING RENEGADE,2002
1045-2,JEEP,LIBERTY,EXCLUDING RENEGADE,2003
1045-2,JEEP,LIBERTY,EXCLUDING RENEGADE,2004
1047-2,JEEP,LIBERTY,,2005
1047-2,JEEP,LIBERTY,,2006
1047-2,JEEP,LIBERTY,,2007
1051-2,JEEP,LIBERTY,NO HEADLIGHT CAGE,2008
1051-2,JEEP,LIBERTY,NO HEADLIGHT CAGE,2009
1051-2,JEEP,LIBERTY,NO HEADLIGHT CAGE,2010
1051-2,JEEP,LIBERTY,NO HEADLIGHT CAGE,2011
1051-2,JEEP,LIBERTY,NO HEADLIGHT CAGE,2012
1050-2,JEEP,WRANGLER,NO HEADLIGHT CAGE,2007
1050-2,JEEP,WRANGLER,NO HEADLIGHT CAGE,2008
1050-2,JEEP,WRANGLER,NO HEADLIGHT CAGE,2009
1050-2,JEEP,WRANGLER,NO HEADLIGHT CAGE,2010
1050-2,JEEP,WRANGLER,NO HEADLIGHT CAGE,2011
1050-2,JEEP,WRANGLER,NO HEADLIGHT CAGE,2012
1050-2,JEEP,WRANGLER,NO HEADLIGHT CAGE,2013
1050-2,JEEP,WRANGLER,NO HEADLIGHT CAGE,2014
1050-2,JEEP,WRANGLER,NO HEADLIGHT CAGE,2015
1021-2,LANDROVER,LR3,,2005
1021-2,LANDROVER,LR3,,2006
1021-2,LANDROVER,LR3,,2007
1021-2,LANDROVER,LR3,,2008
1021-2,LANDROVER,LR3,,2009
1021-2,LANDROVER,LR3,,2010
3056-2,LINCOLN,MARK LT,,2005
3056-2,LINCOLN,MARK LT,,2006
3056-2,LINCOLN,MARK LT,,2007
3056-2,LINCOLN,MARK LT,,2008
3062-2,MAZDA,TRIBUTE,,2008
3062-2,MAZDA,TRIBUTE,,2009
3062-2,MAZDA,TRIBUTE,,2010
1001-2,MERCEDES,ML 350-500,,2006
1001-2,MERCEDES,ML 350-500,,2007
1001-2,MERCEDES,ML 350-500,,2008
1001-2,MERCEDES,ML 350-500,,2009
1001-2,MERCEDES,ML 350-500,,2010
9046-2,NISSAN,ARMADA,EXCLUDING XE MODEL,2004
9046-2,NISSAN,ARMADA,EXCLUDING XE MODEL,2005
9046-2,NISSAN,ARMADA,EXCLUDING XE MODEL,2006
9046-2,NISSAN,ARMADA,EXCLUDING XE MODEL,2007
9046-2,NISSAN,ARMADA,EXCLUDING XE MODEL,2008
9046-2,NISSAN,ARMADA,EXCLUDING XE MODEL,2009
9046-2,NISSAN,ARMADA,EXCLUDING XE MODEL,2010
9046-2,NISSAN,ARMADA,EXCLUDING XE MODEL,2011
9046-2,NISSAN,ARMADA,EXCLUDING XE MODEL,2012
9046-2,NISSAN,ARMADA,EXCLUDING XE MODEL,2013
9046-2,NISSAN,ARMADA,EXCLUDING XE MODEL,2014
9047-2,NISSAN,FRONTIER,,2005
9047-2,NISSAN,FRONTIER,,2006
9047-2,NISSAN,FRONTIER,,2007
9047-2,NISSAN,FRONTIER,,2008
9047-2,NISSAN,FRONTIER,,2009
9047-2,NISSAN,FRONTIER,,2010
9047-2,NISSAN,FRONTIER,,2011
9047-2,NISSAN,FRONTIER,,2012
9047-2,NISSAN,FRONTIER,,2013
9047-2,NISSAN,FRONTIER,,2014
9047-2,NISSAN,FRONTIER,,2015
9047-2,NISSAN,PATHFINDER,,2005
9047-2,NISSAN,PATHFINDER,,2006
9047-2,NISSAN,PATHFINDER,,2007
9049-2,NISSAN,PATHFINDER,,2008
9049-2,NISSAN,PATHFINDER,,2009
9049-2,NISSAN,PATHFINDER,,2010
9049-2,NISSAN,PATHFINDER,,2011
9049-2,NISSAN,PATHFINDER,,2012
9046-2,NISSAN,TITAN,"EXCLUDING XE MODEL, INCLUDING PRO 4X",2004
9046-2,NISSAN,TITAN,"EXCLUDING XE MODEL, INCLUDING PRO 4X",2005
9046-2,NISSAN,TITAN,"EXCLUDING XE MODEL, INCLUDING PRO 4X",2006
9046-2,NISSAN,TITAN,"EXCLUDING XE MODEL, INCLUDING PRO 4X",2007
9046-2,NISSAN,TITAN,"EXCLUDING XE MODEL, INCLUDING PRO 4X",2008
9046-2,NISSAN,TITAN,"EXCLUDING XE MODEL, INCLUDING PRO 4X",2009
9046-2,NISSAN,TITAN,"EXCLUDING XE MODEL, INCLUDING PRO 4X",2010
9046-2,NISSAN,TITAN,"EXCLUDING XE MODEL, INCLUDING PRO 4X",2011
9046-2,NISSAN,TITAN,"EXCLUDING XE MODEL, INCLUDING PRO 4X",2012
9046-2,NISSAN,TITAN,"EXCLUDING XE MODEL, INCLUDING PRO 4X",2013
9046-2,NISSAN,TITAN,"EXCLUDING XE MODEL, INCLUDING PRO 4X",2014
9046-2,NISSAN,TITAN,"EXCLUDING XE MODEL, INCLUDING PRO 4X",2015
9048-2,NISSAN,XTERRA,,2005
9048-2,NISSAN,XTERRA,,2006
9048-2,NISSAN,XTERRA,,2007
9048-2,NISSAN,XTERRA,,2008
9048-2,NISSAN,XTERRA,,2009
9048-2,NISSAN,XTERRA,,2010
9048-2,NISSAN,XTERRA,,2011
9048-2,NISSAN,XTERRA,,2012
9048-2,NISSAN,XTERRA,,2013
9048-2,NISSAN,XTERRA,,2014
9048-2,NISSAN,XTERRA,,2015
2042-2,TOYOTA,4RUNNER,,1996
2042-2,TOYOTA,4RUNNER,,1997
2042-2,TOYOTA,4RUNNER,,1998
2044-2,TOYOTA,4RUNNER,,1999
2044-2,TOYOTA,4RUNNER,,2000
2044-2,TOYOTA,4RUNNER,,2001
2044-2,TOYOTA,4RUNNER,,2002
2058-2,TOYOTA,4RUNNER,,2003
2058-2,TOYOTA,4RUNNER,,2004
2058-2,TOYOTA,4RUNNER,,2005
2058-2,TOYOTA,4RUNNER,,2006
2058-2,TOYOTA,4RUNNER,,2007
2058-2,TOYOTA,4RUNNER,,2008
2058-2,TOYOTA,4RUNNER,,2009
2063-2,TOYOTA,4RUNNER,,2010
2063-2,TOYOTA,4RUNNER,,2011
2063-2,TOYOTA,4RUNNER,,2012
2063-2,TOYOTA,4RUNNER,,2013
2066-2,TOYOTA,4RUNNER,,2014
2066-2,TOYOTA,4RUNNER,,2015
2059-2,TOYOTA,FJ CRUISER,,2007
2059-2,TOYOTA,FJ CRUISER,,2008
2059-2,TOYOTA,FJ CRUISER,,2009
2059-2,TOYOTA,FJ CRUISER,,2010
2059-2,TOYOTA,FJ CRUISER,,2011
2059-2,TOYOTA,FJ CRUISER,,2012
2059-2,TOYOTA,FJ CRUISER,,2013
2059-2,TOYOTA,FJ CRUISER,,2014
2056-2,TOYOTA,HIGHLANDER,GAS AND HYBRID MODELS,2001
2056-2,TOYOTA,HIGHLANDER,GAS AND HYBRID MODELS,2002
2056-2,TOYOTA,HIGHLANDER,GAS AND HYBRID MODELS,2003
2056-2,TOYOTA,HIGHLANDER,GAS AND HYBRID MODELS,2004
2056-2,TOYOTA,HIGHLANDER,GAS AND HYBRID MODELS,2005
2056-2,TOYOTA,HIGHLANDER,GAS AND HYBRID MODELS,2006
2056-2,TOYOTA,HIGHLANDER,GAS AND HYBRID MODELS,2007
2061-2,TOYOTA,HIGHLANDER,GAS AND HYBRID MODELS,2008
2061-2,TOYOTA,HIGHLANDER,GAS AND HYBRID MODELS,2009
2061-2,TOYOTA,HIGHLANDER,GAS AND HYBRID MODELS,2010
2064-2,TOYOTA,HIGHLANDER,EXCLUDING HYBRID MODELS,2011
2064-2,TOYOTA,HIGHLANDER,EXCLUDING HYBRID MODELS,2012
2064-2,TOYOTA,HIGHLANDER,EXCLUDING HYBRID MODELS,2013
2065-2,TOYOTA,RAV4,,2006
2065-2,TOYOTA,RAV4,,2007
2065-2,TOYOTA,RAV4,,2008
2065-2,TOYOTA,RAV4,,2009
2065-2,TOYOTA,RAV4,,2010
2065-2,TOYOTA,RAV4,,2011
2065-2,TOYOTA,RAV4,,2012
2065-2,TOYOTA,RAV4,,2013
2065-2,TOYOTA,RAV4,,2014
2065-2,TOYOTA,RAV4,,2015
2048-2,TOYOTA,SEQUOIA,,2001
2048-2,TOYOTA,SEQUOIA,,2002
2048-2,TOYOTA,SEQUOIA,,2003
2048-2,TOYOTA,SEQUOIA,,2004
2055-2,TOYOTA,SEQUOIA,,2005
2055-2,TOYOTA,SEQUOIA,,2006
2055-2,TOYOTA,SEQUOIA,,2007
2067-2,TOYOTA,SEQUOIA,,2008
2067-2,TOYOTA,SEQUOIA,,2009
2067-2,TOYOTA,SEQUOIA,TRIMMING REQUIRED,2010
2067-2,TOYOTA,SEQUOIA,TRIMMING REQUIRED,2011
2067-2,TOYOTA,SEQUOIA,,2012
2067-2,TOYOTA,SEQUOIA,,2013
2067-2,TOYOTA,SEQUOIA,,2014
2067-2,TOYOTA,SEQUOIA,,2015
2042-2,TOYOTA,TACOMA,,1998
2042-2,TOYOTA,TACOMA,,1999
2042-2,TOYOTA,TACOMA,,2000
2049-2,TOYOTA,TACOMA,,2001
2049-2,TOYOTA,TACOMA,,2002
2049-2,TOYOTA,TACOMA,,2003
2049-2,TOYOTA,TACOMA,,2004
2054-2,TOYOTA,TACOMA,,2005
2054-2,TOYOTA,TACOMA,,2006
2054-2,TOYOTA,TACOMA,,2007
2054-2,TOYOTA,TACOMA,,2008
2054-2,TOYOTA,TACOMA,,2009
2054-2,TOYOTA,TACOMA,,2010
2054-2,TOYOTA,TACOMA,,2011
2054-2,TOYOTA,TACOMA,,2012
2054-2,TOYOTA,TACOMA,,2013
2054-2,TOYOTA,TACOMA,,2014
2054-2,TOYOTA,TACOMA,,2015
2045-2,TOYOTA,TUNDRA,,1999
2045-2,TOYOTA,TUNDRA,,2000
2045-2,TOYOTA,TUNDRA,,2001
2045-2,TOYOTA,TUNDRA,,2002
2052-2,TOYOTA,TUNDRA,EXTENDED CAB,2003
2052-2,TOYOTA,TUNDRA,EXTENDED CAB,2004
2052-2,TOYOTA,TUNDRA,EXTENDED CAB,2005
2052-2,TOYOTA,TUNDRA,EXTENDED CAB,2006
2053-2,TOYOTA,TUNDRA,DOUBLE CAB,2004
2053-2,TOYOTA,TUNDRA,DOUBLE CAB,2005
2053-2,TOYOTA,TUNDRA,DOUBLE CAB,2006
2067-2,TOYOTA,TUNDRA,,2007
2067-2,TOYOTA,TUNDRA,,2008
2067-2,TOYOTA,TUNDRA,,2009
2067-2,TOYOTA,TUNDRA,,2010
2067-2,TOYOTA,TUNDRA,,2011
2067-2,TOYOTA,TUNDRA,,2012
2067-2,TOYOTA,TUNDRA,,2013
2067-2,TOYOTA,TUNDRA,,2014
2067-2,TOYOTA,TUNDRA,,2015
4049,CADILLAC,ESCALADE,,2002
4049,CADILLAC,ESCALADE,,2003
4049,CADILLAC,ESCALADE,,2004
4049,CADILLAC,ESCALADE,,2005
4049,CADILLAC,ESCALADE,,2006
4049,CADILLAC,ESCALADE EXT,,2002
4049,CADILLAC,ESCALADE EXT,,2003
4049,CADILLAC,ESCALADE EXT,,2004
4049,CADILLAC,ESCALADE EXT,,2005
4049,CADILLAC,ESCALADE EXT,,2006
4066,CADILLAC,ESCALADE,,2007
4066,CADILLAC,ESCALADE,,2008
4066,CADILLAC,ESCALADE,,2009
4066,CADILLAC,ESCALADE,,2010
4066,CADILLAC,ESCALADE,,2011
4066,CADILLAC,ESCALADE,,2012
4066,CADILLAC,ESCALADE,,2013
4066,CADILLAC,ESCALADE,,2014
4066,CADILLAC,ESCALADE EXT,,2007
4066,CADILLAC,ESCALADE EXT,,2008
4066,CADILLAC,ESCALADE EXT,,2009
4066,CADILLAC,ESCALADE EXT,,2010
4066,CADILLAC,ESCALADE EXT,,2011
4066,CADILLAC,ESCALADE EXT,,2012
4066,CADILLAC,ESCALADE EXT,,2013
4066,CADILLAC,ESCALADE EXT,,2014
4052,CHEVROLET,AVALANCHE 1500,WITH PLASTIC CLAD ONLY,2002
4052,CHEVROLET,AVALANCHE 1500,WITH PLASTIC CLAD ONLY,2003
4052,CHEVROLET,AVALANCHE 1500,WITH PLASTIC CLAD ONLY,2004
4052,CHEVROLET,AVALANCHE 1500,WITH PLASTIC CLAD ONLY,2005
4052,CHEVROLET,AVALANCHE 1500,WITH PLASTIC CLAD ONLY,2006
4059,CHEVROLET,AVALANCHE 1500,WITHOUT PLASTIC CLAD ONLY,2003
4059,CHEVROLET,AVALANCHE 1500,WITHOUT PLASTIC CLAD ONLY,2004
4059,CHEVROLET,AVALANCHE 1500,WITHOUT PLASTIC CLAD ONLY,2005
4059,CHEVROLET,AVALANCHE 1500,WITHOUT PLASTIC CLAD ONLY,2006
4065,CHEVROLET,AVALANCHE 1500,INCLUDING HYBRID MODELS,2007
4065,CHEVROLET,AVALANCHE 1500,INCLUDING HYBRID MODELS,2008
4065,CHEVROLET,AVALANCHE 1500,INCLUDING HYBRID MODELS,2009
4065,CHEVROLET,AVALANCHE 1500,INCLUDING HYBRID MODELS,2010
4065,CHEVROLET,AVALANCHE 1500,INCLUDING HYBRID MODELS,2011
4065,CHEVROLET,AVALANCHE 1500,INCLUDING HYBRID MODELS,2012
4065,CHEVROLET,AVALANCHE 1500,INCLUDING HYBRID MODELS,2013
4044,CHEVROLET,BLAZER,4WD ONLY,1998
4044,CHEVROLET,BLAZER,4WD ONLY,1999
4044,CHEVROLET,BLAZER,4WD ONLY,2000
4044,CHEVROLET,BLAZER,4WD ONLY,2001
4044,CHEVROLET,BLAZER,4WD ONLY,2002
4044,CHEVROLET,BLAZER,4WD ONLY,2003
4044,CHEVROLET,BLAZER,4WD ONLY,2004
4042,CHEVROLET,C/K PICKUP,,1988
4042,CHEVROLET,C/K PICKUP,,1989
4042,CHEVROLET,C/K PICKUP,,1990
4042,CHEVROLET,C/K PICKUP,,1991
4042,CHEVROLET,C/K PICKUP,,1992
4042,CHEVROLET,C/K PICKUP,,1993
4042,CHEVROLET,C/K PICKUP,,1994
4042,CHEVROLET,C/K PICKUP,,1995
4042,CHEVROLET,C/K PICKUP,,1996
4042,CHEVROLET,C/K PICKUP,,1997
4042,CHEVROLET,C/K PICKUP,,1998
4080,CHEVROLET,COLORADO,INCLUDING OFFROAD-4WD PACKAGES FOR Z71 SUBMODEL,2004
4080,CHEVROLET,COLORADO,INCLUDING OFFROAD-4WD PACKAGES FOR Z71 SUBMODEL,2005
4080,CHEVROLET,COLORADO,INCLUDING OFFROAD-4WD PACKAGES FOR Z71 SUBMODEL,2006
4080,CHEVROLET,COLORADO,INCLUDING OFFROAD-4WD PACKAGES FOR Z71 SUBMODEL,2007
4080,CHEVROLET,COLORADO,INCLUDING OFFROAD-4WD PACKAGES FOR Z71 SUBMODEL,2008
4080,CHEVROLET,COLORADO,INCLUDING OFFROAD-4WD PACKAGES FOR Z71 SUBMODEL (REMOVAL OF FRONT CROSS BAR IS REQUIRED),2009
4080,CHEVROLET,COLORADO,INCLUDING OFFROAD-4WD PACKAGES FOR Z71 SUBMODEL (REMOVAL OF FRONT CROSS BAR IS REQUIRED),2010
4080,CHEVROLET,COLORADO,INCLUDING OFFROAD-4WD PACKAGES FOR Z71 SUBMODEL,2011
4080,CHEVROLET,COLORADO,INCLUDING OFFROAD-4WD PACKAGES FOR Z71 SUBMODEL,2012
4080,CHEVROLET,COLORADO,INCLUDING OFFROAD-4WD PACKAGES FOR Z71 SUBMODEL,2013
4080,CHEVROLET,COLORADO,INCLUDING OFFROAD-4WD PACKAGES FOR Z71 SUBMODEL,2014
4088,CHEVROLET,COLORADO,INCLUDING OFFROAD-4WD PACKAGES FOR Z71 SUBMODEL,2015
4044,CHEVROLET,S-10,4WD ONLY,1998
4044,CHEVROLET,S-10,4WD ONLY,1999
4044,CHEVROLET,S-10,4WD ONLY,2000
4044,CHEVROLET,S-10,4WD ONLY,2001
4044,CHEVROLET,S-10,4WD ONLY,2002
4044,CHEVROLET,S-10,4WD ONLY,2003
4044,CHEVROLET,S-10,4WD ONLY,2004
4043,CHEVROLET,SILVERADO 1500,,1999
4043,CHEVROLET,SILVERADO 1500,,2000
4043,CHEVROLET,SILVERADO 1500,,2001
4043,CHEVROLET,SILVERADO 1500,,2002
4059,CHEVROLET,SILVERADO 1500,,2003
4059,CHEVROLET,SILVERADO 1500,,2004
4059,CHEVROLET,SILVERADO 1500,,2005
4059,CHEVROLET,SILVERADO 1500,,2006
4059,CHEVROLET,SILVERADO 1500,CLASSIC ONLY,2007
4068,CHEVROLET,SILVERADO 1500,,2007
4068,CHEVROLET,SILVERADO 1500,,2008
4068,CHEVROLET,SILVERADO 1500,,2009
4068,CHEVROLET,SILVERADO 1500,,2010
4068,CHEVROLET,SILVERADO 1500,,2011
4068,CHEVROLET,SILVERADO 1500,,2012
4068,CHEVROLET,SILVERADO 1500,,2013
4083,CHEVROLET,SILVERADO 1500,,2014
4083,CHEVROLET,SILVERADO 1500,,2015
4050,CHEVROLET,SILVERADO 2500HD,,2000
4050,CHEVROLET,SILVERADO 2500HD,,2001
4050,CHEVROLET,SILVERADO 2500HD,,2002
4050,CHEVROLET,SILVERADO 3500HD,,2000
4050,CHEVROLET,SILVERADO 3500HD,,2001
4050,CHEVROLET,SILVERADO 3500HD,,2002
4061,CHEVROLET,SILVERADO 2500HD,,2003
4061,CHEVROLET,SILVERADO 2500HD,,2004
4061,CHEVROLET,SILVERADO 2500HD,,2005
4061,CHEVROLET,SILVERADO 2500HD,,2006
4061,CHEVROLET,SILVERADO 3500HD,,2003
4061,CHEVROLET,SILVERADO 3500HD,,2004
4061,CHEVROLET,SILVERADO 3500HD,,2005
4061,CHEVROLET,SILVERADO 3500HD,,2006
4061,CHEVROLET,SILVERADO 2500HD,CLASSIC ONLY,2007
4061,CHEVROLET,SILVERADO 3500HD,CLASSIC ONLY,2007
4069,CHEVROLET,SILVERADO 2500HD,,2007
4069,CHEVROLET,SILVERADO 2500HD,,2008
4069,CHEVROLET,SILVERADO 2500HD,,2009
4069,CHEVROLET,SILVERADO 2500HD,,2010
4069,CHEVROLET,SILVERADO 3500HD,,2007
4069,CHEVROLET,SILVERADO 3500HD,,2008
4069,CHEVROLET,SILVERADO 3500HD,,2009
4069,CHEVROLET,SILVERADO 3500HD,,2010
4081,CHEVROLET,SILVERADO 2500HD,,2011
4081,CHEVROLET,SILVERADO 2500HD,,2012
4081,CHEVROLET,SILVERADO 2500HD,,2013
4081,CHEVROLET,SILVERADO 2500HD,,2014
4081,CHEVROLET,SILVERADO 3500HD,,2011
4081,CHEVROLET,SILVERADO 3500HD,,2012
4081,CHEVROLET,SILVERADO 3500HD,,2013
4081,CHEVROLET,SILVERADO 3500HD,,2014
4085,CHEVROLET,SILVERADO 2500HD,,2015
4085,CHEVROLET,SILVERADO 3500HD,,2015
4042,CHEVROLET,SUBURBAN,,1992
4042,CHEVROLET,SUBURBAN,,1993
4042,CHEVROLET,SUBURBAN,,1994
4042,CHEVROLET,SUBURBAN,,1995
4042,CHEVROLET,SUBURBAN,,1996
4042,CHEVROLET,SUBURBAN,,1997
4042,CHEVROLET,SUBURBAN,,1998
4042,CHEVROLET,SUBURBAN,,1999
4043,CHEVROLET,SUBURBAN 1500,,2000
4043,CHEVROLET,SUBURBAN 1500,,2001
4043,CHEVROLET,SUBURBAN 1500,,2002
4043,CHEVROLET,SUBURBAN 1500,,2003
4043,CHEVROLET,SUBURBAN 1500,,2004
4043,CHEVROLET,SUBURBAN 1500,,2005
4043,CHEVROLET,SUBURBAN 1500,,2006
4065,CHEVROLET,SUBURBAN 1500,,2007
4065,CHEVROLET,SUBURBAN 1500,,2008
4065,CHEVROLET,SUBURBAN 1500,,2009
4065,CHEVROLET,SUBURBAN 1500,,2010
4065,CHEVROLET,SUBURBAN 1500,,2011
4065,CHEVROLET,SUBURBAN 1500,,2012
4065,CHEVROLET,SUBURBAN 1500,,2013
4065,CHEVROLET,SUBURBAN 1500,,2014
4042,CHEVROLET,TAHOE,,1995
4042,CHEVROLET,TAHOE,,1996
4042,CHEVROLET,TAHOE,,1997
4042,CHEVROLET,TAHOE,,1998
4042,CHEVROLET,TAHOE,,1999
4043,CHEVROLET,TAHOE,,2000
4043,CHEVROLET,TAHOE,,2001
4043,CHEVROLET,TAHOE,,2002
4043,CHEVROLET,TAHOE,,2003
4043,CHEVROLET,TAHOE,,2004
4043,CHEVROLET,TAHOE,,2005
4043,CHEVROLET,TAHOE,,2006
4065,CHEVROLET,TAHOE 1500,,2007
4065,CHEVROLET,TAHOE 1500,,2008
4065,CHEVROLET,TAHOE 1500,,2009
4065,CHEVROLET,TAHOE 1500,,2010
4065,CHEVROLET,TAHOE 1500,,2011
4065,CHEVROLET,TAHOE 1500,,2012
4065,CHEVROLET,TAHOE 1500,,2013
4065,CHEVROLET,TAHOE 1500,,2014
4087,CHEVROLET,TAHOE 1500,,2015
5041,DODGE,DAKOTA,,1997
5041,DODGE,DAKOTA,,1998
5041,DODGE,DAKOTA,,1999
5041,DODGE,DAKOTA,,2000
5041,DODGE,DAKOTA,,2001
5041,DODGE,DAKOTA,,2002
5041,DODGE,DAKOTA,,2003
5041,DODGE,DAKOTA,,2004
5055,DODGE,DAKOTA,,2005
5055,DODGE,DAKOTA,,2006
5055,DODGE,DAKOTA,,2007
5055,DODGE,DAKOTA,,2008
5055,DODGE,DAKOTA,,2009
5055,DODGE,DAKOTA,,2010
5055,DODGE,DAKOTA,,2011
5055,DODGE,DAKOTA,,2012
5055,DODGE,DAKOTA,,2013
5057,DODGE,DURANGO,,2011
5057,DODGE,DURANGO,,2012
5057,DODGE,DURANGO,,2013
5041,DODGE,DURANGO / SPORT,,1998
5041,DODGE,DURANGO / SPORT,,1999
5041,DODGE,DURANGO / SPORT,,2000
5041,DODGE,DURANGO / SPORT,,2001
5041,DODGE,DURANGO / SPORT,,2002
5041,DODGE,DURANGO / SPORT,,2003
5051,DODGE,NITRO,,2007
5051,DODGE,NITRO,,2008
5051,DODGE,NITRO,,2009
5051,DODGE,NITRO,,2010
5051,DODGE,NITRO,,2011
5051,DODGE,NITRO,,2012
5051,DODGE,NITRO,,2013
5042,DODGE,RAM 1500,,1994
5042,DODGE,RAM 1500,,1995
5042,DODGE,RAM 1500,,1996
5042,DODGE,RAM 1500,,1997
5042,DODGE,RAM 1500,,1998
5042,DODGE,RAM 1500,,1999
5042,DODGE,RAM 1500,,2000
5042,DODGE,RAM 1500,,2001
5045,DODGE,RAM 1500,,2002
5045,DODGE,RAM 1500,,2003
5045,DODGE,RAM 1500,,2004
5045,DODGE,RAM 1500,,2005
5050,DODGE,RAM 1500,,2006
5050,DODGE,RAM 1500,,2007
5050,DODGE,RAM 1500,TAKES 3RD HOLD ON BRACKET,2008
5058,DODGE,RAM 1500,,2009
5058,DODGE,RAM 1500,,2010
5058,DODGE,RAM 1500,,2011
5058,DODGE,RAM 1500,,2012
5058,DODGE,RAM 1500,,2013
5058,DODGE,RAM 1500,,2014
5058,DODGE,RAM 1500,,2015
5049,DODGE,RAM 1500,MEGA CAB,2006
5049,DODGE,RAM 1500,MEGA CAB,2007
5049,DODGE,RAM 1500,MEGA CAB,2008
5049,DODGE,RAM 1500,MEGA CAB,2009
5049,DODGE,RAM 2500,MEGA CAB,2006
5049,DODGE,RAM 2500,MEGA CAB,2007
5049,DODGE,RAM 2500,MEGA CAB,2008
5049,DODGE,RAM 2500,MEGA CAB,2009
5049,DODGE,RAM 3500,MEGA CAB,2006
5049,DODGE,RAM 3500,MEGA CAB,2007
5049,DODGE,RAM 3500,MEGA CAB,2008
5049,DODGE,RAM 3500,MEGA CAB,2009
5042,DODGE,RAM 2500,,1994
5042,DODGE,RAM 2500,,1995
5042,DODGE,RAM 2500,,1996
5042,DODGE,RAM 2500,,1997
5042,DODGE,RAM 2500,,1998
5042,DODGE,RAM 2500,,1999
5042,DODGE,RAM 2500,,2000
5042,DODGE,RAM 2500,,2001
5042,DODGE,RAM 2500,,2002
5042,DODGE,RAM 3500,,1994
5042,DODGE,RAM 3500,,1995
5042,DODGE,RAM 3500,,1996
5042,DODGE,RAM 3500,,1997
5042,DODGE,RAM 3500,,1998
5042,DODGE,RAM 3500,,1999
5042,DODGE,RAM 3500,,2000
5042,DODGE,RAM 3500,,2001
5042,DODGE,RAM 3500,,2002
5046,DODGE,RAM 2500,,2003
5046,DODGE,RAM 2500,,2004
5046,DODGE,RAM 2500,,2005
5046,DODGE,RAM 3500,,2003
5046,DODGE,RAM 3500,,2004
5046,DODGE,RAM 3500,,2005
5049,DODGE,RAM 2500,INCLUDING DIESEL,2006
5049,DODGE,RAM 2500,INCLUDING DIESEL,2007
5049,DODGE,RAM 2500,INCLUDING DIESEL,2008
5049,DODGE,RAM 2500,INCLUDING DIESEL,2009
5049,DODGE,RAM 3500,INCLUDING DIESEL,2006
5049,DODGE,RAM 3500,INCLUDING DIESEL,2007
5049,DODGE,RAM 3500,INCLUDING DIESEL,2008
5049,DODGE,RAM 3500,INCLUDING DIESEL,2009
5056,DODGE,RAM 2500,CREW CAB,2010
5056,DODGE,RAM 2500,CREW CAB,2011
5056,DODGE,RAM 2500,CREW CAB,2012
5056,DODGE,RAM 2500,CREW CAB,2013
5056,DODGE,RAM 2500,CREW CAB,2014
5056,DODGE,RAM 2500,CREW CAB,2015
5056,DODGE,RAM 3500,CREW CAB,2010
5056,DODGE,RAM 3500,CREW CAB,2011
5056,DODGE,RAM 3500,CREW CAB,2012
5056,DODGE,RAM 3500,CREW CAB,2013
5056,DODGE,RAM 3500,CREW CAB,2014
5056,DODGE,RAM 3500,CREW CAB,2015
5056,DODGE,RAM 2500,MEGA CAB,2010
5056,DODGE,RAM 2500,MEGA CAB,2011
5056,DODGE,RAM 2500,MEGA CAB,2012
5056,DODGE,RAM 2500,MEGA CAB,2013
5056,DODGE,RAM 2500,MEGA CAB,2014
5056,DODGE,RAM 2500,MEGA CAB,2015
5056,DODGE,RAM 3500,MEGA CAB,2010
5056,DODGE,RAM 3500,MEGA CAB,2011
5056,DODGE,RAM 3500,MEGA CAB,2012
5056,DODGE,RAM 3500,MEGA CAB,2013
5056,DODGE,RAM 3500,MEGA CAB,2014
5056,DODGE,RAM 3500,MEGA CAB,2015
3049,FORD,ESCAPE,,2002
3049,FORD,ESCAPE,,2003
3049,FORD,ESCAPE,,2004
3058,FORD,ESCAPE,,2005
3058,FORD,ESCAPE,,2006
3058,FORD,ESCAPE,,2007
3062,FORD,ESCAPE,,2008
3062,FORD,ESCAPE,,2009
3062,FORD,ESCAPE,,2010
3062,FORD,ESCAPE,,2011
3062,FORD,ESCAPE,,2012
3045,FORD,EXCURSION,,2000
3045,FORD,EXCURSION,,2001
3045,FORD,EXCURSION,,2002
3045,FORD,EXCURSION,,2003
3045,FORD,EXCURSION,,2004
3057,FORD,EXCURSION,,2005
3057,FORD,EXCURSION,,2006
3042F ,FORD,EXPEDITION,4WD ONLY,1997
3042F ,FORD,EXPEDITION,4WD ONLY,1998
3046,FORD,EXPEDITION,2WD ONLY,1999
3046,FORD,EXPEDITION,2WD ONLY,2000
3046,FORD,EXPEDITION,2WD ONLY,2001
3046,FORD,EXPEDITION,2WD ONLY,2002
3046F ,FORD,EXPEDITION,4WD ONLY,1999
3046F ,FORD,EXPEDITION,4WD ONLY,2000
3046F ,FORD,EXPEDITION,4WD ONLY,2001
3046F ,FORD,EXPEDITION,4WD ONLY,2002
3054,FORD,EXPEDITION,,2003
3054,FORD,EXPEDITION,,2004
3054,FORD,EXPEDITION,,2005
3054,FORD,EXPEDITION,,2006
3060,FORD,EXPEDITION,,2007
3060,FORD,EXPEDITION,,2008
3060,FORD,EXPEDITION,,2009
3060,FORD,EXPEDITION,,2010
3060,FORD,EXPEDITION,,2011
3060,FORD,EXPEDITION,,2012
3060,FORD,EXPEDITION,,2013
3060,FORD,EXPEDITION,,2014
3060,FORD,EXPEDITION,,2015
3047,FORD,EXPLORER,,1999
3047,FORD,EXPLORER,,2000
3047,FORD,EXPLORER,EDDIE BAUER,2001
3047,FORD,EXPLORER,LIMITED,2001
3047,FORD,EXPLORER,XL FLEET,2001
3047,FORD,EXPLORER,XLS,2001
3047,FORD,EXPLORER,XLT,2001
3052,FORD,EXPLORER,EDDIE BAUER,2002
3052,FORD,EXPLORER,LIMITED,2002
3052,FORD,EXPLORER,XLS,2002
3052,FORD,EXPLORER,XLT,2002
3052,FORD,EXPLORER,EDDIE BAUER,2003
3052,FORD,EXPLORER,LIMITED,2003
3052,FORD,EXPLORER,XLS,2003
3052,FORD,EXPLORER,XLT,2003
3052,FORD,EXPLORER,EDDIE BAUER,2004
3052,FORD,EXPLORER,LIMITED,2004
3052,FORD,EXPLORER,NBX,2004
3052,FORD,EXPLORER,XLS,2004
3052,FORD,EXPLORER,XLT,2004
3052,FORD,EXPLORER,,2005
3059,FORD,EXPLORER,,2006
3059,FORD,EXPLORER,,2007
3059,FORD,EXPLORER,,2008
3059,FORD,EXPLORER,,2009
3059,FORD,EXPLORER,,2010
3065,FORD,EXPLORER,,2011
3065,FORD,EXPLORER,,2012
3065,FORD,EXPLORER,,2013
3065,FORD,EXPLORER,,2014
3065,FORD,EXPLORER,,2015
3048,FORD,EXPLORER,SPORT,2001
3048,FORD,EXPLORER,SPORT,2002
3048,FORD,EXPLORER,SPORT XLS,2003
3048,FORD,EXPLORER,SPORT XLT,2003
3048,FORD,EXPLORER,SPORT XLS,2004
3048,FORD,EXPLORER,SPORT XLT,2004
3048,FORD,EXPLORER SPORT TRAC,,2001
3048,FORD,EXPLORER SPORT TRAC,,2002
3048,FORD,EXPLORER SPORT TRAC,,2003
3048,FORD,EXPLORER SPORT TRAC,,2004
3048,FORD,EXPLORER SPORT TRAC,,2005
3048,FORD,EXPLORER SPORT TRAC,,2006
3059,FORD,EXPLORER SPORT TRAC,,2007
3059,FORD,EXPLORER SPORT TRAC,,2008
3059,FORD,EXPLORER SPORT TRAC,,2009
3059,FORD,EXPLORER SPORT TRAC,,2010
3042F ,FORD,F-150,INCLUDING FLARESIDE (4WD ONLY),1997
3042F ,FORD,F-150,INCLUDING FLARESIDE (4WD ONLY),1998
3046,FORD,F-150,INCLUDING FLARESIDE (2WD ONLY),1999
3046,FORD,F-150,INCLUDING FLARESIDE (2WD ONLY),2000
3046,FORD,F-150,INCLUDING FLARESIDE (2WD ONLY),2001
3046,FORD,F-150,INCLUDING FLARESIDE (2WD ONLY),2002
3046,FORD,F-150,INCLUDING FLARESIDE (2WD ONLY),2003
3046F ,FORD,F-150,INCLUDING FLARESIDE (4WD ONLY),1999
3046F ,FORD,F-150,INCLUDING FLARESIDE (4WD ONLY),2000
3046F ,FORD,F-150,INCLUDING FLARESIDE (4WD ONLY),2001
3046F ,FORD,F-150,INCLUDING FLARESIDE (4WD ONLY),2002
3046F ,FORD,F-150,INCLUDING FLARESIDE (4WD ONLY),2003
3056,FORD,F-150,,2004
3056,FORD,F-150,,2005
3056,FORD,F-150,,2006
3056,FORD,F-150,,2007
3056,FORD,F-150,,2008
3063,FORD,F-150,QUICK RELEASE TILT (ALLOWS ORIGINAL TOW HOOKS),2009
3063,FORD,F-150,QUICK RELEASE TILT (ALLOWS ORIGINAL TOW HOOKS),2010
3063,FORD,F-150,QUICK RELEASE TILT (ALLOWS ORIGINAL TOW HOOKS),2011
3063,FORD,F-150,QUICK RELEASE TILT (ALLOWS ORIGINAL TOW HOOKS),2012
3063,FORD,F-150,QUICK RELEASE TILT (ALLOWS ORIGINAL TOW HOOKS),2013
3063,FORD,F-150,QUICK RELEASE TILT (ALLOWS ORIGINAL TOW HOOKS),2014
3066,FORD,F-150,,2015
3045,FORD,F-250,SUPER DUTY,1999
3045,FORD,F-250,SUPER DUTY,2000
3045,FORD,F-250,SUPER DUTY,2001
3045,FORD,F-250,SUPER DUTY,2002
3045,FORD,F-250,SUPER DUTY,2003
3045,FORD,F-250,SUPER DUTY,2004
3045,FORD,F-350,SUPER DUTY,1999
3045,FORD,F-350,SUPER DUTY,2000
3045,FORD,F-350,SUPER DUTY,2001
3045,FORD,F-350,SUPER DUTY,2002
3045,FORD,F-350,SUPER DUTY,2003
3045,FORD,F-350,SUPER DUTY,2004
3057,FORD,F-250,SUPER DUTY,2005
3057,FORD,F-250,SUPER DUTY,2006
3057,FORD,F-250,SUPER DUTY,2007
3057,FORD,F-350,SUPER DUTY,2005
3057,FORD,F-350,SUPER DUTY,2006
3057,FORD,F-350,SUPER DUTY,2007
3061,FORD,F-250,SUPER DUTY,2008
3061,FORD,F-250,SUPER DUTY,2009
3061,FORD,F-250,SUPER DUTY,2010
3061,FORD,F-350,SUPER DUTY,2008
3061,FORD,F-350,SUPER DUTY,2009
3061,FORD,F-350,SUPER DUTY,2010
3061,FORD,F-450,SUPER DUTY,2008
3061,FORD,F-450,SUPER DUTY,2009
3061,FORD,F-450,SUPER DUTY,2010
3061,FORD,F-550,SUPER DUTY (WITHOUT FENDER FLARES),2008
3061,FORD,F-550,SUPER DUTY (WITHOUT FENDER FLARES),2009
3061,FORD,F-550,SUPER DUTY (WITHOUT FENDER FLARES),2010
3064,FORD,F-250,SUPER DUTY (ALLOWS FOR ORIGINAL TOW HOOKS),2011
3064,FORD,F-250,SUPER DUTY (ALLOWS FOR ORIGINAL TOW HOOKS),2012
3064,FORD,F-250,SUPER DUTY (ALLOWS FOR ORIGINAL TOW HOOKS),2013
3064,FORD,F-250,SUPER DUTY (ALLOWS FOR ORIGINAL TOW HOOKS),2014
3064,FORD,F-250,SUPER DUTY (ALLOWS FOR ORIGINAL TOW HOOKS),2015
3064,FORD,F-350,SUPER DUTY (ALLOWS FOR ORIGINAL TOW HOOKS),2011
3064,FORD,F-350,SUPER DUTY (ALLOWS FOR ORIGINAL TOW HOOKS),2012
3064,FORD,F-350,SUPER DUTY (ALLOWS FOR ORIGINAL TOW HOOKS),2013
3064,FORD,F-350,SUPER DUTY (ALLOWS FOR ORIGINAL TOW HOOKS),2014
3064,FORD,F-350,SUPER DUTY (ALLOWS FOR ORIGINAL TOW HOOKS),2015
3064,FORD,F-450,SUPER DUTY (ALLOWS FOR ORIGINAL TOW HOOKS),2011
3064,FORD,F-450,SUPER DUTY (ALLOWS FOR ORIGINAL TOW HOOKS),2012
3064,FORD,F-450,SUPER DUTY (ALLOWS FOR ORIGINAL TOW HOOKS),2013
3064,FORD,F-450,SUPER DUTY (ALLOWS FOR ORIGINAL TOW HOOKS),2014
3064,FORD,F-450,SUPER DUTY (ALLOWS FOR ORIGINAL TOW HOOKS),2015
3064,FORD,F-550,SUPER DUTY (ALLOWS FOR ORIGINAL TOW HOOKS),2011
3064,FORD,F-550,SUPER DUTY (ALLOWS FOR ORIGINAL TOW HOOKS),2012
3064,FORD,F-550,SUPER DUTY (ALLOWS FOR ORIGINAL TOW HOOKS),2013
3064,FORD,F-550,SUPER DUTY (ALLOWS FOR ORIGINAL TOW HOOKS),2014
3064,FORD,F-550,SUPER DUTY (ALLOWS FOR ORIGINAL TOW HOOKS),2015
3044,FORD,RANGER,,1998
3044,FORD,RANGER,,1999
3044,FORD,RANGER,,2000
3053,FORD,RANGER,XLT,2001
3053,FORD,RANGER,XLT,2002
3053,FORD,RANGER,XLT,2003
3053,FORD,RANGER,XLT,2004
3053,FORD,RANGER,XLT,2005
3053,FORD,RANGER,XLT,2006
3053,FORD,RANGER,XLT,2007
3053,FORD,RANGER,XLT,2008
3053,FORD,RANGER,XLT,2009
3053,FORD,RANGER,XLT,2010
3053,FORD,RANGER,XLT,2011
3053,FORD,RANGER,XLT,2012
3053,FORD,RANGER,EDGE,2001
3053,FORD,RANGER,EDGE,2002
3053,FORD,RANGER,EDGE,2003
3053,FORD,RANGER,EDGE,2004
3053,FORD,RANGER,EDGE,2005
3053,FORD,RANGER,EDGE,2006
3053,FORD,RANGER,EDGE,2007
3053,FORD,RANGER,EDGE,2008
3053,FORD,RANGER,EDGE,2009
3053,FORD,RANGER,EDGE,2010
3053,FORD,RANGER,EDGE,2011
3053,FORD,RANGER,EDGE,2012
4080,GMC,CANYON,INCLUDING OFFROAD-4WD PACKAGES FOR Z71 SUBMODEL,2004
4080,GMC,CANYON,INCLUDING OFFROAD-4WD PACKAGES FOR Z71 SUBMODEL,2005
4080,GMC,CANYON,INCLUDING OFFROAD-4WD PACKAGES FOR Z71 SUBMODEL,2006
4080,GMC,CANYON,INCLUDING OFFROAD-4WD PACKAGES FOR Z71 SUBMODEL,2007
4080,GMC,CANYON,INCLUDING OFFROAD-4WD PACKAGES FOR Z71 SUBMODEL,2008
4080,GMC,CANYON,INCLUDING OFFROAD-4WD PACKAGES FOR Z71 SUBMODEL (REMOVAL OF FRONT CROSS BAR IS REQUIRED),2009
4080,GMC,CANYON,INCLUDING OFFROAD-4WD PACKAGES FOR Z71 SUBMODEL (REMOVAL OF FRONT CROSS BAR IS REQUIRED),2010
4080,GMC,CANYON,INCLUDING OFFROAD-4WD PACKAGES FOR Z71 SUBMODEL,2011
4080,GMC,CANYON,INCLUDING OFFROAD-4WD PACKAGES FOR Z71 SUBMODEL,2012
4080,GMC,CANYON,INCLUDING OFFROAD-4WD PACKAGES FOR Z71 SUBMODEL,2013
4080,GMC,CANYON,INCLUDING OFFROAD-4WD PACKAGES FOR Z71 SUBMODEL,2014
4088,GMC,CANYON,INCLUDING OFFROAD-4WD PACKAGES FOR Z71 SUBMODEL,2015
4045,GMC,SIERRA 1500,,1999
4045,GMC,SIERRA 1500,,2000
4045,GMC,SIERRA 1500,,2001
4045,GMC,SIERRA 1500,,2002
4062,GMC,SIERRA 1500,,2003
4062,GMC,SIERRA 1500,,2004
4062,GMC,SIERRA 1500,,2005
4062,GMC,SIERRA 1500,,2006
4062,GMC,SIERRA 1500,CLASSIC ONLY,2007
4070,GMC,SIERRA 1500,,2007
4070,GMC,SIERRA 1500,,2008
4070,GMC,SIERRA 1500,,2009
4070,GMC,SIERRA 1500,,2010
4070,GMC,SIERRA 1500,,2011
4070,GMC,SIERRA 1500,,2012
4070,GMC,SIERRA 1500,,2013
4084,GMC,SIERRA 1500,EXCLUDING DENALI,2014
4084,GMC,SIERRA 1500,EXCLUDING DENALI,2015
4048,GMC,SIERRA 2500,,1999
4048,GMC,SIERRA 2500,,2000
4048,GMC,SIERRA 2500,,2001
4048,GMC,SIERRA 2500,,2002
4048,GMC,SIERRA 3500,,1999
4048,GMC,SIERRA 3500,,2000
4048,GMC,SIERRA 3500,,2001
4048,GMC,SIERRA 3500,,2002
4082,GMC,SIERRA 2500,,2011
4082,GMC,SIERRA 2500,,2012
4082,GMC,SIERRA 2500,,2013
4082,GMC,SIERRA 2500,,2014
4082,GMC,SIERRA 3500,,2011
4082,GMC,SIERRA 3500,,2012
4082,GMC,SIERRA 3500,,2013
4082,GMC,SIERRA 3500,,2014
4086,GMC,SIERRA 2500,EXCLUDING DENALI,2015
4086,GMC,SIERRA 3500,EXCLUDING DENALI,2015
4063,GMC,SIERRA 2500HD,4WD ONLY,2003
4063,GMC,SIERRA 2500HD,4WD ONLY,2004
4063,GMC,SIERRA 2500HD,4WD ONLY,2005
4063,GMC,SIERRA 2500HD,4WD ONLY,2006
4063,GMC,SIERRA 3500HD,4WD ONLY,2003
4063,GMC,SIERRA 3500HD,4WD ONLY,2004
4063,GMC,SIERRA 3500HD,4WD ONLY,2005
4063,GMC,SIERRA 3500HD,4WD ONLY,2006
4063,GMC,SIERRA 2500HD,CLASSIC ONLY (4WD ONLY),2007
4063,GMC,SIERRA 3500HD,CLASSIC ONLY (4WD ONLY),2007
4071,GMC,SIERRA 2500HD,,2007
4071,GMC,SIERRA 2500HD,,2008
4071,GMC,SIERRA 2500HD,,2009
4071,GMC,SIERRA 2500HD,,2010
4071,GMC,SIERRA 3500HD,,2007
4071,GMC,SIERRA 3500HD,,2008
4071,GMC,SIERRA 3500HD,,2009
4071,GMC,SIERRA 3500HD,,2010
4042,GMC,YUKON,,1995
4042,GMC,YUKON,,1996
4042,GMC,YUKON,,1997
4042,GMC,YUKON,,1998
4042,GMC,YUKON,,1999
4045,GMC,YUKON XL 1500,,2000
4045,GMC,YUKON XL 1500,,2001
4045,GMC,YUKON XL 1500,,2002
4045,GMC,YUKON XL 1500,,2003
4045,GMC,YUKON XL 1500,,2004
4045,GMC,YUKON XL 1500,,2005
4045,GMC,YUKON XL 1500,,2006
4067,GMC,YUKON XL 1500,,2007
4067,GMC,YUKON XL 1500,,2008
4067,GMC,YUKON XL 1500,,2009
4067,GMC,YUKON XL 1500,,2010
4067,GMC,YUKON XL 1500,,2011
4067,GMC,YUKON XL 1500,,2012
4067,GMC,YUKON XL 1500,,2013
4067,GMC,YUKON XL 1500,,2014
4048,GMC,YUKON XL 2500 ,,2000
4048,GMC,YUKON XL 2500 ,,2001
4048,GMC,YUKON XL 2500 ,,2002
4048,GMC,YUKON XL 2500 ,,2003
4048,GMC,YUKON XL 2500 ,,2004
4048,GMC,YUKON XL 2500 ,,2005
4048,GMC,YUKON XL 2500 ,,2006
6049,HONDA,CRV,,2005
6049,HONDA,CRV,,2006
6052,HONDA,CRV,,2007
6052,HONDA,CRV,,2008
6052,HONDA,CRV,,2009
6054,HONDA,CRV,,2010
6054,HONDA,CRV,,2011
6048,HONDA,ELEMENT,,2003
6048,HONDA,ELEMENT,,2004
6048,HONDA,ELEMENT,,2005
6048,HONDA,ELEMENT,,2006
6048,HONDA,ELEMENT,,2007
6048,HONDA,ELEMENT,EXCLUDING SC,2008
6048,HONDA,ELEMENT,EXCLUDING SC,2009
6048,HONDA,ELEMENT,EXCLUDING SC,2010
6051,HONDA,PILOT,,2006
6051,HONDA,PILOT,,2007
6051,HONDA,PILOT,,2008
6053,HONDA,PILOT,,2009
6053,HONDA,PILOT,,2010
6053,HONDA,PILOT,,2011
6056,HONDA,PILOT,,2012
6056,HONDA,PILOT,,2013
6056,HONDA,PILOT,,2014
6055,HONDA,RIDGELINE,,2006
6055,HONDA,RIDGELINE,,2007
6055,HONDA,RIDGELINE,,2008
6055,HONDA,RIDGELINE,,2009
6055,HONDA,RIDGELINE,,2010
6055,HONDA,RIDGELINE,,2011
6055,HONDA,RIDGELINE,,2012
4076,HUMMER,H2 / SUT DELUXE ,,2003
4076,HUMMER,H2 / SUT DELUXE ,,2004
4076,HUMMER,H2 / SUT DELUXE ,,2005
4076,HUMMER,H2 / SUT DELUXE ,,2006
4076,HUMMER,H2 / SUT DELUXE ,,2007
4076,HUMMER,H2 / SUT DELUXE ,,2008
4076,HUMMER,H2 / SUT DELUXE ,,2009
4078,HUMMER,H3,4WD ONLY,2006
4078,HUMMER,H3,4WD ONLY,2007
4078,HUMMER,H3,4WD ONLY,2008
4078,HUMMER,H3,4WD ONLY,2009
4078,HUMMER,H3,4WD ONLY,2010
4078,HUMMER,H3,4WD ONLY,2011
4078,HUMMER,H3T,4WD ONLY,2009
4078,HUMMER,H3T,4WD ONLY,2010
7010,HYUNDAI,SANTA FE,,2001
7010,HYUNDAI,SANTA FE,,2002
7010,HYUNDAI,SANTA FE,,2003
7010,HYUNDAI,SANTA FE,,2004
7010,HYUNDAI,SANTA FE,,2005
7010,HYUNDAI,SANTA FE,,2006
7011,HYUNDAI,SANTA FE,,2007
7011,HYUNDAI,SANTA FE,,2008
7011,HYUNDAI,SANTA FE,,2009
1043,JEEP,CHEROKEE,EXCLUDING LIMITED,1986
1043,JEEP,CHEROKEE,EXCLUDING LIMITED,1987
1043,JEEP,CHEROKEE,EXCLUDING LIMITED,1988
1043,JEEP,CHEROKEE,EXCLUDING LIMITED,1989
1043,JEEP,CHEROKEE,EXCLUDING LIMITED,1990
1043,JEEP,CHEROKEE,EXCLUDING LIMITED,1991
1043,JEEP,CHEROKEE,EXCLUDING LIMITED,1992
1043,JEEP,CHEROKEE,EXCLUDING LIMITED,1993
1043,JEEP,CHEROKEE,EXCLUDING LIMITED,1994
1043,JEEP,CHEROKEE,EXCLUDING LIMITED,1995
1043,JEEP,CHEROKEE,EXCLUDING LIMITED,1996
1043,JEEP,CHEROKEE,EXCLUDING LIMITED,1997
1043,JEEP,CHEROKEE,EXCLUDING LIMITED,1998
1043,JEEP,CHEROKEE,EXCLUDING LIMITED,1999
1043,JEEP,CHEROKEE,EXCLUDING LIMITED,2000
1048,JEEP,COMMANDER,,2006
1048,JEEP,COMMANDER,,2007
1048,JEEP,COMMANDER,,2008
1048,JEEP,COMMANDER,,2009
1048,JEEP,COMMANDER,,2010
1048,JEEP,COMMANDER,,2011
1042,JEEP,GRAND CHEROKEE,TOW HOOK ONLY (4WD ONLY),1995
1042,JEEP,GRAND CHEROKEE,TOW HOOK ONLY (4WD ONLY),1996
1042,JEEP,GRAND CHEROKEE,TOW HOOK ONLY (4WD ONLY),1997
1042,JEEP,GRAND CHEROKEE,TOW HOOK ONLY (4WD ONLY),1998
1044,JEEP,GRAND CHEROKEE,TOW HOOK ONLY,1999
1044,JEEP,GRAND CHEROKEE,TOW HOOK ONLY,2000
1044,JEEP,GRAND CHEROKEE,TOW HOOK ONLY,2001
1044,JEEP,GRAND CHEROKEE,TOW HOOK ONLY,2002
1044,JEEP,GRAND CHEROKEE,TOW HOOK ONLY,2003
1044,JEEP,GRAND CHEROKEE,TOW HOOK ONLY,2004
1046,JEEP,GRAND CHEROKEE,,2005
1046,JEEP,GRAND CHEROKEE,,2006
1046,JEEP,GRAND CHEROKEE,,2007
1046,JEEP,GRAND CHEROKEE,,2008
1046,JEEP,GRAND CHEROKEE,,2009
1046,JEEP,GRAND CHEROKEE,,2010
1052,JEEP,GRAND CHEROKEE,EXCLUDING SRT AND TRAIL HAWK,2011
1052,JEEP,GRAND CHEROKEE,EXCLUDING SRT AND TRAIL HAWK,2012
1052,JEEP,GRAND CHEROKEE,EXCLUDING SRT AND TRAIL HAWK,2013
1052,JEEP,GRAND CHEROKEE,EXCLUDING SRT AND TRAIL HAWK,2014
1052,JEEP,GRAND CHEROKEE,EXCLUDING SRT AND TRAIL HAWK,2015
1045,JEEP,LIBERTY,EXCLUDING RENEGADE,2002
1045,JEEP,LIBERTY,EXCLUDING RENEGADE,2003
1045,JEEP,LIBERTY,EXCLUDING RENEGADE,2004
1047,JEEP,LIBERTY,,2005
1047,JEEP,LIBERTY,,2006
1047,JEEP,LIBERTY,,2007
1051,JEEP,LIBERTY,NO HEADLIGHT CAGE,2008
1051,JEEP,LIBERTY,NO HEADLIGHT CAGE,2009
1051,JEEP,LIBERTY,NO HEADLIGHT CAGE,2010
1051,JEEP,LIBERTY,NO HEADLIGHT CAGE,2011
1051,JEEP,LIBERTY,NO HEADLIGHT CAGE,2012
1043,JEEP,SPORT,EXCLUDING LIMITED,1986
1043,JEEP,SPORT,EXCLUDING LIMITED,1987
1043,JEEP,SPORT,EXCLUDING LIMITED,1988
1043,JEEP,SPORT,EXCLUDING LIMITED,1989
1043,JEEP,SPORT,EXCLUDING LIMITED,1990
1043,JEEP,SPORT,EXCLUDING LIMITED,1991
1043,JEEP,SPORT,EXCLUDING LIMITED,1992
1043,JEEP,SPORT,EXCLUDING LIMITED,1993
1043,JEEP,SPORT,EXCLUDING LIMITED,1994
1043,JEEP,SPORT,EXCLUDING LIMITED,1995
1043,JEEP,SPORT,EXCLUDING LIMITED,1996
1043,JEEP,SPORT,EXCLUDING LIMITED,1997
1043,JEEP,SPORT,EXCLUDING LIMITED,1998
1043,JEEP,SPORT,EXCLUDING LIMITED,1999
1043,JEEP,SPORT,EXCLUDING LIMITED,2000
1050,JEEP,WRANGLER,NO HEADLIGHT CAGE,2007
1050,JEEP,WRANGLER,NO HEADLIGHT CAGE,2008
1050,JEEP,WRANGLER,NO HEADLIGHT CAGE,2009
1050,JEEP,WRANGLER,NO HEADLIGHT CAGE,2010
1050,JEEP,WRANGLER,NO HEADLIGHT CAGE,2011
1050,JEEP,WRANGLER,NO HEADLIGHT CAGE,2012
1050,JEEP,WRANGLER,NO HEADLIGHT CAGE,2013
1050,JEEP,WRANGLER,NO HEADLIGHT CAGE,2014
1050,JEEP,WRANGLER,NO HEADLIGHT CAGE,2015
3056,LINCOLN,MARK LT,,2005
3056,LINCOLN,MARK LT,,2006
3056,LINCOLN,MARK LT,,2007
3056,LINCOLN,MARK LT,,2008
3062,MAZDA,TRIBUTE,,2008
3062,MAZDA,TRIBUTE,,2009
3062,MAZDA,TRIBUTE,,2010
8044,MITSUBISHI,MONTERO SPORT,,2000
8044,MITSUBISHI,MONTERO SPORT,,2001
8044,MITSUBISHI,MONTERO SPORT,,2002
8044,MITSUBISHI,MONTERO SPORT,,2003
8044,MITSUBISHI,MONTERO SPORT,,2004
8044,MITSUBISHI,MONTERO SPORT,,2005
9046,NISSAN,ARMADA,EXCLUDING XE MODEL,2004
9046,NISSAN,ARMADA,EXCLUDING XE MODEL,2005
9046,NISSAN,ARMADA,EXCLUDING XE MODEL,2006
9046,NISSAN,ARMADA,EXCLUDING XE MODEL,2007
9046,NISSAN,ARMADA,EXCLUDING XE MODEL,2008
9046,NISSAN,ARMADA,EXCLUDING XE MODEL,2009
9046,NISSAN,ARMADA,EXCLUDING XE MODEL,2010
9046,NISSAN,ARMADA,EXCLUDING XE MODEL,2011
9046,NISSAN,ARMADA,EXCLUDING XE MODEL,2012
9046,NISSAN,ARMADA,EXCLUDING XE MODEL,2013
9046,NISSAN,ARMADA,EXCLUDING XE MODEL,2014
9043,NISSAN,FRONTIER,,1998
9043,NISSAN,FRONTIER,,1999
9043,NISSAN,FRONTIER,,2000
9044,NISSAN,FRONTIER,,2001
9044,NISSAN,FRONTIER,,2002
9044,NISSAN,FRONTIER,,2003
9044,NISSAN,FRONTIER,,2004
9047,NISSAN,FRONTIER,,2005
9047,NISSAN,FRONTIER,,2006
9047,NISSAN,FRONTIER,,2007
9047,NISSAN,FRONTIER,,2008
9047,NISSAN,FRONTIER,,2009
9047,NISSAN,FRONTIER,,2010
9047,NISSAN,FRONTIER,,2011
9047,NISSAN,FRONTIER,,2012
9047,NISSAN,FRONTIER,,2013
9047,NISSAN,FRONTIER,,2014
9047,NISSAN,FRONTIER,,2015
9041,NISSAN,PATHFINDER,,1996
9041,NISSAN,PATHFINDER,,1997
9041,NISSAN,PATHFINDER,,1998
9041,NISSAN,PATHFINDER,,1999
9042,NISSAN,PATHFINDER,,1999
9042,NISSAN,PATHFINDER,,2000
9042,NISSAN,PATHFINDER,,2001
9042,NISSAN,PATHFINDER,,2002
9042,NISSAN,PATHFINDER,,2003
9042,NISSAN,PATHFINDER,,2004
9047,NISSAN,PATHFINDER,,2005
9047,NISSAN,PATHFINDER,,2006
9047,NISSAN,PATHFINDER,,2007
9049,NISSAN,PATHFINDER,,2008
9049,NISSAN,PATHFINDER,,2009
9049,NISSAN,PATHFINDER,,2010
9049,NISSAN,PATHFINDER,,2011
9049,NISSAN,PATHFINDER,,2012
9046,NISSAN,TITAN,"EXCLUDING XE MODEL, INCLUDING PRO 4X",2004
9046,NISSAN,TITAN,"EXCLUDING XE MODEL, INCLUDING PRO 4X",2005
9046,NISSAN,TITAN,"EXCLUDING XE MODEL, INCLUDING PRO 4X",2006
9046,NISSAN,TITAN,"EXCLUDING XE MODEL, INCLUDING PRO 4X",2007
9046,NISSAN,TITAN,"EXCLUDING XE MODEL, INCLUDING PRO 4X",2008
9046,NISSAN,TITAN,"EXCLUDING XE MODEL, INCLUDING PRO 4X",2009
9046,NISSAN,TITAN,"EXCLUDING XE MODEL, INCLUDING PRO 4X",2010
9046,NISSAN,TITAN,"EXCLUDING XE MODEL, INCLUDING PRO 4X",2011
9046,NISSAN,TITAN,"EXCLUDING XE MODEL, INCLUDING PRO 4X",2012
9046,NISSAN,TITAN,"EXCLUDING XE MODEL, INCLUDING PRO 4X",2013
9046,NISSAN,TITAN,"EXCLUDING XE MODEL, INCLUDING PRO 4X",2014
9046,NISSAN,TITAN,"EXCLUDING XE MODEL, INCLUDING PRO 4X",2015
9043,NISSAN,XTERRA,,1999
9043,NISSAN,XTERRA,,2000
9043,NISSAN,XTERRA,,2001
9045,NISSAN,XTERRA,,2002
9045,NISSAN,XTERRA,,2003
9045,NISSAN,XTERRA,,2004
9048,NISSAN,XTERRA,,2005
9048,NISSAN,XTERRA,,2006
9048,NISSAN,XTERRA,,2007
9048,NISSAN,XTERRA,,2008
9048,NISSAN,XTERRA,,2009
9048,NISSAN,XTERRA,,2010
9048,NISSAN,XTERRA,,2011
9048,NISSAN,XTERRA,,2012
9048,NISSAN,XTERRA,,2013
9048,NISSAN,XTERRA,,2014
9048,NISSAN,XTERRA,,2015
2042,TOYOTA,4RUNNER,,1996
2042,TOYOTA,4RUNNER,,1997
2042,TOYOTA,4RUNNER,,1998
2044,TOYOTA,4RUNNER,,1999
2044,TOYOTA,4RUNNER,,2000
2044,TOYOTA,4RUNNER,,2001
2044,TOYOTA,4RUNNER,,2002
2058,TOYOTA,4RUNNER,,2003
2058,TOYOTA,4RUNNER,,2004
2058,TOYOTA,4RUNNER,,2005
2058,TOYOTA,4RUNNER,,2006
2058,TOYOTA,4RUNNER,,2007
2058,TOYOTA,4RUNNER,,2008
2058,TOYOTA,4RUNNER,,2009
2063,TOYOTA,4RUNNER,,2010
2063,TOYOTA,4RUNNER,,2011
2063,TOYOTA,4RUNNER,,2012
2063,TOYOTA,4RUNNER,,2013
2066,TOYOTA,4RUNNER,,2014
2066,TOYOTA,4RUNNER,,2015
2059,TOYOTA,FJ CRUISER,,2007
2059,TOYOTA,FJ CRUISER,,2008
2059,TOYOTA,FJ CRUISER,,2009
2059,TOYOTA,FJ CRUISER,,2010
2059,TOYOTA,FJ CRUISER,,2011
2059,TOYOTA,FJ CRUISER,,2012
2059,TOYOTA,FJ CRUISER,,2013
2059,TOYOTA,FJ CRUISER,,2014
2056,TOYOTA,HIGHLANDER,GAS AND HYBRID MODELS,2001
2056,TOYOTA,HIGHLANDER,GAS AND HYBRID MODELS,2002
2056,TOYOTA,HIGHLANDER,GAS AND HYBRID MODELS,2003
2056,TOYOTA,HIGHLANDER,GAS AND HYBRID MODELS,2004
2056,TOYOTA,HIGHLANDER,GAS AND HYBRID MODELS,2005
2056,TOYOTA,HIGHLANDER,GAS AND HYBRID MODELS,2006
2056,TOYOTA,HIGHLANDER,GAS AND HYBRID MODELS,2007
2061,TOYOTA,HIGHLANDER,GAS AND HYBRID MODELS,2008
2061,TOYOTA,HIGHLANDER,GAS AND HYBRID MODELS,2009
2061,TOYOTA,HIGHLANDER,GAS AND HYBRID MODELS,2010
2064,TOYOTA,HIGHLANDER,EXCLUDING HYBRID MODELS,2011
2064,TOYOTA,HIGHLANDER,EXCLUDING HYBRID MODELS,2012
2064,TOYOTA,HIGHLANDER,EXCLUDING HYBRID MODELS,2013
2043,TOYOTA,LANDCRUISER,,1998
2043,TOYOTA,LANDCRUISER,,1999
2043,TOYOTA,LANDCRUISER,,2000
2043,TOYOTA,LANDCRUISER,,2001
2043,TOYOTA,LANDCRUISER,,2002
2043,TOYOTA,LANDCRUISER,,2003
2047,TOYOTA,RAV4,,2001
2047,TOYOTA,RAV4,,2002
2047,TOYOTA,RAV4,,2003
2047,TOYOTA,RAV4,,2004
2047,TOYOTA,RAV4,,2005
2065,TOYOTA,RAV4,,2006
2065,TOYOTA,RAV4,,2007
2065,TOYOTA,RAV4,,2008
2065,TOYOTA,RAV4,,2009
2065,TOYOTA,RAV4,,2010
2065,TOYOTA,RAV4,,2011
2065,TOYOTA,RAV4,,2012
2065,TOYOTA,RAV4,,2013
2065,TOYOTA,RAV4,,2014
2065,TOYOTA,RAV4,,2015
2048,TOYOTA,SEQUOIA,,2001
2048,TOYOTA,SEQUOIA,,2002
2048,TOYOTA,SEQUOIA,,2003
2048,TOYOTA,SEQUOIA,,2004
2055,TOYOTA,SEQUOIA,,2005
2055,TOYOTA,SEQUOIA,,2006
2055,TOYOTA,SEQUOIA,,2007
2067,TOYOTA,SEQUOIA,,2008
2067,TOYOTA,SEQUOIA,,2009
2067,TOYOTA,SEQUOIA,TRIMMING REQUIRED,2010
2067,TOYOTA,SEQUOIA,TRIMMING REQUIRED,2011
2067,TOYOTA,SEQUOIA,,2012
2067,TOYOTA,SEQUOIA,,2013
2067,TOYOTA,SEQUOIA,,2014
2067,TOYOTA,SEQUOIA,,2015
2042,TOYOTA,TACOMA,,1998
2042,TOYOTA,TACOMA,,1999
2042,TOYOTA,TACOMA,,2000
2049,TOYOTA,TACOMA,,2001
2049,TOYOTA,TACOMA,,2002
2049,TOYOTA,TACOMA,,2003
2049,TOYOTA,TACOMA,,2004
2054,TOYOTA,TACOMA,,2005
2054,TOYOTA,TACOMA,,2006
2054,TOYOTA,TACOMA,,2007
2054,TOYOTA,TACOMA,,2008
2054,TOYOTA,TACOMA,,2009
2054,TOYOTA,TACOMA,,2010
2054,TOYOTA,TACOMA,,2011
2054,TOYOTA,TACOMA,,2012
2054,TOYOTA,TACOMA,,2013
2054,TOYOTA,TACOMA,,2014
2054,TOYOTA,TACOMA,,2015
2045,TOYOTA,TUNDRA,,1999
2045,TOYOTA,TUNDRA,,2000
2045,TOYOTA,TUNDRA,,2001
2045,TOYOTA,TUNDRA,,2002
2052,TOYOTA,TUNDRA,EXTENDED CAB,2003
2052,TOYOTA,TUNDRA,EXTENDED CAB,2004
2052,TOYOTA,TUNDRA,EXTENDED CAB,2005
2052,TOYOTA,TUNDRA,EXTENDED CAB,2006
2053,TOYOTA,TUNDRA,DOUBLE CAB,2004
2053,TOYOTA,TUNDRA,DOUBLE CAB,2005
2053,TOYOTA,TUNDRA,DOUBLE CAB,2006
2067,TOYOTA,TUNDRA,,2007
2067,TOYOTA,TUNDRA,,2008
2067,TOYOTA,TUNDRA,,2009
2067,TOYOTA,TUNDRA,,2010
2067,TOYOTA,TUNDRA,,2011
2067,TOYOTA,TUNDRA,,2012
2067,TOYOTA,TUNDRA,,2013
2067,TOYOTA,TUNDRA,,2014
2067,TOYOTA,TUNDRA,,2015
