2071030,JEEP,WRANGLER,,2007
2071030,JEEP,WRANGLER,,2008
2071030,JEEP,WRANGLER,,2009
2071030,JEEP,WRANGLER,,2010
2071030,JEEP,WRANGLER,,2011
2071030,JEEP,WRANGLER,,2012
2071030,JEEP,WRANGLER,,2013
2071030,JEEP,WRANGLER,,2014
2071030,JEEP,WRANGLER,,2015
2071031,JEEP,WRANGLER,,2007
2071031,JEEP,WRANGLER,,2008
2071031,JEEP,WRANGLER,,2009
2071031,JEEP,WRANGLER,,2010
2071031,JEEP,WRANGLER,,2011
2071031,JEEP,WRANGLER,,2012
2071031,JEEP,WRANGLER,,2013
2071031,JEEP,WRANGLER,,2014
2071031,JEEP,WRANGLER,,2015
2071032,JEEP,WRANGLER,,2007
2071032,JEEP,WRANGLER,,2008
2071032,JEEP,WRANGLER,,2009
2071032,JEEP,WRANGLER,,2010
2071032,JEEP,WRANGLER,,2011
2071032,JEEP,WRANGLER,,2012
2071032,JEEP,WRANGLER,,2013
2071032,JEEP,WRANGLER,,2014
2071032,JEEP,WRANGLER,,2015
2071023,JEEP,WRANGLER,,2007
2071023,JEEP,WRANGLER,,2008
2071023,JEEP,WRANGLER,,2009
2071023,JEEP,WRANGLER,,2010
2071023,JEEP,WRANGLER,,2011
2071023,JEEP,WRANGLER,,2012
2071023,JEEP,WRANGLER,,2013
2071023,JEEP,WRANGLER,,2014
2071023,JEEP,WRANGLER,,2015
2071024,JEEP,WRANGLER,,2007
2071024,JEEP,WRANGLER,,2008
2071024,JEEP,WRANGLER,,2009
2071024,JEEP,WRANGLER,,2010
2071024,JEEP,WRANGLER,,2011
2071024,JEEP,WRANGLER,,2012
2071024,JEEP,WRANGLER,,2013
2071024,JEEP,WRANGLER,,2014
2071024,JEEP,WRANGLER,,2015
2071020,JEEP,WRANGLER,,2007
2071020,JEEP,WRANGLER,,2008
2071020,JEEP,WRANGLER,,2009
2071020,JEEP,WRANGLER,,2010
2071020,JEEP,WRANGLER,,2011
2071020,JEEP,WRANGLER,,2012
2071020,JEEP,WRANGLER,,2013
2071020,JEEP,WRANGLER,,2014
2071020,JEEP,WRANGLER,,2015
2071021,JEEP,WRANGLER,,2007
2071021,JEEP,WRANGLER,,2008
2071021,JEEP,WRANGLER,,2009
2071021,JEEP,WRANGLER,,2010
2071021,JEEP,WRANGLER,,2011
2071021,JEEP,WRANGLER,,2012
2071021,JEEP,WRANGLER,,2013
2071021,JEEP,WRANGLER,,2014
2071021,JEEP,WRANGLER,,2015
2071022,JEEP,WRANGLER,,2007
2071022,JEEP,WRANGLER,,2008
2071022,JEEP,WRANGLER,,2009
2071022,JEEP,WRANGLER,,2010
2071022,JEEP,WRANGLER,,2011
2071022,JEEP,WRANGLER,,2012
2071022,JEEP,WRANGLER,,2013
2071022,JEEP,WRANGLER,,2014
2071022,JEEP,WRANGLER,,2015
RA15600,JEEP,WRANGLER, RAW ALUMINUM PARTS - SPECIAL ORDER REQUIRED,2007
RA15600,JEEP,WRANGLER, RAW ALUMINUM PARTS - SPECIAL ORDER REQUIRED,2008
RA15600,JEEP,WRANGLER, RAW ALUMINUM PARTS - SPECIAL ORDER REQUIRED,2009
RA15600,JEEP,WRANGLER, RAW ALUMINUM PARTS - SPECIAL ORDER REQUIRED,2010
RA15600,JEEP,WRANGLER, RAW ALUMINUM PARTS - SPECIAL ORDER REQUIRED,2011
RA15600,JEEP,WRANGLER, RAW ALUMINUM PARTS - SPECIAL ORDER REQUIRED,2012
RA15600,JEEP,WRANGLER, RAW ALUMINUM PARTS - SPECIAL ORDER REQUIRED,2013
RA15600,JEEP,WRANGLER, RAW ALUMINUM PARTS - SPECIAL ORDER REQUIRED,2014
RA15600,JEEP,WRANGLER, RAW ALUMINUM PARTS - SPECIAL ORDER REQUIRED,2015
15600-0,JEEP,WRANGLER,,2007
15600-0,JEEP,WRANGLER,,2008
15600-0,JEEP,WRANGLER,,2009
15600-0,JEEP,WRANGLER,,2010
15600-0,JEEP,WRANGLER,,2011
15600-0,JEEP,WRANGLER,,2012
15600-0,JEEP,WRANGLER,,2013
15600-0,JEEP,WRANGLER,,2014
15600-0,JEEP,WRANGLER,,2015
AL15600-0,JEEP,WRANGLER,,2007
AL15600-0,JEEP,WRANGLER,,2008
AL15600-0,JEEP,WRANGLER,,2009
AL15600-0,JEEP,WRANGLER,,2010
AL15600-0,JEEP,WRANGLER,,2011
AL15600-0,JEEP,WRANGLER,,2012
AL15600-0,JEEP,WRANGLER,,2013
AL15600-0,JEEP,WRANGLER,,2014
AL15600-0,JEEP,WRANGLER,,2015
AL15600-0-3,JEEP,WRANGLER,,2007
AL15600-0-3,JEEP,WRANGLER,,2008
AL15600-0-3,JEEP,WRANGLER,,2009
AL15600-0-3,JEEP,WRANGLER,,2010
AL15600-0-3,JEEP,WRANGLER,,2011
AL15600-0-3,JEEP,WRANGLER,,2012
AL15600-0-3,JEEP,WRANGLER,,2013
AL15600-0-3,JEEP,WRANGLER,,2014
AL15600-0-3,JEEP,WRANGLER,,2015
RA15600-0,JEEP,WRANGLER, RAW ALUMINUM PARTS - SPECIAL ORDER REQUIRED,2007
RA15600-0,JEEP,WRANGLER, RAW ALUMINUM PARTS - SPECIAL ORDER REQUIRED,2008
RA15600-0,JEEP,WRANGLER, RAW ALUMINUM PARTS - SPECIAL ORDER REQUIRED,2009
RA15600-0,JEEP,WRANGLER, RAW ALUMINUM PARTS - SPECIAL ORDER REQUIRED,2010
RA15600-0,JEEP,WRANGLER, RAW ALUMINUM PARTS - SPECIAL ORDER REQUIRED,2011
RA15600-0,JEEP,WRANGLER, RAW ALUMINUM PARTS - SPECIAL ORDER REQUIRED,2012
RA15600-0,JEEP,WRANGLER, RAW ALUMINUM PARTS - SPECIAL ORDER REQUIRED,2013
RA15600-0,JEEP,WRANGLER, RAW ALUMINUM PARTS - SPECIAL ORDER REQUIRED,2014
RA15600-0,JEEP,WRANGLER, RAW ALUMINUM PARTS - SPECIAL ORDER REQUIRED,2015
15600-1,JEEP,WRANGLER,,2007
15600-1,JEEP,WRANGLER,,2008
15600-1,JEEP,WRANGLER,,2009
15600-1,JEEP,WRANGLER,,2010
15600-1,JEEP,WRANGLER,,2011
15600-1,JEEP,WRANGLER,,2012
15600-1,JEEP,WRANGLER,,2013
15600-1,JEEP,WRANGLER,,2014
15600-1,JEEP,WRANGLER,,2015
AL15600-1,JEEP,WRANGLER,,2007
AL15600-1,JEEP,WRANGLER,,2008
AL15600-1,JEEP,WRANGLER,,2009
AL15600-1,JEEP,WRANGLER,,2010
AL15600-1,JEEP,WRANGLER,,2011
AL15600-1,JEEP,WRANGLER,,2012
AL15600-1,JEEP,WRANGLER,,2013
AL15600-1,JEEP,WRANGLER,,2014
AL15600-1,JEEP,WRANGLER,,2015
RA15600-1,JEEP,WRANGLER, RAW ALUMINUM PARTS - SPECIAL ORDER REQUIRED,2007
RA15600-1,JEEP,WRANGLER, RAW ALUMINUM PARTS - SPECIAL ORDER REQUIRED,2008
RA15600-1,JEEP,WRANGLER, RAW ALUMINUM PARTS - SPECIAL ORDER REQUIRED,2009
RA15600-1,JEEP,WRANGLER, RAW ALUMINUM PARTS - SPECIAL ORDER REQUIRED,2010
RA15600-1,JEEP,WRANGLER, RAW ALUMINUM PARTS - SPECIAL ORDER REQUIRED,2011
RA15600-1,JEEP,WRANGLER, RAW ALUMINUM PARTS - SPECIAL ORDER REQUIRED,2012
RA15600-1,JEEP,WRANGLER, RAW ALUMINUM PARTS - SPECIAL ORDER REQUIRED,2013
RA15600-1,JEEP,WRANGLER, RAW ALUMINUM PARTS - SPECIAL ORDER REQUIRED,2014
RA15600-1,JEEP,WRANGLER, RAW ALUMINUM PARTS - SPECIAL ORDER REQUIRED,2015
15600-4,JEEP,WRANGLER,,2007
15600-4,JEEP,WRANGLER,,2008
15600-4,JEEP,WRANGLER,,2009
15600-4,JEEP,WRANGLER,,2010
15600-4,JEEP,WRANGLER,,2011
15600-4,JEEP,WRANGLER,,2012
15600-4,JEEP,WRANGLER,,2013
15600-4,JEEP,WRANGLER,,2014
15600-4,JEEP,WRANGLER,,2015
15600-4-2,JEEP,WRANGLER,,2007
15600-4-2,JEEP,WRANGLER,,2008
15600-4-2,JEEP,WRANGLER,,2009
15600-4-2,JEEP,WRANGLER,,2010
15600-4-2,JEEP,WRANGLER,,2011
15600-4-2,JEEP,WRANGLER,,2012
15600-4-2,JEEP,WRANGLER,,2013
15600-4-2,JEEP,WRANGLER,,2014
15600-4-2,JEEP,WRANGLER,,2015
AL15600-4,JEEP,WRANGLER,,2007
AL15600-4,JEEP,WRANGLER,,2008
AL15600-4,JEEP,WRANGLER,,2009
AL15600-4,JEEP,WRANGLER,,2010
AL15600-4,JEEP,WRANGLER,,2011
AL15600-4,JEEP,WRANGLER,,2012
AL15600-4,JEEP,WRANGLER,,2013
AL15600-4,JEEP,WRANGLER,,2014
AL15600-4,JEEP,WRANGLER,,2015
RA15600-4,JEEP,WRANGLER, RAW ALUMINUM PARTS - SPECIAL ORDER REQUIRED,2007
RA15600-4,JEEP,WRANGLER, RAW ALUMINUM PARTS - SPECIAL ORDER REQUIRED,2008
RA15600-4,JEEP,WRANGLER, RAW ALUMINUM PARTS - SPECIAL ORDER REQUIRED,2009
RA15600-4,JEEP,WRANGLER, RAW ALUMINUM PARTS - SPECIAL ORDER REQUIRED,2010
RA15600-4,JEEP,WRANGLER, RAW ALUMINUM PARTS - SPECIAL ORDER REQUIRED,2011
RA15600-4,JEEP,WRANGLER, RAW ALUMINUM PARTS - SPECIAL ORDER REQUIRED,2012
RA15600-4,JEEP,WRANGLER, RAW ALUMINUM PARTS - SPECIAL ORDER REQUIRED,2013
RA15600-4,JEEP,WRANGLER, RAW ALUMINUM PARTS - SPECIAL ORDER REQUIRED,2014
RA15600-4,JEEP,WRANGLER, RAW ALUMINUM PARTS - SPECIAL ORDER REQUIRED,2015
C15600-1,JEEP,WRANGLER,,2007
C15600-1,JEEP,WRANGLER,,2008
C15600-1,JEEP,WRANGLER,,2009
C15600-1,JEEP,WRANGLER,,2010
C15600-1,JEEP,WRANGLER,,2011
C15600-1,JEEP,WRANGLER,,2012
C15600-1,JEEP,WRANGLER,,2013
C15600-1,JEEP,WRANGLER,,2014
C15600-1,JEEP,WRANGLER,,2015
ALC15600-1,JEEP,WRANGLER,,2007
ALC15600-1,JEEP,WRANGLER,,2008
ALC15600-1,JEEP,WRANGLER,,2009
ALC15600-1,JEEP,WRANGLER,,2010
ALC15600-1,JEEP,WRANGLER,,2011
ALC15600-1,JEEP,WRANGLER,,2012
ALC15600-1,JEEP,WRANGLER,,2013
ALC15600-1,JEEP,WRANGLER,,2014
ALC15600-1,JEEP,WRANGLER,,2015
15600-5,JEEP,WRANGLER,,2007
15600-5,JEEP,WRANGLER,,2008
15600-5,JEEP,WRANGLER,,2009
15600-5,JEEP,WRANGLER,,2010
15600-5,JEEP,WRANGLER,,2011
15600-5,JEEP,WRANGLER,,2012
15600-5,JEEP,WRANGLER,,2013
15600-5,JEEP,WRANGLER,,2014
15600-5,JEEP,WRANGLER,,2015
15600-5-2,JEEP,WRANGLER,,2007
15600-5-2,JEEP,WRANGLER,,2008
15600-5-2,JEEP,WRANGLER,,2009
15600-5-2,JEEP,WRANGLER,,2010
15600-5-2,JEEP,WRANGLER,,2011
15600-5-2,JEEP,WRANGLER,,2012
15600-5-2,JEEP,WRANGLER,,2013
15600-5-2,JEEP,WRANGLER,,2014
15600-5-2,JEEP,WRANGLER,,2015
AL15600-5,JEEP,WRANGLER,,2007
AL15600-5,JEEP,WRANGLER,,2008
AL15600-5,JEEP,WRANGLER,,2009
AL15600-5,JEEP,WRANGLER,,2010
AL15600-5,JEEP,WRANGLER,,2011
AL15600-5,JEEP,WRANGLER,,2012
AL15600-5,JEEP,WRANGLER,,2013
AL15600-5,JEEP,WRANGLER,,2014
AL15600-5,JEEP,WRANGLER,,2015
2071052,JEEP,WRANGLER,,2007
2071052,JEEP,WRANGLER,,2008
2071052,JEEP,WRANGLER,,2009
2071052,JEEP,WRANGLER,,2010
2071052,JEEP,WRANGLER,,2011
2071052,JEEP,WRANGLER,,2012
2071052,JEEP,WRANGLER,,2013
2071052,JEEP,WRANGLER,,2014
2071052,JEEP,WRANGLER,,2015
2071050,JEEP,WRANGLER,,2007
2071050,JEEP,WRANGLER,,2008
2071050,JEEP,WRANGLER,,2009
2071050,JEEP,WRANGLER,,2010
2071050,JEEP,WRANGLER,,2011
2071050,JEEP,WRANGLER,,2012
2071050,JEEP,WRANGLER,,2013
2071050,JEEP,WRANGLER,,2014
2071050,JEEP,WRANGLER,,2015
2071051,JEEP,WRANGLER,,2007
2071051,JEEP,WRANGLER,,2008
2071051,JEEP,WRANGLER,,2009
2071051,JEEP,WRANGLER,,2010
2071051,JEEP,WRANGLER,,2011
2071051,JEEP,WRANGLER,,2012
2071051,JEEP,WRANGLER,,2013
2071051,JEEP,WRANGLER,,2014
2071051,JEEP,WRANGLER,,2015
RA25600,JEEP,WRANGLER, RAW ALUMINUM PARTS - SPECIAL ORDER REQUIRED,2007
RA25600,JEEP,WRANGLER, RAW ALUMINUM PARTS - SPECIAL ORDER REQUIRED,2008
RA25600,JEEP,WRANGLER, RAW ALUMINUM PARTS - SPECIAL ORDER REQUIRED,2009
RA25600,JEEP,WRANGLER, RAW ALUMINUM PARTS - SPECIAL ORDER REQUIRED,2010
RA25600,JEEP,WRANGLER, RAW ALUMINUM PARTS - SPECIAL ORDER REQUIRED,2011
RA25600,JEEP,WRANGLER, RAW ALUMINUM PARTS - SPECIAL ORDER REQUIRED,2012
RA25600,JEEP,WRANGLER, RAW ALUMINUM PARTS - SPECIAL ORDER REQUIRED,2013
RA25600,JEEP,WRANGLER, RAW ALUMINUM PARTS - SPECIAL ORDER REQUIRED,2014
RA25600,JEEP,WRANGLER, RAW ALUMINUM PARTS - SPECIAL ORDER REQUIRED,2015
25600-0,JEEP,WRANGLER,,2007
25600-0,JEEP,WRANGLER,,2008
25600-0,JEEP,WRANGLER,,2009
25600-0,JEEP,WRANGLER,,2010
25600-0,JEEP,WRANGLER,,2011
25600-0,JEEP,WRANGLER,,2012
25600-0,JEEP,WRANGLER,,2013
25600-0,JEEP,WRANGLER,,2014
25600-0,JEEP,WRANGLER,,2015
AL25600-0,JEEP,WRANGLER,,2007
AL25600-0,JEEP,WRANGLER,,2008
AL25600-0,JEEP,WRANGLER,,2009
AL25600-0,JEEP,WRANGLER,,2010
AL25600-0,JEEP,WRANGLER,,2011
AL25600-0,JEEP,WRANGLER,,2012
AL25600-0,JEEP,WRANGLER,,2013
AL25600-0,JEEP,WRANGLER,,2014
AL25600-0,JEEP,WRANGLER,,2015
AL25600-0-3,JEEP,WRANGLER,,2007
AL25600-0-3,JEEP,WRANGLER,,2008
AL25600-0-3,JEEP,WRANGLER,,2009
AL25600-0-3,JEEP,WRANGLER,,2010
AL25600-0-3,JEEP,WRANGLER,,2011
AL25600-0-3,JEEP,WRANGLER,,2012
AL25600-0-3,JEEP,WRANGLER,,2013
AL25600-0-3,JEEP,WRANGLER,,2014
AL25600-0-3,JEEP,WRANGLER,,2015
RA25600-0,JEEP,WRANGLER, RAW ALUMINUM PARTS - SPECIAL ORDER REQUIRED,2007
RA25600-0,JEEP,WRANGLER, RAW ALUMINUM PARTS - SPECIAL ORDER REQUIRED,2008
RA25600-0,JEEP,WRANGLER, RAW ALUMINUM PARTS - SPECIAL ORDER REQUIRED,2009
RA25600-0,JEEP,WRANGLER, RAW ALUMINUM PARTS - SPECIAL ORDER REQUIRED,2010
RA25600-0,JEEP,WRANGLER, RAW ALUMINUM PARTS - SPECIAL ORDER REQUIRED,2011
RA25600-0,JEEP,WRANGLER, RAW ALUMINUM PARTS - SPECIAL ORDER REQUIRED,2012
RA25600-0,JEEP,WRANGLER, RAW ALUMINUM PARTS - SPECIAL ORDER REQUIRED,2013
RA25600-0,JEEP,WRANGLER, RAW ALUMINUM PARTS - SPECIAL ORDER REQUIRED,2014
RA25600-0,JEEP,WRANGLER, RAW ALUMINUM PARTS - SPECIAL ORDER REQUIRED,2015
25600-1,JEEP,WRANGLER,,2007
25600-1,JEEP,WRANGLER,,2008
25600-1,JEEP,WRANGLER,,2009
25600-1,JEEP,WRANGLER,,2010
25600-1,JEEP,WRANGLER,,2011
25600-1,JEEP,WRANGLER,,2012
25600-1,JEEP,WRANGLER,,2013
25600-1,JEEP,WRANGLER,,2014
25600-1,JEEP,WRANGLER,,2015
AL25600-1,JEEP,WRANGLER,,2007
AL25600-1,JEEP,WRANGLER,,2008
AL25600-1,JEEP,WRANGLER,,2009
AL25600-1,JEEP,WRANGLER,,2010
AL25600-1,JEEP,WRANGLER,,2011
AL25600-1,JEEP,WRANGLER,,2012
AL25600-1,JEEP,WRANGLER,,2013
AL25600-1,JEEP,WRANGLER,,2014
AL25600-1,JEEP,WRANGLER,,2015
RA25600-1,JEEP,WRANGLER, RAW ALUMINUM PARTS - SPECIAL ORDER REQUIRED,2007
RA25600-1,JEEP,WRANGLER, RAW ALUMINUM PARTS - SPECIAL ORDER REQUIRED,2008
RA25600-1,JEEP,WRANGLER, RAW ALUMINUM PARTS - SPECIAL ORDER REQUIRED,2009
RA25600-1,JEEP,WRANGLER, RAW ALUMINUM PARTS - SPECIAL ORDER REQUIRED,2010
RA25600-1,JEEP,WRANGLER, RAW ALUMINUM PARTS - SPECIAL ORDER REQUIRED,2011
RA25600-1,JEEP,WRANGLER, RAW ALUMINUM PARTS - SPECIAL ORDER REQUIRED,2012
RA25600-1,JEEP,WRANGLER, RAW ALUMINUM PARTS - SPECIAL ORDER REQUIRED,2013
RA25600-1,JEEP,WRANGLER, RAW ALUMINUM PARTS - SPECIAL ORDER REQUIRED,2014
RA25600-1,JEEP,WRANGLER, RAW ALUMINUM PARTS - SPECIAL ORDER REQUIRED,2015
RAC15600-1,JEEP,WRANGLER, RAW ALUMINUM PARTS - SPECIAL ORDER REQUIRED,2007
RAC15600-1,JEEP,WRANGLER, RAW ALUMINUM PARTS - SPECIAL ORDER REQUIRED,2008
RAC15600-1,JEEP,WRANGLER, RAW ALUMINUM PARTS - SPECIAL ORDER REQUIRED,2009
RAC15600-1,JEEP,WRANGLER, RAW ALUMINUM PARTS - SPECIAL ORDER REQUIRED,2010
RAC15600-1,JEEP,WRANGLER, RAW ALUMINUM PARTS - SPECIAL ORDER REQUIRED,2011
RAC15600-1,JEEP,WRANGLER, RAW ALUMINUM PARTS - SPECIAL ORDER REQUIRED,2012
RAC15600-1,JEEP,WRANGLER, RAW ALUMINUM PARTS - SPECIAL ORDER REQUIRED,2013
RAC15600-1,JEEP,WRANGLER, RAW ALUMINUM PARTS - SPECIAL ORDER REQUIRED,2014
RAC15600-1,JEEP,WRANGLER, RAW ALUMINUM PARTS - SPECIAL ORDER REQUIRED,2015
15200,JEEP,WRANGLER,,1976
15200,JEEP,WRANGLER,,1977
15200,JEEP,WRANGLER,,1978
15200,JEEP,WRANGLER,,1979
15200,JEEP,WRANGLER,,1980
15200,JEEP,WRANGLER,,1981
15200,JEEP,WRANGLER,,1982
15200,JEEP,WRANGLER,,1983
15200,JEEP,WRANGLER,,1984
15200,JEEP,WRANGLER,,1985
15200,JEEP,WRANGLER,,1986
15200,JEEP,WRANGLER,,1987
15200,JEEP,WRANGLER,,1988
15200,JEEP,WRANGLER,,1989
15200,JEEP,WRANGLER,,1990
15200,JEEP,WRANGLER,,1991
15200,JEEP,WRANGLER,,1992
15200,JEEP,WRANGLER,,1993
15200,JEEP,WRANGLER,,1994
15200,JEEP,WRANGLER,,1995
15200,JEEP,WRANGLER,,1996
15200,JEEP,WRANGLER,,1997
15200,JEEP,WRANGLER,,1998
15200,JEEP,WRANGLER,,1999
15200,JEEP,WRANGLER,,2000
15200,JEEP,WRANGLER,,2001
15200,JEEP,WRANGLER,,2002
15200,JEEP,WRANGLER,,2003
15200,JEEP,WRANGLER,,2004
15200,JEEP,WRANGLER,,2005
15200,JEEP,WRANGLER,,2006
15200-2,JEEP,WRANGLER,,1976
15200-2,JEEP,WRANGLER,,1977
15200-2,JEEP,WRANGLER,,1978
15200-2,JEEP,WRANGLER,,1979
15200-2,JEEP,WRANGLER,,1980
15200-2,JEEP,WRANGLER,,1981
15200-2,JEEP,WRANGLER,,1982
15200-2,JEEP,WRANGLER,,1983
15200-2,JEEP,WRANGLER,,1984
15200-2,JEEP,WRANGLER,,1985
15200-2,JEEP,WRANGLER,,1986
15200-2,JEEP,WRANGLER,,1987
15200-2,JEEP,WRANGLER,,1988
15200-2,JEEP,WRANGLER,,1989
15200-2,JEEP,WRANGLER,,1990
15200-2,JEEP,WRANGLER,,1991
15200-2,JEEP,WRANGLER,,1992
15200-2,JEEP,WRANGLER,,1993
15200-2,JEEP,WRANGLER,,1994
15200-2,JEEP,WRANGLER,,1995
15200-2,JEEP,WRANGLER,,1996
15200-2,JEEP,WRANGLER,,1997
15200-2,JEEP,WRANGLER,,1998
15200-2,JEEP,WRANGLER,,1999
15200-2,JEEP,WRANGLER,,2000
15200-2,JEEP,WRANGLER,,2001
15200-2,JEEP,WRANGLER,,2002
15200-2,JEEP,WRANGLER,,2003
15200-2,JEEP,WRANGLER,,2004
15200-2,JEEP,WRANGLER,,2005
15200-2,JEEP,WRANGLER,,2006
25201,JEEP,WRANGLER,,1976
25201,JEEP,WRANGLER,,1977
25201,JEEP,WRANGLER,,1978
25201,JEEP,WRANGLER,,1979
25201,JEEP,WRANGLER,,1980
25201,JEEP,WRANGLER,,1981
25201,JEEP,WRANGLER,,1982
25201,JEEP,WRANGLER,,1983
25201,JEEP,WRANGLER,,1984
25201,JEEP,WRANGLER,,1985
25201,JEEP,WRANGLER,,1986
25201,JEEP,WRANGLER,,1987
25201,JEEP,WRANGLER,,1988
25201,JEEP,WRANGLER,,1989
25201,JEEP,WRANGLER,,1990
25201,JEEP,WRANGLER,,1991
25201,JEEP,WRANGLER,,1992
25201,JEEP,WRANGLER,,1993
25201,JEEP,WRANGLER,,1994
25201,JEEP,WRANGLER,,1995
25201,JEEP,WRANGLER,,1996
25201,JEEP,WRANGLER,,1997
25201,JEEP,WRANGLER,,1998
25201,JEEP,WRANGLER,,1999
25201,JEEP,WRANGLER,,2000
25201,JEEP,WRANGLER,,2001
25201,JEEP,WRANGLER,,2002
25201,JEEP,WRANGLER,,2003
25201,JEEP,WRANGLER,,2004
25201,JEEP,WRANGLER,,2005
25201,JEEP,WRANGLER,,2006
25201-2,JEEP,WRANGLER,,1976
25201-2,JEEP,WRANGLER,,1977
25201-2,JEEP,WRANGLER,,1978
25201-2,JEEP,WRANGLER,,1979
25201-2,JEEP,WRANGLER,,1980
25201-2,JEEP,WRANGLER,,1981
25201-2,JEEP,WRANGLER,,1982
25201-2,JEEP,WRANGLER,,1983
25201-2,JEEP,WRANGLER,,1984
25201-2,JEEP,WRANGLER,,1985
25201-2,JEEP,WRANGLER,,1986
25201-2,JEEP,WRANGLER,,1987
25201-2,JEEP,WRANGLER,,1988
25201-2,JEEP,WRANGLER,,1989
25201-2,JEEP,WRANGLER,,1990
25201-2,JEEP,WRANGLER,,1991
25201-2,JEEP,WRANGLER,,1992
25201-2,JEEP,WRANGLER,,1993
25201-2,JEEP,WRANGLER,,1994
25201-2,JEEP,WRANGLER,,1995
25201-2,JEEP,WRANGLER,,1996
25201-2,JEEP,WRANGLER,,1997
25201-2,JEEP,WRANGLER,,1998
25201-2,JEEP,WRANGLER,,1999
25201-2,JEEP,WRANGLER,,2000
25201-2,JEEP,WRANGLER,,2001
25201-2,JEEP,WRANGLER,,2002
25201-2,JEEP,WRANGLER,,2003
25201-2,JEEP,WRANGLER,,2004
25201-2,JEEP,WRANGLER,,2005
25201-2,JEEP,WRANGLER,,2006