2070465,JEEP,WRANGLER,,2007
2070465,JEEP,WRANGLER,,2008
2070465,JEEP,WRANGLER,,2009
2070465,JEEP,WRANGLER,,2010
2070475,JEEP,WRANGLER,,2011
2070475,JEEP,WRANGLER,,2012
2070475,JEEP,WRANGLER,,2013
2070475,JEEP,WRANGLER,,2014
2070475,JEEP,WRANGLER,,2015
256TBL,JEEP,WRANGLER,,2007
256TBL,JEEP,WRANGLER,,2008
256TBL,JEEP,WRANGLER,,2009
256TBL,JEEP,WRANGLER,,2010
256TBL,JEEP,WRANGLER,,2011
256TBL,JEEP,WRANGLER,,2012
256TBL,JEEP,WRANGLER,,2013
256TBL,JEEP,WRANGLER,,2014
256TBL,JEEP,WRANGLER,,2015
25630AB,JEEP,WRANGLER,,2007
25630AB,JEEP,WRANGLER,,2008
25630AB,JEEP,WRANGLER,,2009
25630AB,JEEP,WRANGLER,,2010
25630AB,JEEP,WRANGLER,,2011
25630AB,JEEP,WRANGLER,,2012
25630AB,JEEP,WRANGLER,,2013
25630AB,JEEP,WRANGLER,,2014
25630AB,JEEP,WRANGLER,,2015
AR15800,JEEP,WRANGLER,,2007
AR15800,JEEP,WRANGLER,,2008
AR15800,JEEP,WRANGLER,,2009
AR15800,JEEP,WRANGLER,,2010
AR15800,JEEP,WRANGLER,,2011
AR15800,JEEP,WRANGLER,,2012
AR15800,JEEP,WRANGLER,,2013
AR15800,JEEP,WRANGLER,,2014
AR15800,JEEP,WRANGLER,,2015
15600WRB,JEEP,WRANGLER,,2007
15600WRB,JEEP,WRANGLER,,2008
15600WRB,JEEP,WRANGLER,,2009
15600WRB,JEEP,WRANGLER,,2010
15600WRB,JEEP,WRANGLER,,2011
15600WRB,JEEP,WRANGLER,,2012
15600WRB,JEEP,WRANGLER,,2013
15600WRB,JEEP,WRANGLER,,2014
15600WRB,JEEP,WRANGLER,,2015
55-0001,JEEP,WRANGLER,,2007
55-0001,JEEP,WRANGLER,,2008
55-0001,JEEP,WRANGLER,,2009
55-0001,JEEP,WRANGLER,,2010
55-0001,JEEP,WRANGLER,,2011
55-0001,JEEP,WRANGLER,,2012
55-0001,JEEP,WRANGLER,,2013
55-0001,JEEP,WRANGLER,,2014
55-0001,JEEP,WRANGLER,,2015
55-0000,JEEP,WRANGLER CJ,,1976
55-0000,JEEP,WRANGLER CJ,,1977
55-0000,JEEP,WRANGLER CJ,,1978
55-0000,JEEP,WRANGLER CJ,,1979
55-0000,JEEP,WRANGLER CJ,,1980
55-0000,JEEP,WRANGLER CJ,,1981
55-0000,JEEP,WRANGLER CJ,,1982
55-0000,JEEP,WRANGLER CJ,,1983
55-0000,JEEP,WRANGLER CJ,,1984
55-0000,JEEP,WRANGLER CJ,,1985
55-0000,JEEP,WRANGLER CJ,,1986
55-0000,JEEP,WRANGLER,,1987
55-0000,JEEP,WRANGLER,,1988
55-0000,JEEP,WRANGLER,,1989
55-0000,JEEP,WRANGLER,,1990
55-0000,JEEP,WRANGLER,,1991
55-0000,JEEP,WRANGLER,,1992
55-0000,JEEP,WRANGLER,,1993
55-0000,JEEP,WRANGLER,,1994
55-0000,JEEP,WRANGLER,,1995
55-0000,JEEP,WRANGLER,,1997
55-0000,JEEP,WRANGLER,,1998
55-0000,JEEP,WRANGLER,,1999
55-0000,JEEP,WRANGLER,,2000
55-0000,JEEP,WRANGLER,,2001
55-0000,JEEP,WRANGLER,,2002
55-0000,JEEP,WRANGLER,,2003
55-0000,JEEP,WRANGLER,,2004
55-0000,JEEP,WRANGLER,,2005
55-0000,JEEP,WRANGLER,,2006
AR111900,JEEP,WRANGLER CJ,,1976
AR111900,JEEP,WRANGLER CJ,,1977
AR111900,JEEP,WRANGLER CJ,,1978
AR111900,JEEP,WRANGLER CJ,,1979
AR111900,JEEP,WRANGLER CJ,,1980
AR111900,JEEP,WRANGLER CJ,,1981
AR111900,JEEP,WRANGLER CJ,,1982
AR111900,JEEP,WRANGLER CJ,,1983
AR111900,JEEP,WRANGLER CJ,,1984
AR111900,JEEP,WRANGLER CJ,,1985
AR111900,JEEP,WRANGLER CJ,,1986
AR111900,JEEP,WRANGLER,,1987
AR111900,JEEP,WRANGLER,,1988
AR111900,JEEP,WRANGLER,,1989
AR111900,JEEP,WRANGLER,,1990
AR111900,JEEP,WRANGLER,,1991
AR111900,JEEP,WRANGLER,,1992
AR111900,JEEP,WRANGLER,,1993
AR111900,JEEP,WRANGLER,,1994
AR111900,JEEP,WRANGLER,,1995
AR111900,JEEP,WRANGLER,,1997
AR111900,JEEP,WRANGLER,,1998
AR111900,JEEP,WRANGLER,,1999
AR111900,JEEP,WRANGLER,,2000
AR111900,JEEP,WRANGLER,,2001
AR111900,JEEP,WRANGLER,,2002
AR111900,JEEP,WRANGLER,,2003
AR111900,JEEP,WRANGLER,,2004
AR111900,JEEP,WRANGLER,,2005
AR111900,JEEP,WRANGLER,,2006
AR111900,JEEP,WRANGLER,,2007
AR111900,JEEP,WRANGLER,,2008
AR111900,JEEP,WRANGLER,,2009
AR111900,JEEP,WRANGLER,,2010
AR111900,JEEP,WRANGLER,,2011
AR111900,JEEP,WRANGLER,,2012
AR111900,JEEP,WRANGLER,,2013
AR111900,JEEP,WRANGLER,,2014
AR111900,JEEP,WRANGLER,,2015
15910,JEEP,WRANGLER,,2007
15910,JEEP,WRANGLER,,2008
15910,JEEP,WRANGLER,,2009
15910,JEEP,WRANGLER,,2010
15910,JEEP,WRANGLER,,2011
15910,JEEP,WRANGLER,,2012
15910,JEEP,WRANGLER,,2013
15910,JEEP,WRANGLER,,2014
15910,JEEP,WRANGLER,,2015
15600TW,JEEP,WRANGLER CJ,,1976
15600TW,JEEP,WRANGLER CJ,,1977
15600TW,JEEP,WRANGLER CJ,,1978
15600TW,JEEP,WRANGLER CJ,,1979
15600TW,JEEP,WRANGLER CJ,,1980
15600TW,JEEP,WRANGLER CJ,,1981
15600TW,JEEP,WRANGLER CJ,,1982
15600TW,JEEP,WRANGLER CJ,,1983
15600TW,JEEP,WRANGLER CJ,,1984
15600TW,JEEP,WRANGLER CJ,,1985
15600TW,JEEP,WRANGLER CJ,,1986
15600TW,JEEP,WRANGLER,,1987
15600TW,JEEP,WRANGLER,,1988
15600TW,JEEP,WRANGLER,,1989
15600TW,JEEP,WRANGLER,,1990
15600TW,JEEP,WRANGLER,,1991
15600TW,JEEP,WRANGLER,,1992
15600TW,JEEP,WRANGLER,,1993
15600TW,JEEP,WRANGLER,,1994
15600TW,JEEP,WRANGLER,,1995
15600TW,JEEP,WRANGLER,,1997
15600TW,JEEP,WRANGLER,,1998
15600TW,JEEP,WRANGLER,,1999
15600TW,JEEP,WRANGLER,,2000
15600TW,JEEP,WRANGLER,,2001
15600TW,JEEP,WRANGLER,,2002
15600TW,JEEP,WRANGLER,,2003
15600TW,JEEP,WRANGLER,,2004
15600TW,JEEP,WRANGLER,,2005
15600TW,JEEP,WRANGLER,,2006
15600TW,JEEP,WRANGLER,,2007
15600TW,JEEP,WRANGLER,,2008
15600TW,JEEP,WRANGLER,,2009
15600TW,JEEP,WRANGLER,,2010
15600TW,JEEP,WRANGLER,,2011
15600TW,JEEP,WRANGLER,,2012
15600TW,JEEP,WRANGLER,,2013
15600TW,JEEP,WRANGLER,,2014
15600TW,JEEP,WRANGLER,,2015
15600TW,JEEP,WRANGLER,,2007
15600TW,JEEP,WRANGLER,,2008
15600TW,JEEP,WRANGLER,,2009
15600TW,JEEP,WRANGLER,,2010
15600TW,JEEP,WRANGLER,,2011
15600TW,JEEP,WRANGLER,,2012
15600TW,JEEP,WRANGLER,,2013
15600TW,JEEP,WRANGLER,,2014
15600TW,JEEP,WRANGLER,,2015