P4068,CHEVROLET,SILVERADO 1500,,2007
P4083,CHEVROLET,SILVERADO 1500,,2014
P5058,DODGE,RAM 1500,,2009
P5056,DODGE,RAM 2500,MEGA CAB AND CREW CAB,2010
P5056,DODGE,RAM 3500,MEGA CAB AND CREW CAB,2010
P3063,FORD,F-150,"QUICK RELEASE TILT, ALLOWS ORIGINAL TOW HOOKS",2009
P3066,FORD,F-150,,2015
P3064,FORD,F-250,SUPER DUTY (ALLOWS ORIGINAL TOW HOOKS),2011
P3064,FORD,F-350,SUPER DUTY (ALLOWS ORIGINAL TOW HOOKS),2011
P3064,FORD,F-450,SUPER DUTY (ALLOWS ORIGINAL TOW HOOKS),2011
P3064,FORD,F-550,SUPER DUTY (ALLOWS ORIGINAL TOW HOOKS),2011
P4070,GMC,SIERRA 1500,,2007
P4084,GMC,SIERRA 1500,,2014
P1050,JEEP,WRANGLER,NO HEADLIGHT CAGE,2007
P2054,TOYOTA,TACOMA,,2005
P2062,TOYOTA,TUNDRA,,2007
P2067,TOYOTA,TUNDRA,,2007
P4068,CHEVROLET,SILVERADO 1500,,2008
P4083,CHEVROLET,SILVERADO 1500,,2015
P5058,DODGE,RAM 1500,,2010
P5056,DODGE,RAM 2500,MEGA CAB AND CREW CAB,2011
P5056,DODGE,RAM 3500,MEGA CAB AND CREW CAB,2011
P3063,FORD,F-150,"QUICK RELEASE TILT, ALLOWS ORIGINAL TOW HOOKS",2010
P3064,FORD,F-250,SUPER DUTY (ALLOWS ORIGINAL TOW HOOKS),2012
P3064,FORD,F-350,SUPER DUTY (ALLOWS ORIGINAL TOW HOOKS),2012
P3064,FORD,F-450,SUPER DUTY (ALLOWS ORIGINAL TOW HOOKS),2012
P3064,FORD,F-550,SUPER DUTY (ALLOWS ORIGINAL TOW HOOKS),2012
P4070,GMC,SIERRA 1500,,2008
P4084,GMC,SIERRA 1500,,2015
P1050,JEEP,WRANGLER,NO HEADLIGHT CAGE,2008
P2054,TOYOTA,TACOMA,,2006
P2062,TOYOTA,TUNDRA,,2008
P2067,TOYOTA,TUNDRA,,2008
P4068,CHEVROLET,SILVERADO 1500,,2009
P5058,DODGE,RAM 1500,,2011
P5056,DODGE,RAM 2500,MEGA CAB AND CREW CAB,2012
P5056,DODGE,RAM 3500,MEGA CAB AND CREW CAB,2012
P3063,FORD,F-150,"QUICK RELEASE TILT, ALLOWS ORIGINAL TOW HOOKS",2011
P3064,FORD,F-250,SUPER DUTY (ALLOWS ORIGINAL TOW HOOKS),2013
P3064,FORD,F-350,SUPER DUTY (ALLOWS ORIGINAL TOW HOOKS),2013
P3064,FORD,F-450,SUPER DUTY (ALLOWS ORIGINAL TOW HOOKS),2013
P3064,FORD,F-550,SUPER DUTY (ALLOWS ORIGINAL TOW HOOKS),2013
P4070,GMC,SIERRA 1500,,2009
P1050,JEEP,WRANGLER,NO HEADLIGHT CAGE,2009
P2054,TOYOTA,TACOMA,,2007
P2062,TOYOTA,TUNDRA,,2009
P2067,TOYOTA,TUNDRA,,2009
P4068,CHEVROLET,SILVERADO 1500,,2010
P5058,DODGE,RAM 1500,,2012
P5056,DODGE,RAM 2500,MEGA CAB AND CREW CAB,2013
P5056,DODGE,RAM 3500,MEGA CAB AND CREW CAB,2013
P3063,FORD,F-150,"QUICK RELEASE TILT, ALLOWS ORIGINAL TOW HOOKS",2012
P3064,FORD,F-250,SUPER DUTY (ALLOWS ORIGINAL TOW HOOKS),2014
P3064,FORD,F-350,SUPER DUTY (ALLOWS ORIGINAL TOW HOOKS),2014
P3064,FORD,F-450,SUPER DUTY (ALLOWS ORIGINAL TOW HOOKS),2014
P3064,FORD,F-550,SUPER DUTY (ALLOWS ORIGINAL TOW HOOKS),2014
P4070,GMC,SIERRA 1500,,2010
P1050,JEEP,WRANGLER,NO HEADLIGHT CAGE,2010
P2054,TOYOTA,TACOMA,,2008
P2062,TOYOTA,TUNDRA,,2010
P2067,TOYOTA,TUNDRA,,2010
P4068,CHEVROLET,SILVERADO 1500,,2011
P5058,DODGE,RAM 1500,,2013
P5056,DODGE,RAM 2500,MEGA CAB AND CREW CAB,2014
P5056,DODGE,RAM 3500,MEGA CAB AND CREW CAB,2014
P3063,FORD,F-150,"QUICK RELEASE TILT, ALLOWS ORIGINAL TOW HOOKS",2013
P3064,FORD,F-250,SUPER DUTY (ALLOWS ORIGINAL TOW HOOKS),2015
P3064,FORD,F-350,SUPER DUTY (ALLOWS ORIGINAL TOW HOOKS),2015
P3064,FORD,F-450,SUPER DUTY (ALLOWS ORIGINAL TOW HOOKS),2015
P3064,FORD,F-550,SUPER DUTY (ALLOWS ORIGINAL TOW HOOKS),2015
P4070,GMC,SIERRA 1500,,2011
P1050,JEEP,WRANGLER,NO HEADLIGHT CAGE,2011
P2054,TOYOTA,TACOMA,,2009
P2062,TOYOTA,TUNDRA,,2011
P2067,TOYOTA,TUNDRA,,2011
P4068,CHEVROLET,SILVERADO 1500,,2012
P5058,DODGE,RAM 1500,,2014
P5056,DODGE,RAM 2500,MEGA CAB AND CREW CAB,2015
P5056,DODGE,RAM 3500,MEGA CAB AND CREW CAB,2015
P3063,FORD,F-150,"QUICK RELEASE TILT, ALLOWS ORIGINAL TOW HOOKS",2014
P4070,GMC,SIERRA 1500,,2012
P1050,JEEP,WRANGLER,NO HEADLIGHT CAGE,2012
P2054,TOYOTA,TACOMA,,2010
P2062,TOYOTA,TUNDRA,,2012
P2067,TOYOTA,TUNDRA,,2012
P4068,CHEVROLET,SILVERADO 1500,,2013
P5058,DODGE,RAM 1500,,2015
P4070,GMC,SIERRA 1500,,2013
P1050,JEEP,WRANGLER,NO HEADLIGHT CAGE,2013
P2054,TOYOTA,TACOMA,,2011
P2062,TOYOTA,TUNDRA,,2013
P2067,TOYOTA,TUNDRA,,2013
P1050,JEEP,WRANGLER,NO HEADLIGHT CAGE,2014
P1050,JEEP,WRANGLER,NO HEADLIGHT CAGE,2015
P2054,TOYOTA,TACOMA,,2012
P2067,TOYOTA,TUNDRA,,2014
P2054,TOYOTA,TACOMA,,2013
P2067,TOYOTA,TUNDRA,,2015
P2054,TOYOTA,TACOMA,,2014
P2054,TOYOTA,TACOMA,,2015