35-4003,CADILLAC,ESCALADE,,2007
35-4003,CADILLAC,ESCALADE EXT,,2007
B35-4014,CADILLAC,ESCALADE,,2007
B35-4014,CADILLAC,ESCALADE EXT,,2007
35-4001,CHEVROLET,AVALANCHE 1500,,2001
35-4003,CHEVROLET,AVALANCHE 1500,,2007
35-4002,CHEVROLET,AVALANCHE 2500,,2001
35-4007,CHEVROLET,AVALANCHE 2500,,2007
35-4007,CHEVROLET,AVALANCHE 3500,,2007
35-4009,CHEVROLET,C/K PICKUP,,1988
35-4010,CHEVROLET,COLORADO,,2004
35-4015,CHEVROLET,COLORADO,,2015
35-4001,CHEVROLET,SILVERADO 1500,,1999
35-4001,CHEVROLET,SILVERADO 1500,CLASSIC ONLY,2007
35-4005,CHEVROLET,SILVERADO 1500,,2007
35-4012,CHEVROLET,SILVERADO 1500,,2014
35-4014,CHEVROLET,SILVERADO 1500,,2007
35-4002,CHEVROLET,SILVERADO 2500LD,,1999
35-4002,CHEVROLET,SILVERADO 1500HD,,2001
35-4002,CHEVROLET,SILVERADO 2500HD,,2001
35-4002,CHEVROLET,SILVERADO 3500HD,,2001
35-4002,CHEVROLET,SILVERADO 2500HD,CLASSIC ONLY,2007
35-4002,CHEVROLET,SILVERADO 3500HD,CLASSIC ONLY,2007
35-4006,CHEVROLET,SILVERADO 2500HD,,2007
35-4006,CHEVROLET,SILVERADO 3500HD,,2007
35-4013,CHEVROLET,SILVERADO 2500HD,,2011
35-4013,CHEVROLET,SILVERADO 3500HD,,2011
35-4001,CHEVROLET,SUBURBAN 1500,,2000
35-4003,CHEVROLET,SUBURBAN 1500,,2007
35-4014,CHEVROLET,SUBURBAN 1500,,2007
35-4002,CHEVROLET,SUBURBAN 2500,,2000
35-4007,CHEVROLET,SUBURBAN 2500,,2007
35-4007,CHEVROLET,SUBURBAN 3500,,2007
35-4001,CHEVROLET,TAHOE 1500,,2000
35-4003,CHEVROLET,TAHOE 1500,,2007
35-4014,CHEVROLET,TAHOE 1500,,2007
35-4002,CHEVROLET,TAHOE 2500,,2000
35-4007,CHEVROLET,TAHOE 2500,,2007
35-4007,CHEVROLET,TAHOE 3500,,2007
35-5003,DODGE,DAKOTA,,2005
35-5007,DODGE,DURANGO,,2011
35-5000,DODGE,RAM,QUAD CAB,1994
35-5006,DODGE,RAM,MEGA CAB,2006
35-5006,DODGE,RAM,MEGA CAB,2010
35-5006,DODGE,RAM 1500,QUAD CAB,2002
35-5004,DODGE,RAM 1500,WITH CLADDING WILL TAKE BRACKET EXTENSION,2006
35-5005,DODGE,RAM 1500,,2009
35-5000,DODGE,RAM 2500,EXCLUDING SPORT,1994
35-5000,DODGE,RAM 3500,EXCLUDING SPORT,1994
35-5006,DODGE,RAM 2500,QUAD CAB,2003
35-5006,DODGE,RAM 3500,QUAD CAB,2003
35-5006,DODGE,RAM 2500,CREW CAB,2010
35-5006,DODGE,RAM 3500,CREW CAB,2010
35-3001,FORD,EXCURSION,,2000
35-3004,FORD,EXPEDITION,4WD ONLY,1997
35-3003,FORD,EXPEDITION,,2003
35-3007,FORD,EXPEDITION,,2007
35-3005,FORD,EXPLORER,,2006
35-3013,FORD,EXPLORER,,2011
35-3004,FORD,F-150,4WD ONLY,1997
35-3004,FORD,F-150,2WD ONLY,1999
35-3007,FORD,F-150,EXCLUDING RAPTOR,2004
35-3001,FORD,F-250,SUPER DUTY,1999
35-3001,FORD,F-350,SUPER DUTY,1999
35-3006,FORD,F-250,SUPER DUTY,2008
35-3006,FORD,F-350,SUPER DUTY,2008
35-3012,FORD,F-350,SUPER DUTY (ALLOWS ORIGINAL TOW HOOKS),2011
35-3012,FORD,F-450,SUPER DUTY (ALLOWS ORIGINAL TOW HOOKS),2011
35-3012,FORD,F-550,SUPER DUTY (ALLOWS ORIGINAL TOW HOOKS),2011
35-3011,FORD,RANGER,,2008
35-3009,FORD,RANGER,XLT,1998
35-3009,FORD,RANGER,EDGE,1998
35-3005,FORD,SPORT TRAC,,2007
35-4009,GMC,C/K PICKUP,,1988
35-4010,GMC,CANYON,,2004
35-4015,GMC,CANYON,,2015
35-4001,GMC,SIERRA 1500,,1999
35-4001,GMC,SIERRA 1500,CLASSIC ONLY,2007
35-4005,GMC,SIERRA 1500,CUT LOW VALANCE,2007
35-4008,GMC,SIERRA 1500,NO CUT,2007
35-4012,GMC,SIERRA 1500,,2014
35-4014,GMC,SIERRA 1500,,2007
35-4002,GMC,SIERRA 2500LD,,1999
35-4002,GMC,SIERRA 1500HD,,2001
35-4002,GMC,SIERRA 2500HD,,2001
35-4002,GMC,SIERRA 3500HD,,2001
35-4002,GMC,SIERRA 1500HD,CLASSIC ONLY,2007
35-4002,GMC,SIERRA 2500HD,CLASSIC ONLY,2007
35-4002,GMC,SIERRA 3500HD,CLASSIC ONLY,2007
35-4006,GMC,SIERRA 2500HD,,2007
35-4006,GMC,SIERRA 3500HD,,2007
35-4013,GMC,SIERRA 2500HD,,2011
35-4013,GMC,SIERRA 3500HD,,2011
35-4000,GMC,SUBURBAN,,1973
35-4000,GMC,SUBURBAN,INTERFERES EQUIPMENT WITH LOWER GRILLE,1981
35-4001,GMC,YUKON,,2000
35-4003,GMC,YUKON DENALI XL 1500,,2007
35-4014,GMC,YUKON DENALI XL 1500,,2007
35-4001,GMC,YUKON XL 1500,,2000
35-4007,GMC,YUKON XL 2500,4WD ONLY,2007
35-4002,GMC,YUKON XL 2500LD,,2000
35-6001,HONDA,PILOT,,2003
35-6001,HONDA,RIDGELINE,,2006
35-1001,JEEP,COMMANDER,,2006
35-1001,JEEP,GRAND CHEROKEE,,2005
35-1002,JEEP,GRAND CHEROKEE,,2008
35-1003,JEEP,GRAND CHEROKEE,,2011
35-3007,LINCOLN,MARK LT,,2005
35-9001,NISSAN,ARMADA,,2004
35-9002,NISSAN,FRONTIER,,2005
35-9002,NISSAN,PATHFINDER,,2005
35-9003,NISSAN,PATHFINDER,,2008
35-9001,NISSAN,TITAN,,2004
35-9002,NISSAN,XTERRA,,2005
35-2005,TOYOTA,4RUNNER,,2003
35-2006,TOYOTA,4RUNNER,,2010
35-2006,TOYOTA,4RUNNER,SR5 ONLY (EXCLUDING LIMITED),2014
35-2003,TOYOTA,FJ CRUISER,,2007
35-2007,TOYOTA,HIGHLANDER,BOTH GAS AND HYBRID MODELS,2008
35-2008,TOYOTA,HIGHLANDER,,2011
35-2009,TOYOTA,HIGHLANDER,,2014
35-2001,TOYOTA,SEQUOIA,,2001
35-2004,TOYOTA,SEQUOIA,,2008
35-2000,TOYOTA,TACOMA,2.5 INCH OUTER DIAMETER TUBE,1998
35-2002,TOYOTA,TACOMA,,2005
35-2001,TOYOTA,TUNDRA,,1999
35-2004,TOYOTA,TUNDRA,,2007
B35-4014-3,CADILLAC,ESCALADE,,2007
B35-4014-3,CADILLAC,ESCALADE EXT,,2007
B35-4001-3,CHEVROLET,AVALANCHE 1500,,2001
B35-4002-3,CHEVROLET,AVALANCHE 2500,,2001
B35-4001-3,CHEVROLET,SILVERADO 1500,,1999
B35-4001-3,CHEVROLET,SILVERADO 1500,CLASSIC ONLY,2007
B35-4005-3,CHEVROLET,SILVERADO 1500,,2007
B35-4012-3,CHEVROLET,SILVERADO 1500,,2014
B35-4014-3,CHEVROLET,SILVERADO 1500,,2007
B35-4002-3,CHEVROLET,SILVERADO 2500LD,,1999
B35-4002-3,CHEVROLET,SILVERADO 1500HD,,2001
B35-4002-3,CHEVROLET,SILVERADO 2500HD,,2001
B35-4002-3,CHEVROLET,SILVERADO 3500HD,,2001
B35-4002-3,CHEVROLET,SILVERADO 2500HD,CLASSIC ONLY,2007
B35-4002-3,CHEVROLET,SILVERADO 3500HD,CLASSIC ONLY,2007
B35-4006-3,CHEVROLET,SILVERADO 2500HD,,2007
B35-4006-3,CHEVROLET,SILVERADO 3500HD,,2007
B35-4013-3,CHEVROLET,SILVERADO 2500HD,,2011
B35-4013-3,CHEVROLET,SILVERADO 3500HD,,2011
B35-4001-3,CHEVROLET,SUBURBAN 1500,,2000
B35-4014-3,CHEVROLET,SUBURBAN 1500,,2007
B35-4002-3,CHEVROLET,SUBURBAN 2500,,2000
B35-4001-3,CHEVROLET,TAHOE 1500,,2000
B35-4014-3,CHEVROLET,TAHOE 1500,,2007
B35-4002-3,CHEVROLET,TAHOE 2500,,2000
B35-5006-3,DODGE,RAM,MEGA CAB,2006
B35-5006-3,DODGE,RAM,MEGA CAB,2010
B35-5006-3,DODGE,RAM 1500,QUAD CAB,2002
B35-5004-3,DODGE,RAM 1500,WITH CLADDING WILL TAKE BRACKET EXTENSION,2006
B35-5005-3,DODGE,RAM 1500,,2009
B35-5006-3,DODGE,RAM 2500,QUAD CAB,2003
B35-5006-3,DODGE,RAM 3500,QUAD CAB,2003
B35-5006-3,DODGE,RAM 2500,CREW CAB,2010
B35-5006-3,DODGE,RAM 3500,CREW CAB,2010
B35-3001-3,FORD,EXCURSION,,2000
B35-3007-3,FORD,EXPEDITION,,2007
B35-3007-3,FORD,F-150,EXCLUDING RAPTOR,2004
B35-3001-3,FORD,F-250,SUPER DUTY,1999
B35-3001-3,FORD,F-350,SUPER DUTY,1999
B35-3006-3,FORD,F-250,SUPER DUTY,2008
B35-3006-3,FORD,F-350,SUPER DUTY,2008
B35-3012-3,FORD,F-350,SUPER DUTY (ALLOWS ORIGINAL TOW HOOKS),2011
B35-3012-3,FORD,F-450,SUPER DUTY (ALLOWS ORIGINAL TOW HOOKS),2011
B35-3012-3,FORD,F-550,SUPER DUTY (ALLOWS ORIGINAL TOW HOOKS),2011
B35-4001-3,GMC,SIERRA 1500,,1999
B35-4001-3,GMC,SIERRA 1500,CLASSIC ONLY,2007
B35-4005-3,GMC,SIERRA 1500,CUT LOW VALANCE,2007
B35-4012-3,GMC,SIERRA 1500,,2014
B35-4014-3,GMC,SIERRA 1500,,2007
B35-4002-3,GMC,SIERRA 2500LD,,1999
B35-4002-3,GMC,SIERRA 1500HD,,2001
B35-4002-3,GMC,SIERRA 2500HD,,2001
B35-4002-3,GMC,SIERRA 3500HD,,2001
B35-4002-3,GMC,SIERRA 1500HD,CLASSIC ONLY,2007
B35-4002-3,GMC,SIERRA 2500HD,CLASSIC ONLY,2007
B35-4002-3,GMC,SIERRA 3500HD,CLASSIC ONLY,2007
B35-4006-3,GMC,SIERRA 2500HD,,2007
B35-4006-3,GMC,SIERRA 3500HD,,2007
B35-4013-3,GMC,SIERRA 2500HD,,2011
B35-4013-3,GMC,SIERRA 3500HD,,2011
B35-4001-3,GMC,YUKON,,2000
B35-4014-3,GMC,YUKON DENALI XL 1500,,2007
B35-4001-3,GMC,YUKON XL 1500,,2000
B35-4002-3,GMC,YUKON XL 2500LD,,2000
B35-2004-3,TOYOTA,SEQUOIA,,2008
B35-2002-3,TOYOTA,TACOMA,,2005
B35-2004-3,TOYOTA,TUNDRA,,2007
B35-4003,CADILLAC,ESCALADE,,2007
B35-4003,CADILLAC,ESCALADE EXT,,2007
35-4014,CADILLAC,ESCALADE,,2007
35-4014,CADILLAC,ESCALADE EXT,,2007
B35-4001,CHEVROLET,AVALANCHE 1500,,2001
B35-4003,CHEVROLET,AVALANCHE 1500,,2007
B35-4002,CHEVROLET,AVALANCHE 2500,,2001
B35-4007,CHEVROLET,AVALANCHE 2500,,2007
B35-4007,CHEVROLET,AVALANCHE 3500,,2007
B35-4009,CHEVROLET,C/K PICKUP,,1988
B35-4010,CHEVROLET,COLORADO,,2004
B35-4015,CHEVROLET,COLORADO,,2015
B35-4001,CHEVROLET,SILVERADO 1500,,1999
B35-4001,CHEVROLET,SILVERADO 1500,CLASSIC ONLY,2007
B35-4005,CHEVROLET,SILVERADO 1500,,2007
B35-4012,CHEVROLET,SILVERADO 1500,,2014
B35-4014,CHEVROLET,SILVERADO 1500,,2007
B35-4002,CHEVROLET,SILVERADO 2500LD,,1999
B35-4002,CHEVROLET,SILVERADO 1500HD,,2001
B35-4002,CHEVROLET,SILVERADO 2500HD,,2001
B35-4002,CHEVROLET,SILVERADO 3500HD,,2001
B35-4002,CHEVROLET,SILVERADO 2500HD,CLASSIC ONLY,2007
B35-4002,CHEVROLET,SILVERADO 3500HD,CLASSIC ONLY,2007
B35-4006,CHEVROLET,SILVERADO 2500HD,,2007
B35-4006,CHEVROLET,SILVERADO 3500HD,,2007
B35-4013,CHEVROLET,SILVERADO 2500HD,,2011
B35-4013,CHEVROLET,SILVERADO 3500HD,,2011
B35-4001,CHEVROLET,SUBURBAN 1500,,2000
B35-4003,CHEVROLET,SUBURBAN 1500,,2007
B35-4014,CHEVROLET,SUBURBAN 1500,,2007
B35-4002,CHEVROLET,SUBURBAN 2500,,2000
B35-4007,CHEVROLET,SUBURBAN 2500,,2007
B35-4007,CHEVROLET,SUBURBAN 3500,,2007
B35-4001,CHEVROLET,TAHOE 1500,,2000
B35-4003,CHEVROLET,TAHOE 1500,,2007
B35-4014,CHEVROLET,TAHOE 1500,,2007
B35-4002,CHEVROLET,TAHOE 2500,,2000
B35-4007,CHEVROLET,TAHOE 2500,,2007
B35-4007,CHEVROLET,TAHOE 3500,,2007
B35-5003,DODGE,DAKOTA,,2005
B35-5007,DODGE,DURANGO,,2011
B35-5000,DODGE,RAM,QUAD CAB,1994
B35-5006,DODGE,RAM,MEGA CAB,2006
B35-5006,DODGE,RAM,MEGA CAB,2010
B35-5006,DODGE,RAM 1500,QUAD CAB,2002
B35-5004,DODGE,RAM 1500,WITH CLADDING WILL TAKE BRACKET EXTENSION,2006
B35-5005,DODGE,RAM 1500,,2009
B35-5000,DODGE,RAM 2500,EXCLUDING SPORT,1994
B35-5000,DODGE,RAM 3500,EXCLUDING SPORT,1994
B35-5006,DODGE,RAM 2500,QUAD CAB,2003
B35-5006,DODGE,RAM 3500,QUAD CAB,2003
B35-5006,DODGE,RAM 2500,CREW CAB,2010
B35-5006,DODGE,RAM 3500,CREW CAB,2010
B35-3001,FORD,EXCURSION,,2000
B35-3004,FORD,EXPEDITION,4WD ONLY,1997
B35-3003,FORD,EXPEDITION,,2003
B35-3007,FORD,EXPEDITION,,2007
B35-3005,FORD,EXPLORER,,2006
B35-3013,FORD,EXPLORER,,2011
B35-3004,FORD,F-150,4WD ONLY,1997
B35-3004,FORD,F-150,2WD ONLY,1999
B35-3007,FORD,F-150,EXCLUDING RAPTOR,2004
B35-3001,FORD,F-250,SUPER DUTY,1999
B35-3001,FORD,F-350,SUPER DUTY,1999
B35-3006,FORD,F-250,SUPER DUTY,2008
B35-3006,FORD,F-350,SUPER DUTY,2008
B35-3012,FORD,F-350,SUPER DUTY (ALLOWS ORIGINAL TOW HOOKS),2011
B35-3012,FORD,F-450,SUPER DUTY (ALLOWS ORIGINAL TOW HOOKS),2011
B35-3012,FORD,F-550,SUPER DUTY (ALLOWS ORIGINAL TOW HOOKS),2011
B35-3011,FORD,RANGER,,2008
B35-3009,FORD,RANGER,XLT,1998
B35-3009,FORD,RANGER,EDGE,1998
B35-3005,FORD,SPORT TRAC,,2007
B35-4009,GMC,C/K PICKUP,,1988
B35-4010,GMC,CANYON,,2004
B35-4015,GMC,CANYON,,2015
B35-4001,GMC,SIERRA 1500,,1999
B35-4001,GMC,SIERRA 1500,CLASSIC ONLY,2007
B35-4005,GMC,SIERRA 1500,CUT LOW VALANCE,2007
B35-4008,GMC,SIERRA 1500,NO CUT,2007
B35-4012,GMC,SIERRA 1500,,2014
B35-4014,GMC,SIERRA 1500,,2007
B35-4002,GMC,SIERRA 2500LD,,1999
B35-4002,GMC,SIERRA 1500HD,,2001
B35-4002,GMC,SIERRA 2500HD,,2001
B35-4002,GMC,SIERRA 3500HD,,2001
B35-4002,GMC,SIERRA 1500HD,CLASSIC ONLY,2007
B35-4002,GMC,SIERRA 2500HD,CLASSIC ONLY,2007
B35-4002,GMC,SIERRA 3500HD,CLASSIC ONLY,2007
B35-4006,GMC,SIERRA 2500HD,,2007
B35-4006,GMC,SIERRA 3500HD,,2007
B35-4013,GMC,SIERRA 2500HD,,2011
B35-4013,GMC,SIERRA 3500HD,,2011
B35-4000,GMC,SUBURBAN,,1973
B35-4000,GMC,SUBURBAN,INTERFERES EQUIPMENT WITH LOWER GRILLE,1981
B35-4001,GMC,YUKON,,2000
B35-4003,GMC,YUKON DENALI XL 1500,,2007
B35-4014,GMC,YUKON DENALI XL 1500,,2007
B35-4001,GMC,YUKON XL 1500,,2000
B35-4007,GMC,YUKON XL 2500,4WD ONLY,2007
B35-4002,GMC,YUKON XL 2500LD,,2000
B35-6001,HONDA,PILOT,,2003
B35-6001,HONDA,RIDGELINE,,2006
B35-1001,JEEP,COMMANDER,,2006
B35-1001,JEEP,GRAND CHEROKEE,,2005
B35-1002,JEEP,GRAND CHEROKEE,,2008
B35-1003,JEEP,GRAND CHEROKEE,,2011
B35-3007,LINCOLN,MARK LT,,2005
B35-9001,NISSAN,ARMADA,,2004
B35-9002,NISSAN,FRONTIER,,2005
B35-9002,NISSAN,PATHFINDER,,2005
B35-9003,NISSAN,PATHFINDER,,2008
B35-9001,NISSAN,TITAN,,2004
B35-9002,NISSAN,XTERRA,,2005
B35-2005,TOYOTA,4RUNNER,,2003
B35-2006,TOYOTA,4RUNNER,,2010
B35-2006,TOYOTA,4RUNNER,SR5 ONLY (EXCLUDING LIMITED),2014
B35-2003,TOYOTA,FJ CRUISER,,2007
B35-2007,TOYOTA,HIGHLANDER,BOTH GAS AND HYBRID MODELS,2008
B35-2008,TOYOTA,HIGHLANDER,,2011
B35-2009,TOYOTA,HIGHLANDER,,2014
B35-2001,TOYOTA,SEQUOIA,,2001
B35-2004,TOYOTA,SEQUOIA,,2008
B35-2000,TOYOTA,TACOMA,2.5 INCH OUTER DIAMETER TUBE,1998
B35-2002,TOYOTA,TACOMA,,2005
B35-2001,TOYOTA,TUNDRA,,1999
B35-2004,TOYOTA,TUNDRA,,2007
35-4003,CADILLAC,ESCALADE,,2008
35-4003,CADILLAC,ESCALADE EXT,,2008
B35-4014,CADILLAC,ESCALADE,,2008
B35-4014,CADILLAC,ESCALADE EXT,,2008
35-4001,CHEVROLET,AVALANCHE 1500,,2002
35-4003,CHEVROLET,AVALANCHE 1500,,2008
35-4002,CHEVROLET,AVALANCHE 2500,,2002
35-4007,CHEVROLET,AVALANCHE 2500,,2008
35-4007,CHEVROLET,AVALANCHE 3500,,2008
35-4009,CHEVROLET,C/K PICKUP,,1989
35-4010,CHEVROLET,COLORADO,,2005
35-4001,CHEVROLET,SILVERADO 1500,,2000
35-4005,CHEVROLET,SILVERADO 1500,,2008
35-4012,CHEVROLET,SILVERADO 1500,,2015
35-4014,CHEVROLET,SILVERADO 1500,,2008
35-4002,CHEVROLET,SILVERADO 2500LD,,2000
35-4002,CHEVROLET,SILVERADO 1500HD,,2002
35-4002,CHEVROLET,SILVERADO 2500HD,,2002
35-4002,CHEVROLET,SILVERADO 3500HD,,2002
35-4006,CHEVROLET,SILVERADO 2500HD,,2008
35-4006,CHEVROLET,SILVERADO 3500HD,,2008
35-4013,CHEVROLET,SILVERADO 2500HD,,2012
35-4013,CHEVROLET,SILVERADO 3500HD,,2012
35-4001,CHEVROLET,SUBURBAN 1500,,2001
35-4003,CHEVROLET,SUBURBAN 1500,,2008
35-4014,CHEVROLET,SUBURBAN 1500,,2008
35-4002,CHEVROLET,SUBURBAN 2500,,2001
35-4007,CHEVROLET,SUBURBAN 2500,,2008
35-4007,CHEVROLET,SUBURBAN 3500,,2008
35-4001,CHEVROLET,TAHOE 1500,,2001
35-4003,CHEVROLET,TAHOE 1500,,2008
35-4014,CHEVROLET,TAHOE 1500,,2008
35-4002,CHEVROLET,TAHOE 2500,,2001
35-4007,CHEVROLET,TAHOE 2500,,2008
35-4007,CHEVROLET,TAHOE 3500,,2008
35-5003,DODGE,DAKOTA,,2006
35-5007,DODGE,DURANGO,,2012
35-5000,DODGE,RAM,QUAD CAB,1995
35-5006,DODGE,RAM,MEGA CAB,2007
35-5006,DODGE,RAM,MEGA CAB,2011
35-5006,DODGE,RAM 1500,QUAD CAB,2003
35-5004,DODGE,RAM 1500,WITH CLADDING WILL TAKE BRACKET EXTENSION,2007
35-5005,DODGE,RAM 1500,,2010
35-5000,DODGE,RAM 2500,EXCLUDING SPORT,1995
35-5000,DODGE,RAM 3500,EXCLUDING SPORT,1995
35-5006,DODGE,RAM 2500,QUAD CAB,2004
35-5006,DODGE,RAM 3500,QUAD CAB,2004
35-5006,DODGE,RAM 2500,CREW CAB,2011
35-5006,DODGE,RAM 3500,CREW CAB,2011
35-3001,FORD,EXCURSION,,2001
35-3004,FORD,EXPEDITION,4WD ONLY,1998
35-3003,FORD,EXPEDITION,,2004
35-3007,FORD,EXPEDITION,,2008
35-3005,FORD,EXPLORER,,2007
35-3013,FORD,EXPLORER,,2012
35-3004,FORD,F-150,4WD ONLY,1998
35-3004,FORD,F-150,2WD ONLY,2000
35-3007,FORD,F-150,EXCLUDING RAPTOR,2005
35-3001,FORD,F-250,SUPER DUTY,2000
35-3001,FORD,F-350,SUPER DUTY,2000
35-3006,FORD,F-250,SUPER DUTY,2009
35-3006,FORD,F-350,SUPER DUTY,2009
35-3012,FORD,F-350,SUPER DUTY (ALLOWS ORIGINAL TOW HOOKS),2012
35-3012,FORD,F-450,SUPER DUTY (ALLOWS ORIGINAL TOW HOOKS),2012
35-3012,FORD,F-550,SUPER DUTY (ALLOWS ORIGINAL TOW HOOKS),2012
35-3011,FORD,RANGER,,2009
35-3009,FORD,RANGER,XLT,1999
35-3009,FORD,RANGER,EDGE,1999
35-3005,FORD,SPORT TRAC,,2008
35-4009,GMC,C/K PICKUP,,1989
35-4010,GMC,CANYON,,2005
35-4001,GMC,SIERRA 1500,,2000
35-4005,GMC,SIERRA 1500,CUT LOW VALANCE,2008
35-4008,GMC,SIERRA 1500,NO CUT,2008
35-4012,GMC,SIERRA 1500,,2015
35-4014,GMC,SIERRA 1500,,2008
35-4002,GMC,SIERRA 2500LD,,2000
35-4002,GMC,SIERRA 1500HD,,2002
35-4002,GMC,SIERRA 2500HD,,2002
35-4002,GMC,SIERRA 3500HD,,2002
35-4006,GMC,SIERRA 2500HD,,2008
35-4006,GMC,SIERRA 3500HD,,2008
35-4013,GMC,SIERRA 2500HD,,2012
35-4013,GMC,SIERRA 3500HD,,2012
35-4000,GMC,SUBURBAN,,1974
35-4000,GMC,SUBURBAN,INTERFERES EQUIPMENT WITH LOWER GRILLE,1982
35-4001,GMC,YUKON,,2001
35-4003,GMC,YUKON DENALI XL 1500,,2008
35-4014,GMC,YUKON DENALI XL 1500,,2008
35-4001,GMC,YUKON XL 1500,,2001
35-4007,GMC,YUKON XL 2500,4WD ONLY,2008
35-4002,GMC,YUKON XL 2500LD,,2001
35-6001,HONDA,PILOT,,2004
35-6001,HONDA,RIDGELINE,,2007
35-1001,JEEP,COMMANDER,,2007
35-1001,JEEP,GRAND CHEROKEE,,2006
35-1002,JEEP,GRAND CHEROKEE,,2009
35-1003,JEEP,GRAND CHEROKEE,,2012
35-3007,LINCOLN,MARK LT,,2006
35-9001,NISSAN,ARMADA,,2005
35-9002,NISSAN,FRONTIER,,2006
35-9002,NISSAN,PATHFINDER,,2006
35-9003,NISSAN,PATHFINDER,,2009
35-9001,NISSAN,TITAN,,2005
35-9002,NISSAN,XTERRA,,2006
35-2005,TOYOTA,4RUNNER,,2004
35-2006,TOYOTA,4RUNNER,,2011
35-2006,TOYOTA,4RUNNER,SR5 ONLY (EXCLUDING LIMITED),2015
35-2003,TOYOTA,FJ CRUISER,,2008
35-2007,TOYOTA,HIGHLANDER,BOTH GAS AND HYBRID MODELS,2009
35-2008,TOYOTA,HIGHLANDER,,2012
35-2009,TOYOTA,HIGHLANDER,,2015
35-2001,TOYOTA,SEQUOIA,,2002
35-2004,TOYOTA,SEQUOIA,,2009
35-2000,TOYOTA,TACOMA,2.5 INCH OUTER DIAMETER TUBE,1999
35-2002,TOYOTA,TACOMA,,2006
35-2001,TOYOTA,TUNDRA,,2000
35-2004,TOYOTA,TUNDRA,,2008
B35-4014-3,CADILLAC,ESCALADE,,2008
B35-4014-3,CADILLAC,ESCALADE EXT,,2008
B35-4001-3,CHEVROLET,AVALANCHE 1500,,2002
B35-4002-3,CHEVROLET,AVALANCHE 2500,,2002
B35-4001-3,CHEVROLET,SILVERADO 1500,,2000
B35-4005-3,CHEVROLET,SILVERADO 1500,,2008
B35-4012-3,CHEVROLET,SILVERADO 1500,,2015
B35-4014-3,CHEVROLET,SILVERADO 1500,,2008
B35-4002-3,CHEVROLET,SILVERADO 2500LD,,2000
B35-4002-3,CHEVROLET,SILVERADO 1500HD,,2002
B35-4002-3,CHEVROLET,SILVERADO 2500HD,,2002
B35-4002-3,CHEVROLET,SILVERADO 3500HD,,2002
B35-4006-3,CHEVROLET,SILVERADO 2500HD,,2008
B35-4006-3,CHEVROLET,SILVERADO 3500HD,,2008
B35-4013-3,CHEVROLET,SILVERADO 2500HD,,2012
B35-4013-3,CHEVROLET,SILVERADO 3500HD,,2012
B35-4001-3,CHEVROLET,SUBURBAN 1500,,2001
B35-4014-3,CHEVROLET,SUBURBAN 1500,,2008
B35-4002-3,CHEVROLET,SUBURBAN 2500,,2001
B35-4001-3,CHEVROLET,TAHOE 1500,,2001
B35-4014-3,CHEVROLET,TAHOE 1500,,2008
B35-4002-3,CHEVROLET,TAHOE 2500,,2001
B35-5006-3,DODGE,RAM,MEGA CAB,2007
B35-5006-3,DODGE,RAM,MEGA CAB,2011
B35-5006-3,DODGE,RAM 1500,QUAD CAB,2003
B35-5004-3,DODGE,RAM 1500,WITH CLADDING WILL TAKE BRACKET EXTENSION,2007
B35-5005-3,DODGE,RAM 1500,,2010
B35-5006-3,DODGE,RAM 2500,QUAD CAB,2004
B35-5006-3,DODGE,RAM 3500,QUAD CAB,2004
B35-5006-3,DODGE,RAM 2500,CREW CAB,2011
B35-5006-3,DODGE,RAM 3500,CREW CAB,2011
B35-3001-3,FORD,EXCURSION,,2001
B35-3007-3,FORD,EXPEDITION,,2008
B35-3007-3,FORD,F-150,EXCLUDING RAPTOR,2005
B35-3001-3,FORD,F-250,SUPER DUTY,2000
B35-3001-3,FORD,F-350,SUPER DUTY,2000
B35-3006-3,FORD,F-250,SUPER DUTY,2009
B35-3006-3,FORD,F-350,SUPER DUTY,2009
B35-3012-3,FORD,F-350,SUPER DUTY (ALLOWS ORIGINAL TOW HOOKS),2012
B35-3012-3,FORD,F-450,SUPER DUTY (ALLOWS ORIGINAL TOW HOOKS),2012
B35-3012-3,FORD,F-550,SUPER DUTY (ALLOWS ORIGINAL TOW HOOKS),2012
B35-4001-3,GMC,SIERRA 1500,,2000
B35-4005-3,GMC,SIERRA 1500,CUT LOW VALANCE,2008
B35-4012-3,GMC,SIERRA 1500,,2015
B35-4014-3,GMC,SIERRA 1500,,2008
B35-4002-3,GMC,SIERRA 2500LD,,2000
B35-4002-3,GMC,SIERRA 1500HD,,2002
B35-4002-3,GMC,SIERRA 2500HD,,2002
B35-4002-3,GMC,SIERRA 3500HD,,2002
B35-4006-3,GMC,SIERRA 2500HD,,2008
B35-4006-3,GMC,SIERRA 3500HD,,2008
B35-4013-3,GMC,SIERRA 2500HD,,2012
B35-4013-3,GMC,SIERRA 3500HD,,2012
B35-4001-3,GMC,YUKON,,2001
B35-4014-3,GMC,YUKON DENALI XL 1500,,2008
B35-4001-3,GMC,YUKON XL 1500,,2001
B35-4002-3,GMC,YUKON XL 2500LD,,2001
B35-2004-3,TOYOTA,SEQUOIA,,2009
B35-2002-3,TOYOTA,TACOMA,,2006
B35-2004-3,TOYOTA,TUNDRA,,2008
B35-4003,CADILLAC,ESCALADE,,2008
B35-4003,CADILLAC,ESCALADE EXT,,2008
35-4014,CADILLAC,ESCALADE,,2008
35-4014,CADILLAC,ESCALADE EXT,,2008
B35-4001,CHEVROLET,AVALANCHE 1500,,2002
B35-4003,CHEVROLET,AVALANCHE 1500,,2008
B35-4002,CHEVROLET,AVALANCHE 2500,,2002
B35-4007,CHEVROLET,AVALANCHE 2500,,2008
B35-4007,CHEVROLET,AVALANCHE 3500,,2008
B35-4009,CHEVROLET,C/K PICKUP,,1989
B35-4010,CHEVROLET,COLORADO,,2005
B35-4001,CHEVROLET,SILVERADO 1500,,2000
B35-4005,CHEVROLET,SILVERADO 1500,,2008
B35-4012,CHEVROLET,SILVERADO 1500,,2015
B35-4014,CHEVROLET,SILVERADO 1500,,2008
B35-4002,CHEVROLET,SILVERADO 2500LD,,2000
B35-4002,CHEVROLET,SILVERADO 1500HD,,2002
B35-4002,CHEVROLET,SILVERADO 2500HD,,2002
B35-4002,CHEVROLET,SILVERADO 3500HD,,2002
B35-4006,CHEVROLET,SILVERADO 2500HD,,2008
B35-4006,CHEVROLET,SILVERADO 3500HD,,2008
B35-4013,CHEVROLET,SILVERADO 2500HD,,2012
B35-4013,CHEVROLET,SILVERADO 3500HD,,2012
B35-4001,CHEVROLET,SUBURBAN 1500,,2001
B35-4003,CHEVROLET,SUBURBAN 1500,,2008
B35-4014,CHEVROLET,SUBURBAN 1500,,2008
B35-4002,CHEVROLET,SUBURBAN 2500,,2001
B35-4007,CHEVROLET,SUBURBAN 2500,,2008
B35-4007,CHEVROLET,SUBURBAN 3500,,2008
B35-4001,CHEVROLET,TAHOE 1500,,2001
B35-4003,CHEVROLET,TAHOE 1500,,2008
B35-4014,CHEVROLET,TAHOE 1500,,2008
B35-4002,CHEVROLET,TAHOE 2500,,2001
B35-4007,CHEVROLET,TAHOE 2500,,2008
B35-4007,CHEVROLET,TAHOE 3500,,2008
B35-5003,DODGE,DAKOTA,,2006
B35-5007,DODGE,DURANGO,,2012
B35-5000,DODGE,RAM,QUAD CAB,1995
B35-5006,DODGE,RAM,MEGA CAB,2007
B35-5006,DODGE,RAM,MEGA CAB,2011
B35-5006,DODGE,RAM 1500,QUAD CAB,2003
B35-5004,DODGE,RAM 1500,WITH CLADDING WILL TAKE BRACKET EXTENSION,2007
B35-5005,DODGE,RAM 1500,,2010
B35-5000,DODGE,RAM 2500,EXCLUDING SPORT,1995
B35-5000,DODGE,RAM 3500,EXCLUDING SPORT,1995
B35-5006,DODGE,RAM 2500,QUAD CAB,2004
B35-5006,DODGE,RAM 3500,QUAD CAB,2004
B35-5006,DODGE,RAM 2500,CREW CAB,2011
B35-5006,DODGE,RAM 3500,CREW CAB,2011
B35-3001,FORD,EXCURSION,,2001
B35-3004,FORD,EXPEDITION,4WD ONLY,1998
B35-3003,FORD,EXPEDITION,,2004
B35-3007,FORD,EXPEDITION,,2008
B35-3005,FORD,EXPLORER,,2007
B35-3013,FORD,EXPLORER,,2012
B35-3004,FORD,F-150,4WD ONLY,1998
B35-3004,FORD,F-150,2WD ONLY,2000
B35-3007,FORD,F-150,EXCLUDING RAPTOR,2005
B35-3001,FORD,F-250,SUPER DUTY,2000
B35-3001,FORD,F-350,SUPER DUTY,2000
B35-3006,FORD,F-250,SUPER DUTY,2009
B35-3006,FORD,F-350,SUPER DUTY,2009
B35-3012,FORD,F-350,SUPER DUTY (ALLOWS ORIGINAL TOW HOOKS),2012
B35-3012,FORD,F-450,SUPER DUTY (ALLOWS ORIGINAL TOW HOOKS),2012
B35-3012,FORD,F-550,SUPER DUTY (ALLOWS ORIGINAL TOW HOOKS),2012
B35-3011,FORD,RANGER,,2009
B35-3009,FORD,RANGER,XLT,1999
B35-3009,FORD,RANGER,EDGE,1999
B35-3005,FORD,SPORT TRAC,,2008
B35-4009,GMC,C/K PICKUP,,1989
B35-4010,GMC,CANYON,,2005
B35-4001,GMC,SIERRA 1500,,2000
B35-4005,GMC,SIERRA 1500,CUT LOW VALANCE,2008
B35-4008,GMC,SIERRA 1500,NO CUT,2008
B35-4012,GMC,SIERRA 1500,,2015
B35-4014,GMC,SIERRA 1500,,2008
B35-4002,GMC,SIERRA 2500LD,,2000
B35-4002,GMC,SIERRA 1500HD,,2002
B35-4002,GMC,SIERRA 2500HD,,2002
B35-4002,GMC,SIERRA 3500HD,,2002
B35-4006,GMC,SIERRA 2500HD,,2008
B35-4006,GMC,SIERRA 3500HD,,2008
B35-4013,GMC,SIERRA 2500HD,,2012
B35-4013,GMC,SIERRA 3500HD,,2012
B35-4000,GMC,SUBURBAN,,1974
B35-4000,GMC,SUBURBAN,INTERFERES EQUIPMENT WITH LOWER GRILLE,1982
B35-4001,GMC,YUKON,,2001
B35-4003,GMC,YUKON DENALI XL 1500,,2008
B35-4014,GMC,YUKON DENALI XL 1500,,2008
B35-4001,GMC,YUKON XL 1500,,2001
B35-4007,GMC,YUKON XL 2500,4WD ONLY,2008
B35-4002,GMC,YUKON XL 2500LD,,2001
B35-6001,HONDA,PILOT,,2004
B35-6001,HONDA,RIDGELINE,,2007
B35-1001,JEEP,COMMANDER,,2007
B35-1001,JEEP,GRAND CHEROKEE,,2006
B35-1002,JEEP,GRAND CHEROKEE,,2009
B35-1003,JEEP,GRAND CHEROKEE,,2012
B35-3007,LINCOLN,MARK LT,,2006
B35-9001,NISSAN,ARMADA,,2005
B35-9002,NISSAN,FRONTIER,,2006
B35-9002,NISSAN,PATHFINDER,,2006
B35-9003,NISSAN,PATHFINDER,,2009
B35-9001,NISSAN,TITAN,,2005
B35-9002,NISSAN,XTERRA,,2006
B35-2005,TOYOTA,4RUNNER,,2004
B35-2006,TOYOTA,4RUNNER,,2011
B35-2006,TOYOTA,4RUNNER,SR5 ONLY (EXCLUDING LIMITED),2015
B35-2003,TOYOTA,FJ CRUISER,,2008
B35-2007,TOYOTA,HIGHLANDER,BOTH GAS AND HYBRID MODELS,2009
B35-2008,TOYOTA,HIGHLANDER,,2012
B35-2009,TOYOTA,HIGHLANDER,,2015
B35-2001,TOYOTA,SEQUOIA,,2002
B35-2004,TOYOTA,SEQUOIA,,2009
B35-2000,TOYOTA,TACOMA,2.5 INCH OUTER DIAMETER TUBE,1999
B35-2002,TOYOTA,TACOMA,,2006
B35-2001,TOYOTA,TUNDRA,,2000
B35-2004,TOYOTA,TUNDRA,,2008
35-4003,CADILLAC,ESCALADE,,2009
35-4003,CADILLAC,ESCALADE EXT,,2009
B35-4014,CADILLAC,ESCALADE,,2009
B35-4014,CADILLAC,ESCALADE EXT,,2009
35-4001,CHEVROLET,AVALANCHE 1500,,2003
35-4003,CHEVROLET,AVALANCHE 1500,,2009
35-4002,CHEVROLET,AVALANCHE 2500,,2003
35-4007,CHEVROLET,AVALANCHE 2500,,2009
35-4007,CHEVROLET,AVALANCHE 3500,,2009
35-4009,CHEVROLET,C/K PICKUP,,1990
35-4010,CHEVROLET,COLORADO,,2006
35-4001,CHEVROLET,SILVERADO 1500,,2001
35-4005,CHEVROLET,SILVERADO 1500,,2009
35-4014,CHEVROLET,SILVERADO 1500,,2009
35-4002,CHEVROLET,SILVERADO 2500LD,,2001
35-4002,CHEVROLET,SILVERADO 1500HD,,2003
35-4002,CHEVROLET,SILVERADO 2500HD,,2003
35-4002,CHEVROLET,SILVERADO 3500HD,,2003
35-4006,CHEVROLET,SILVERADO 2500HD,,2009
35-4006,CHEVROLET,SILVERADO 3500HD,,2009
35-4013,CHEVROLET,SILVERADO 2500HD,,2013
35-4013,CHEVROLET,SILVERADO 3500HD,,2013
35-4001,CHEVROLET,SUBURBAN 1500,,2002
35-4003,CHEVROLET,SUBURBAN 1500,,2009
35-4014,CHEVROLET,SUBURBAN 1500,,2009
35-4002,CHEVROLET,SUBURBAN 2500,,2002
35-4007,CHEVROLET,SUBURBAN 2500,,2009
35-4007,CHEVROLET,SUBURBAN 3500,,2009
35-4001,CHEVROLET,TAHOE 1500,,2002
35-4003,CHEVROLET,TAHOE 1500,,2009
35-4014,CHEVROLET,TAHOE 1500,,2009
35-4002,CHEVROLET,TAHOE 2500,,2002
35-4007,CHEVROLET,TAHOE 2500,,2009
35-4007,CHEVROLET,TAHOE 3500,,2009
35-5003,DODGE,DAKOTA,,2007
35-5007,DODGE,DURANGO,,2013
35-5000,DODGE,RAM,QUAD CAB,1996
35-5006,DODGE,RAM,MEGA CAB,2008
35-5006,DODGE,RAM,MEGA CAB,2012
35-5006,DODGE,RAM 1500,QUAD CAB,2004
35-5004,DODGE,RAM 1500,WITH CLADDING WILL TAKE BRACKET EXTENSION,2008
35-5005,DODGE,RAM 1500,,2011
35-5000,DODGE,RAM 2500,EXCLUDING SPORT,1996
35-5000,DODGE,RAM 3500,EXCLUDING SPORT,1996
35-5006,DODGE,RAM 2500,QUAD CAB,2005
35-5006,DODGE,RAM 3500,QUAD CAB,2005
35-5006,DODGE,RAM 2500,CREW CAB,2012
35-5006,DODGE,RAM 3500,CREW CAB,2012
35-3001,FORD,EXCURSION,,2002
35-3004,FORD,EXPEDITION,4WD ONLY,1999
35-3003,FORD,EXPEDITION,,2005
35-3007,FORD,EXPEDITION,,2009
35-3005,FORD,EXPLORER,,2008
35-3013,FORD,EXPLORER,,2013
35-3004,FORD,F-150,4WD ONLY,1999
35-3004,FORD,F-150,2WD ONLY,2001
35-3007,FORD,F-150,EXCLUDING RAPTOR,2006
35-3001,FORD,F-250,SUPER DUTY,2001
35-3001,FORD,F-350,SUPER DUTY,2001
35-3006,FORD,F-250,SUPER DUTY,2010
35-3006,FORD,F-350,SUPER DUTY,2010
35-3012,FORD,F-350,SUPER DUTY (ALLOWS ORIGINAL TOW HOOKS),2013
35-3012,FORD,F-450,SUPER DUTY (ALLOWS ORIGINAL TOW HOOKS),2013
35-3012,FORD,F-550,SUPER DUTY (ALLOWS ORIGINAL TOW HOOKS),2013
35-3011,FORD,RANGER,,2010
35-3009,FORD,RANGER,XLT,2000
35-3009,FORD,RANGER,EDGE,2000
35-3005,FORD,SPORT TRAC,,2009
35-4009,GMC,C/K PICKUP,,1990
35-4010,GMC,CANYON,,2006
35-4001,GMC,SIERRA 1500,,2001
35-4005,GMC,SIERRA 1500,CUT LOW VALANCE,2009
35-4008,GMC,SIERRA 1500,NO CUT,2009
35-4014,GMC,SIERRA 1500,,2009
35-4002,GMC,SIERRA 2500LD,,2001
35-4002,GMC,SIERRA 1500HD,,2003
35-4002,GMC,SIERRA 2500HD,,2003
35-4002,GMC,SIERRA 3500HD,,2003
35-4006,GMC,SIERRA 2500HD,,2009
35-4006,GMC,SIERRA 3500HD,,2009
35-4013,GMC,SIERRA 2500HD,,2013
35-4013,GMC,SIERRA 3500HD,,2013
35-4000,GMC,SUBURBAN,,1975
35-4000,GMC,SUBURBAN,INTERFERES EQUIPMENT WITH LOWER GRILLE,1983
35-4001,GMC,YUKON,,2002
35-4003,GMC,YUKON DENALI XL 1500,,2009
35-4014,GMC,YUKON DENALI XL 1500,,2009
35-4001,GMC,YUKON XL 1500,,2002
35-4007,GMC,YUKON XL 2500,4WD ONLY,2009
35-4002,GMC,YUKON XL 2500LD,,2002
35-6001,HONDA,PILOT,,2005
35-6001,HONDA,RIDGELINE,,2008
35-1001,JEEP,COMMANDER,,2008
35-1001,JEEP,GRAND CHEROKEE,,2007
35-1002,JEEP,GRAND CHEROKEE,,2010
35-1003,JEEP,GRAND CHEROKEE,,2013
35-3007,LINCOLN,MARK LT,,2007
35-9001,NISSAN,ARMADA,,2006
35-9002,NISSAN,FRONTIER,,2007
35-9002,NISSAN,PATHFINDER,,2007
35-9003,NISSAN,PATHFINDER,,2010
35-9001,NISSAN,TITAN,,2006
35-9002,NISSAN,XTERRA,,2007
35-2005,TOYOTA,4RUNNER,,2005
35-2006,TOYOTA,4RUNNER,,2012
35-2003,TOYOTA,FJ CRUISER,,2009
35-2007,TOYOTA,HIGHLANDER,BOTH GAS AND HYBRID MODELS,2010
35-2008,TOYOTA,HIGHLANDER,,2013
35-2001,TOYOTA,SEQUOIA,,2003
35-2004,TOYOTA,SEQUOIA,,2010
35-2000,TOYOTA,TACOMA,2.5 INCH OUTER DIAMETER TUBE,2000
35-2002,TOYOTA,TACOMA,,2007
35-2001,TOYOTA,TUNDRA,,2001
35-2004,TOYOTA,TUNDRA,,2009
B35-4014-3,CADILLAC,ESCALADE,,2009
B35-4014-3,CADILLAC,ESCALADE EXT,,2009
B35-4001-3,CHEVROLET,AVALANCHE 1500,,2003
B35-4002-3,CHEVROLET,AVALANCHE 2500,,2003
B35-4001-3,CHEVROLET,SILVERADO 1500,,2001
B35-4005-3,CHEVROLET,SILVERADO 1500,,2009
B35-4014-3,CHEVROLET,SILVERADO 1500,,2009
B35-4002-3,CHEVROLET,SILVERADO 2500LD,,2001
B35-4002-3,CHEVROLET,SILVERADO 1500HD,,2003
B35-4002-3,CHEVROLET,SILVERADO 2500HD,,2003
B35-4002-3,CHEVROLET,SILVERADO 3500HD,,2003
B35-4006-3,CHEVROLET,SILVERADO 2500HD,,2009
B35-4006-3,CHEVROLET,SILVERADO 3500HD,,2009
B35-4013-3,CHEVROLET,SILVERADO 2500HD,,2013
B35-4013-3,CHEVROLET,SILVERADO 3500HD,,2013
B35-4001-3,CHEVROLET,SUBURBAN 1500,,2002
B35-4014-3,CHEVROLET,SUBURBAN 1500,,2009
B35-4002-3,CHEVROLET,SUBURBAN 2500,,2002
B35-4001-3,CHEVROLET,TAHOE 1500,,2002
B35-4014-3,CHEVROLET,TAHOE 1500,,2009
B35-4002-3,CHEVROLET,TAHOE 2500,,2002
B35-5006-3,DODGE,RAM,MEGA CAB,2008
B35-5006-3,DODGE,RAM,MEGA CAB,2012
B35-5006-3,DODGE,RAM 1500,QUAD CAB,2004
B35-5004-3,DODGE,RAM 1500,WITH CLADDING WILL TAKE BRACKET EXTENSION,2008
B35-5005-3,DODGE,RAM 1500,,2011
B35-5006-3,DODGE,RAM 2500,QUAD CAB,2005
B35-5006-3,DODGE,RAM 3500,QUAD CAB,2005
B35-5006-3,DODGE,RAM 2500,CREW CAB,2012
B35-5006-3,DODGE,RAM 3500,CREW CAB,2012
B35-3001-3,FORD,EXCURSION,,2002
B35-3007-3,FORD,EXPEDITION,,2009
B35-3007-3,FORD,F-150,EXCLUDING RAPTOR,2006
B35-3001-3,FORD,F-250,SUPER DUTY,2001
B35-3001-3,FORD,F-350,SUPER DUTY,2001
B35-3006-3,FORD,F-250,SUPER DUTY,2010
B35-3006-3,FORD,F-350,SUPER DUTY,2010
B35-3012-3,FORD,F-350,SUPER DUTY (ALLOWS ORIGINAL TOW HOOKS),2013
B35-3012-3,FORD,F-450,SUPER DUTY (ALLOWS ORIGINAL TOW HOOKS),2013
B35-3012-3,FORD,F-550,SUPER DUTY (ALLOWS ORIGINAL TOW HOOKS),2013
B35-4001-3,GMC,SIERRA 1500,,2001
B35-4005-3,GMC,SIERRA 1500,CUT LOW VALANCE,2009
B35-4014-3,GMC,SIERRA 1500,,2009
B35-4002-3,GMC,SIERRA 2500LD,,2001
B35-4002-3,GMC,SIERRA 1500HD,,2003
B35-4002-3,GMC,SIERRA 2500HD,,2003
B35-4002-3,GMC,SIERRA 3500HD,,2003
B35-4006-3,GMC,SIERRA 2500HD,,2009
B35-4006-3,GMC,SIERRA 3500HD,,2009
B35-4013-3,GMC,SIERRA 2500HD,,2013
B35-4013-3,GMC,SIERRA 3500HD,,2013
B35-4001-3,GMC,YUKON,,2002
B35-4014-3,GMC,YUKON DENALI XL 1500,,2009
B35-4001-3,GMC,YUKON XL 1500,,2002
B35-4002-3,GMC,YUKON XL 2500LD,,2002
B35-2004-3,TOYOTA,SEQUOIA,,2010
B35-2002-3,TOYOTA,TACOMA,,2007
B35-2004-3,TOYOTA,TUNDRA,,2009
B35-4003,CADILLAC,ESCALADE,,2009
B35-4003,CADILLAC,ESCALADE EXT,,2009
35-4014,CADILLAC,ESCALADE,,2009
35-4014,CADILLAC,ESCALADE EXT,,2009
B35-4001,CHEVROLET,AVALANCHE 1500,,2003
B35-4003,CHEVROLET,AVALANCHE 1500,,2009
B35-4002,CHEVROLET,AVALANCHE 2500,,2003
B35-4007,CHEVROLET,AVALANCHE 2500,,2009
B35-4007,CHEVROLET,AVALANCHE 3500,,2009
B35-4009,CHEVROLET,C/K PICKUP,,1990
B35-4010,CHEVROLET,COLORADO,,2006
B35-4001,CHEVROLET,SILVERADO 1500,,2001
B35-4005,CHEVROLET,SILVERADO 1500,,2009
B35-4014,CHEVROLET,SILVERADO 1500,,2009
B35-4002,CHEVROLET,SILVERADO 2500LD,,2001
B35-4002,CHEVROLET,SILVERADO 1500HD,,2003
B35-4002,CHEVROLET,SILVERADO 2500HD,,2003
B35-4002,CHEVROLET,SILVERADO 3500HD,,2003
B35-4006,CHEVROLET,SILVERADO 2500HD,,2009
B35-4006,CHEVROLET,SILVERADO 3500HD,,2009
B35-4013,CHEVROLET,SILVERADO 2500HD,,2013
B35-4013,CHEVROLET,SILVERADO 3500HD,,2013
B35-4001,CHEVROLET,SUBURBAN 1500,,2002
B35-4003,CHEVROLET,SUBURBAN 1500,,2009
B35-4014,CHEVROLET,SUBURBAN 1500,,2009
B35-4002,CHEVROLET,SUBURBAN 2500,,2002
B35-4007,CHEVROLET,SUBURBAN 2500,,2009
B35-4007,CHEVROLET,SUBURBAN 3500,,2009
B35-4001,CHEVROLET,TAHOE 1500,,2002
B35-4003,CHEVROLET,TAHOE 1500,,2009
B35-4014,CHEVROLET,TAHOE 1500,,2009
B35-4002,CHEVROLET,TAHOE 2500,,2002
B35-4007,CHEVROLET,TAHOE 2500,,2009
B35-4007,CHEVROLET,TAHOE 3500,,2009
B35-5003,DODGE,DAKOTA,,2007
B35-5007,DODGE,DURANGO,,2013
B35-5000,DODGE,RAM,QUAD CAB,1996
B35-5006,DODGE,RAM,MEGA CAB,2008
B35-5006,DODGE,RAM,MEGA CAB,2012
B35-5006,DODGE,RAM 1500,QUAD CAB,2004
B35-5004,DODGE,RAM 1500,WITH CLADDING WILL TAKE BRACKET EXTENSION,2008
B35-5005,DODGE,RAM 1500,,2011
B35-5000,DODGE,RAM 2500,EXCLUDING SPORT,1996
B35-5000,DODGE,RAM 3500,EXCLUDING SPORT,1996
B35-5006,DODGE,RAM 2500,QUAD CAB,2005
B35-5006,DODGE,RAM 3500,QUAD CAB,2005
B35-5006,DODGE,RAM 2500,CREW CAB,2012
B35-5006,DODGE,RAM 3500,CREW CAB,2012
B35-3001,FORD,EXCURSION,,2002
B35-3004,FORD,EXPEDITION,4WD ONLY,1999
B35-3003,FORD,EXPEDITION,,2005
B35-3007,FORD,EXPEDITION,,2009
B35-3005,FORD,EXPLORER,,2008
B35-3013,FORD,EXPLORER,,2013
B35-3004,FORD,F-150,4WD ONLY,1999
B35-3004,FORD,F-150,2WD ONLY,2001
B35-3007,FORD,F-150,EXCLUDING RAPTOR,2006
B35-3001,FORD,F-250,SUPER DUTY,2001
B35-3001,FORD,F-350,SUPER DUTY,2001
B35-3006,FORD,F-250,SUPER DUTY,2010
B35-3006,FORD,F-350,SUPER DUTY,2010
B35-3012,FORD,F-350,SUPER DUTY (ALLOWS ORIGINAL TOW HOOKS),2013
B35-3012,FORD,F-450,SUPER DUTY (ALLOWS ORIGINAL TOW HOOKS),2013
B35-3012,FORD,F-550,SUPER DUTY (ALLOWS ORIGINAL TOW HOOKS),2013
B35-3011,FORD,RANGER,,2010
B35-3009,FORD,RANGER,XLT,2000
B35-3009,FORD,RANGER,EDGE,2000
B35-3005,FORD,SPORT TRAC,,2009
B35-4009,GMC,C/K PICKUP,,1990
B35-4010,GMC,CANYON,,2006
B35-4001,GMC,SIERRA 1500,,2001
B35-4005,GMC,SIERRA 1500,CUT LOW VALANCE,2009
B35-4008,GMC,SIERRA 1500,NO CUT,2009
B35-4014,GMC,SIERRA 1500,,2009
B35-4002,GMC,SIERRA 2500LD,,2001
B35-4002,GMC,SIERRA 1500HD,,2003
B35-4002,GMC,SIERRA 2500HD,,2003
B35-4002,GMC,SIERRA 3500HD,,2003
B35-4006,GMC,SIERRA 2500HD,,2009
B35-4006,GMC,SIERRA 3500HD,,2009
B35-4013,GMC,SIERRA 2500HD,,2013
B35-4013,GMC,SIERRA 3500HD,,2013
B35-4000,GMC,SUBURBAN,,1975
B35-4000,GMC,SUBURBAN,INTERFERES EQUIPMENT WITH LOWER GRILLE,1983
B35-4001,GMC,YUKON,,2002
B35-4003,GMC,YUKON DENALI XL 1500,,2009
B35-4014,GMC,YUKON DENALI XL 1500,,2009
B35-4001,GMC,YUKON XL 1500,,2002
B35-4007,GMC,YUKON XL 2500,4WD ONLY,2009
B35-4002,GMC,YUKON XL 2500LD,,2002
B35-6001,HONDA,PILOT,,2005
B35-6001,HONDA,RIDGELINE,,2008
B35-1001,JEEP,COMMANDER,,2008
B35-1001,JEEP,GRAND CHEROKEE,,2007
B35-1002,JEEP,GRAND CHEROKEE,,2010
B35-1003,JEEP,GRAND CHEROKEE,,2013
B35-3007,LINCOLN,MARK LT,,2007
B35-9001,NISSAN,ARMADA,,2006
B35-9002,NISSAN,FRONTIER,,2007
B35-9002,NISSAN,PATHFINDER,,2007
B35-9003,NISSAN,PATHFINDER,,2010
B35-9001,NISSAN,TITAN,,2006
B35-9002,NISSAN,XTERRA,,2007
B35-2005,TOYOTA,4RUNNER,,2005
B35-2006,TOYOTA,4RUNNER,,2012
B35-2003,TOYOTA,FJ CRUISER,,2009
B35-2007,TOYOTA,HIGHLANDER,BOTH GAS AND HYBRID MODELS,2010
B35-2008,TOYOTA,HIGHLANDER,,2013
B35-2001,TOYOTA,SEQUOIA,,2003
B35-2004,TOYOTA,SEQUOIA,,2010
B35-2000,TOYOTA,TACOMA,2.5 INCH OUTER DIAMETER TUBE,2000
B35-2002,TOYOTA,TACOMA,,2007
B35-2001,TOYOTA,TUNDRA,,2001
B35-2004,TOYOTA,TUNDRA,,2009
35-4003,CADILLAC,ESCALADE,,2010
35-4003,CADILLAC,ESCALADE EXT,,2010
B35-4014,CADILLAC,ESCALADE,,2010
B35-4014,CADILLAC,ESCALADE EXT,,2010
35-4001,CHEVROLET,AVALANCHE 1500,,2004
35-4003,CHEVROLET,AVALANCHE 1500,,2010
35-4002,CHEVROLET,AVALANCHE 2500,,2004
35-4007,CHEVROLET,AVALANCHE 2500,,2010
35-4007,CHEVROLET,AVALANCHE 3500,,2010
35-4009,CHEVROLET,C/K PICKUP,,1991
35-4010,CHEVROLET,COLORADO,,2007
35-4001,CHEVROLET,SILVERADO 1500,,2002
35-4005,CHEVROLET,SILVERADO 1500,,2010
35-4014,CHEVROLET,SILVERADO 1500,,2010
35-4002,CHEVROLET,SILVERADO 2500LD,,2002
35-4002,CHEVROLET,SILVERADO 1500HD,,2004
35-4002,CHEVROLET,SILVERADO 2500HD,,2004
35-4002,CHEVROLET,SILVERADO 3500HD,,2004
35-4006,CHEVROLET,SILVERADO 2500HD,,2010
35-4006,CHEVROLET,SILVERADO 3500HD,,2010
35-4013,CHEVROLET,SILVERADO 2500HD,,2014
35-4013,CHEVROLET,SILVERADO 3500HD,,2014
35-4001,CHEVROLET,SUBURBAN 1500,,2003
35-4003,CHEVROLET,SUBURBAN 1500,,2010
35-4014,CHEVROLET,SUBURBAN 1500,,2010
35-4002,CHEVROLET,SUBURBAN 2500,,2003
35-4007,CHEVROLET,SUBURBAN 2500,,2010
35-4007,CHEVROLET,SUBURBAN 3500,,2010
35-4001,CHEVROLET,TAHOE 1500,,2003
35-4003,CHEVROLET,TAHOE 1500,,2010
35-4014,CHEVROLET,TAHOE 1500,,2010
35-4002,CHEVROLET,TAHOE 2500,,2003
35-4007,CHEVROLET,TAHOE 2500,,2010
35-4007,CHEVROLET,TAHOE 3500,,2010
35-5003,DODGE,DAKOTA,,2008
35-5007,DODGE,DURANGO,,2014
35-5000,DODGE,RAM,QUAD CAB,1997
35-5006,DODGE,RAM,MEGA CAB,2009
35-5006,DODGE,RAM,MEGA CAB,2013
35-5006,DODGE,RAM 1500,QUAD CAB,2005
35-5005,DODGE,RAM 1500,,2012
35-5000,DODGE,RAM 2500,EXCLUDING SPORT,1997
35-5000,DODGE,RAM 3500,EXCLUDING SPORT,1997
35-5006,DODGE,RAM 2500,QUAD CAB,2006
35-5006,DODGE,RAM 3500,QUAD CAB,2006
35-5006,DODGE,RAM 2500,CREW CAB,2013
35-5006,DODGE,RAM 3500,CREW CAB,2013
35-3001,FORD,EXCURSION,,2003
35-3004,FORD,EXPEDITION,4WD ONLY,2000
35-3003,FORD,EXPEDITION,,2006
35-3007,FORD,EXPEDITION,,2010
35-3005,FORD,EXPLORER,,2009
35-3013,FORD,EXPLORER,,2014
35-3004,FORD,F-150,4WD ONLY,2000
35-3004,FORD,F-150,2WD ONLY,2002
35-3007,FORD,F-150,EXCLUDING RAPTOR,2007
35-3001,FORD,F-250,SUPER DUTY,2002
35-3001,FORD,F-350,SUPER DUTY,2002
35-3012,FORD,F-350,SUPER DUTY (ALLOWS ORIGINAL TOW HOOKS),2014
35-3012,FORD,F-450,SUPER DUTY (ALLOWS ORIGINAL TOW HOOKS),2014
35-3012,FORD,F-550,SUPER DUTY (ALLOWS ORIGINAL TOW HOOKS),2014
35-3011,FORD,RANGER,,2011
35-3009,FORD,RANGER,XLT,2001
35-3009,FORD,RANGER,EDGE,2001
35-3005,FORD,SPORT TRAC,,2010
35-4009,GMC,C/K PICKUP,,1991
35-4010,GMC,CANYON,,2007
35-4001,GMC,SIERRA 1500,,2002
35-4005,GMC,SIERRA 1500,CUT LOW VALANCE,2010
35-4008,GMC,SIERRA 1500,NO CUT,2010
35-4014,GMC,SIERRA 1500,,2010
35-4002,GMC,SIERRA 2500LD,,2002
35-4002,GMC,SIERRA 1500HD,,2004
35-4002,GMC,SIERRA 2500HD,,2004
35-4002,GMC,SIERRA 3500HD,,2004
35-4006,GMC,SIERRA 2500HD,,2010
35-4006,GMC,SIERRA 3500HD,,2010
35-4013,GMC,SIERRA 2500HD,,2014
35-4013,GMC,SIERRA 3500HD,,2014
35-4000,GMC,SUBURBAN,,1976
35-4000,GMC,SUBURBAN,INTERFERES EQUIPMENT WITH LOWER GRILLE,1984
35-4001,GMC,YUKON,,2003
35-4003,GMC,YUKON DENALI XL 1500,,2010
35-4014,GMC,YUKON DENALI XL 1500,,2010
35-4001,GMC,YUKON XL 1500,,2003
35-4007,GMC,YUKON XL 2500,4WD ONLY,2010
35-4002,GMC,YUKON XL 2500LD,,2003
35-6001,HONDA,PILOT,,2006
35-6001,HONDA,RIDGELINE,,2009
35-1001,JEEP,COMMANDER,,2009
35-1003,JEEP,GRAND CHEROKEE,,2014
35-3007,LINCOLN,MARK LT,,2008
35-9001,NISSAN,ARMADA,,2007
35-9002,NISSAN,FRONTIER,,2008
35-9003,NISSAN,PATHFINDER,,2011
35-9001,NISSAN,TITAN,,2007
35-9002,NISSAN,XTERRA,,2008
35-2005,TOYOTA,4RUNNER,,2006
35-2006,TOYOTA,4RUNNER,,2013
35-2003,TOYOTA,FJ CRUISER,,2010
35-2001,TOYOTA,SEQUOIA,,2004
35-2004,TOYOTA,SEQUOIA,,2011
35-2000,TOYOTA,TACOMA,2.5 INCH OUTER DIAMETER TUBE,2001
35-2002,TOYOTA,TACOMA,,2008
35-2001,TOYOTA,TUNDRA,,2002
35-2004,TOYOTA,TUNDRA,,2010
B35-4014-3,CADILLAC,ESCALADE,,2010
B35-4014-3,CADILLAC,ESCALADE EXT,,2010
B35-4001-3,CHEVROLET,AVALANCHE 1500,,2004
B35-4002-3,CHEVROLET,AVALANCHE 2500,,2004
B35-4001-3,CHEVROLET,SILVERADO 1500,,2002
B35-4005-3,CHEVROLET,SILVERADO 1500,,2010
B35-4014-3,CHEVROLET,SILVERADO 1500,,2010
B35-4002-3,CHEVROLET,SILVERADO 2500LD,,2002
B35-4002-3,CHEVROLET,SILVERADO 1500HD,,2004
B35-4002-3,CHEVROLET,SILVERADO 2500HD,,2004
B35-4002-3,CHEVROLET,SILVERADO 3500HD,,2004
B35-4006-3,CHEVROLET,SILVERADO 2500HD,,2010
B35-4006-3,CHEVROLET,SILVERADO 3500HD,,2010
B35-4013-3,CHEVROLET,SILVERADO 2500HD,,2014
B35-4013-3,CHEVROLET,SILVERADO 3500HD,,2014
B35-4001-3,CHEVROLET,SUBURBAN 1500,,2003
B35-4014-3,CHEVROLET,SUBURBAN 1500,,2010
B35-4002-3,CHEVROLET,SUBURBAN 2500,,2003
B35-4001-3,CHEVROLET,TAHOE 1500,,2003
B35-4014-3,CHEVROLET,TAHOE 1500,,2010
B35-4002-3,CHEVROLET,TAHOE 2500,,2003
B35-5006-3,DODGE,RAM,MEGA CAB,2009
B35-5006-3,DODGE,RAM,MEGA CAB,2013
B35-5006-3,DODGE,RAM 1500,QUAD CAB,2005
B35-5005-3,DODGE,RAM 1500,,2012
B35-5006-3,DODGE,RAM 2500,QUAD CAB,2006
B35-5006-3,DODGE,RAM 3500,QUAD CAB,2006
B35-5006-3,DODGE,RAM 2500,CREW CAB,2013
B35-5006-3,DODGE,RAM 3500,CREW CAB,2013
B35-3001-3,FORD,EXCURSION,,2003
B35-3007-3,FORD,EXPEDITION,,2010
B35-3007-3,FORD,F-150,EXCLUDING RAPTOR,2007
B35-3001-3,FORD,F-250,SUPER DUTY,2002
B35-3001-3,FORD,F-350,SUPER DUTY,2002
B35-3012-3,FORD,F-350,SUPER DUTY (ALLOWS ORIGINAL TOW HOOKS),2014
B35-3012-3,FORD,F-450,SUPER DUTY (ALLOWS ORIGINAL TOW HOOKS),2014
B35-3012-3,FORD,F-550,SUPER DUTY (ALLOWS ORIGINAL TOW HOOKS),2014
B35-4001-3,GMC,SIERRA 1500,,2002
B35-4005-3,GMC,SIERRA 1500,CUT LOW VALANCE,2010
B35-4014-3,GMC,SIERRA 1500,,2010
B35-4002-3,GMC,SIERRA 2500LD,,2002
B35-4002-3,GMC,SIERRA 1500HD,,2004
B35-4002-3,GMC,SIERRA 2500HD,,2004
B35-4002-3,GMC,SIERRA 3500HD,,2004
B35-4006-3,GMC,SIERRA 2500HD,,2010
B35-4006-3,GMC,SIERRA 3500HD,,2010
B35-4013-3,GMC,SIERRA 2500HD,,2014
B35-4013-3,GMC,SIERRA 3500HD,,2014
B35-4001-3,GMC,YUKON,,2003
B35-4014-3,GMC,YUKON DENALI XL 1500,,2010
B35-4001-3,GMC,YUKON XL 1500,,2003
B35-4002-3,GMC,YUKON XL 2500LD,,2003
B35-2004-3,TOYOTA,SEQUOIA,,2011
B35-2002-3,TOYOTA,TACOMA,,2008
B35-2004-3,TOYOTA,TUNDRA,,2010
B35-4003,CADILLAC,ESCALADE,,2010
B35-4003,CADILLAC,ESCALADE EXT,,2010
35-4014,CADILLAC,ESCALADE,,2010
35-4014,CADILLAC,ESCALADE EXT,,2010
B35-4001,CHEVROLET,AVALANCHE 1500,,2004
B35-4003,CHEVROLET,AVALANCHE 1500,,2010
B35-4002,CHEVROLET,AVALANCHE 2500,,2004
B35-4007,CHEVROLET,AVALANCHE 2500,,2010
B35-4007,CHEVROLET,AVALANCHE 3500,,2010
B35-4009,CHEVROLET,C/K PICKUP,,1991
B35-4010,CHEVROLET,COLORADO,,2007
B35-4001,CHEVROLET,SILVERADO 1500,,2002
B35-4005,CHEVROLET,SILVERADO 1500,,2010
B35-4014,CHEVROLET,SILVERADO 1500,,2010
B35-4002,CHEVROLET,SILVERADO 2500LD,,2002
B35-4002,CHEVROLET,SILVERADO 1500HD,,2004
B35-4002,CHEVROLET,SILVERADO 2500HD,,2004
B35-4002,CHEVROLET,SILVERADO 3500HD,,2004
B35-4006,CHEVROLET,SILVERADO 2500HD,,2010
B35-4006,CHEVROLET,SILVERADO 3500HD,,2010
B35-4013,CHEVROLET,SILVERADO 2500HD,,2014
B35-4013,CHEVROLET,SILVERADO 3500HD,,2014
B35-4001,CHEVROLET,SUBURBAN 1500,,2003
B35-4003,CHEVROLET,SUBURBAN 1500,,2010
B35-4014,CHEVROLET,SUBURBAN 1500,,2010
B35-4002,CHEVROLET,SUBURBAN 2500,,2003
B35-4007,CHEVROLET,SUBURBAN 2500,,2010
B35-4007,CHEVROLET,SUBURBAN 3500,,2010
B35-4001,CHEVROLET,TAHOE 1500,,2003
B35-4003,CHEVROLET,TAHOE 1500,,2010
B35-4014,CHEVROLET,TAHOE 1500,,2010
B35-4002,CHEVROLET,TAHOE 2500,,2003
B35-4007,CHEVROLET,TAHOE 2500,,2010
B35-4007,CHEVROLET,TAHOE 3500,,2010
B35-5003,DODGE,DAKOTA,,2008
B35-5007,DODGE,DURANGO,,2014
B35-5000,DODGE,RAM,QUAD CAB,1997
B35-5006,DODGE,RAM,MEGA CAB,2009
B35-5006,DODGE,RAM,MEGA CAB,2013
B35-5006,DODGE,RAM 1500,QUAD CAB,2005
B35-5005,DODGE,RAM 1500,,2012
B35-5000,DODGE,RAM 2500,EXCLUDING SPORT,1997
B35-5000,DODGE,RAM 3500,EXCLUDING SPORT,1997
B35-5006,DODGE,RAM 2500,QUAD CAB,2006
B35-5006,DODGE,RAM 3500,QUAD CAB,2006
B35-5006,DODGE,RAM 2500,CREW CAB,2013
B35-5006,DODGE,RAM 3500,CREW CAB,2013
B35-3001,FORD,EXCURSION,,2003
B35-3004,FORD,EXPEDITION,4WD ONLY,2000
B35-3003,FORD,EXPEDITION,,2006
B35-3007,FORD,EXPEDITION,,2010
B35-3005,FORD,EXPLORER,,2009
B35-3013,FORD,EXPLORER,,2014
B35-3004,FORD,F-150,4WD ONLY,2000
B35-3004,FORD,F-150,2WD ONLY,2002
B35-3007,FORD,F-150,EXCLUDING RAPTOR,2007
B35-3001,FORD,F-250,SUPER DUTY,2002
B35-3001,FORD,F-350,SUPER DUTY,2002
B35-3012,FORD,F-350,SUPER DUTY (ALLOWS ORIGINAL TOW HOOKS),2014
B35-3012,FORD,F-450,SUPER DUTY (ALLOWS ORIGINAL TOW HOOKS),2014
B35-3012,FORD,F-550,SUPER DUTY (ALLOWS ORIGINAL TOW HOOKS),2014
B35-3011,FORD,RANGER,,2011
B35-3009,FORD,RANGER,XLT,2001
B35-3009,FORD,RANGER,EDGE,2001
B35-3005,FORD,SPORT TRAC,,2010
B35-4009,GMC,C/K PICKUP,,1991
B35-4010,GMC,CANYON,,2007
B35-4001,GMC,SIERRA 1500,,2002
B35-4005,GMC,SIERRA 1500,CUT LOW VALANCE,2010
B35-4008,GMC,SIERRA 1500,NO CUT,2010
B35-4014,GMC,SIERRA 1500,,2010
B35-4002,GMC,SIERRA 2500LD,,2002
B35-4002,GMC,SIERRA 1500HD,,2004
B35-4002,GMC,SIERRA 2500HD,,2004
B35-4002,GMC,SIERRA 3500HD,,2004
B35-4006,GMC,SIERRA 2500HD,,2010
B35-4006,GMC,SIERRA 3500HD,,2010
B35-4013,GMC,SIERRA 2500HD,,2014
B35-4013,GMC,SIERRA 3500HD,,2014
B35-4000,GMC,SUBURBAN,,1976
B35-4000,GMC,SUBURBAN,INTERFERES EQUIPMENT WITH LOWER GRILLE,1984
B35-4001,GMC,YUKON,,2003
B35-4003,GMC,YUKON DENALI XL 1500,,2010
B35-4014,GMC,YUKON DENALI XL 1500,,2010
B35-4001,GMC,YUKON XL 1500,,2003
B35-4007,GMC,YUKON XL 2500,4WD ONLY,2010
B35-4002,GMC,YUKON XL 2500LD,,2003
B35-6001,HONDA,PILOT,,2006
B35-6001,HONDA,RIDGELINE,,2009
B35-1001,JEEP,COMMANDER,,2009
B35-1003,JEEP,GRAND CHEROKEE,,2014
B35-3007,LINCOLN,MARK LT,,2008
B35-9001,NISSAN,ARMADA,,2007
B35-9002,NISSAN,FRONTIER,,2008
B35-9003,NISSAN,PATHFINDER,,2011
B35-9001,NISSAN,TITAN,,2007
B35-9002,NISSAN,XTERRA,,2008
B35-2005,TOYOTA,4RUNNER,,2006
B35-2006,TOYOTA,4RUNNER,,2013
B35-2003,TOYOTA,FJ CRUISER,,2010
B35-2001,TOYOTA,SEQUOIA,,2004
B35-2004,TOYOTA,SEQUOIA,,2011
B35-2000,TOYOTA,TACOMA,2.5 INCH OUTER DIAMETER TUBE,2001
B35-2002,TOYOTA,TACOMA,,2008
B35-2001,TOYOTA,TUNDRA,,2002
B35-2004,TOYOTA,TUNDRA,,2010
35-4003,CADILLAC,ESCALADE,,2011
35-4003,CADILLAC,ESCALADE EXT,,2011
B35-4014,CADILLAC,ESCALADE,,2011
B35-4014,CADILLAC,ESCALADE EXT,,2011
35-4001,CHEVROLET,AVALANCHE 1500,,2005
35-4003,CHEVROLET,AVALANCHE 1500,,2011
35-4002,CHEVROLET,AVALANCHE 2500,,2005
35-4007,CHEVROLET,AVALANCHE 2500,,2011
35-4007,CHEVROLET,AVALANCHE 3500,,2011
35-4009,CHEVROLET,C/K PICKUP,,1992
35-4010,CHEVROLET,COLORADO,,2008
35-4001,CHEVROLET,SILVERADO 1500,,2003
35-4005,CHEVROLET,SILVERADO 1500,,2011
35-4014,CHEVROLET,SILVERADO 1500,,2011
35-4002,CHEVROLET,SILVERADO 2500LD,,2003
35-4002,CHEVROLET,SILVERADO 1500HD,,2005
35-4002,CHEVROLET,SILVERADO 2500HD,,2005
35-4002,CHEVROLET,SILVERADO 3500HD,,2005
35-4013,CHEVROLET,SILVERADO 2500HD,,2015
35-4013,CHEVROLET,SILVERADO 3500HD,,2015
35-4001,CHEVROLET,SUBURBAN 1500,,2004
35-4003,CHEVROLET,SUBURBAN 1500,,2011
35-4014,CHEVROLET,SUBURBAN 1500,,2011
35-4002,CHEVROLET,SUBURBAN 2500,,2004
35-4007,CHEVROLET,SUBURBAN 2500,,2011
35-4007,CHEVROLET,SUBURBAN 3500,,2011
35-4001,CHEVROLET,TAHOE 1500,,2004
35-4003,CHEVROLET,TAHOE 1500,,2011
35-4014,CHEVROLET,TAHOE 1500,,2011
35-4002,CHEVROLET,TAHOE 2500,,2004
35-4007,CHEVROLET,TAHOE 2500,,2011
35-4007,CHEVROLET,TAHOE 3500,,2011
35-5003,DODGE,DAKOTA,,2009
35-5000,DODGE,RAM,QUAD CAB,1998
35-5006,DODGE,RAM,MEGA CAB,2014
35-5005,DODGE,RAM 1500,,2013
35-5000,DODGE,RAM 2500,EXCLUDING SPORT,1998
35-5000,DODGE,RAM 3500,EXCLUDING SPORT,1998
35-5006,DODGE,RAM 2500,QUAD CAB,2007
35-5006,DODGE,RAM 3500,QUAD CAB,2007
35-5006,DODGE,RAM 2500,CREW CAB,2014
35-5006,DODGE,RAM 3500,CREW CAB,2014
35-3001,FORD,EXCURSION,,2004
35-3004,FORD,EXPEDITION,4WD ONLY,2001
35-3007,FORD,EXPEDITION,,2011
35-3005,FORD,EXPLORER,,2010
35-3013,FORD,EXPLORER,,2015
35-3004,FORD,F-150,4WD ONLY,2001
35-3004,FORD,F-150,2WD ONLY,2003
35-3007,FORD,F-150,EXCLUDING RAPTOR,2008
35-3001,FORD,F-250,SUPER DUTY,2003
35-3001,FORD,F-350,SUPER DUTY,2003
35-3012,FORD,F-350,SUPER DUTY (ALLOWS ORIGINAL TOW HOOKS),2015
35-3012,FORD,F-450,SUPER DUTY (ALLOWS ORIGINAL TOW HOOKS),2015
35-3012,FORD,F-550,SUPER DUTY (ALLOWS ORIGINAL TOW HOOKS),2015
35-3011,FORD,RANGER,,2012
35-3009,FORD,RANGER,XLT,2002
35-3009,FORD,RANGER,EDGE,2002
35-3005,FORD,SPORT TRAC,,2011
35-4009,GMC,C/K PICKUP,,1992
35-4010,GMC,CANYON,,2008
35-4001,GMC,SIERRA 1500,,2003
35-4005,GMC,SIERRA 1500,CUT LOW VALANCE,2011
35-4008,GMC,SIERRA 1500,NO CUT,2011
35-4014,GMC,SIERRA 1500,,2011
35-4002,GMC,SIERRA 2500LD,,2003
35-4002,GMC,SIERRA 1500HD,,2005
35-4002,GMC,SIERRA 2500HD,,2005
35-4002,GMC,SIERRA 3500HD,,2005
35-4013,GMC,SIERRA 2500HD,,2015
35-4013,GMC,SIERRA 3500HD,,2015
35-4000,GMC,SUBURBAN,,1977
35-4000,GMC,SUBURBAN,INTERFERES EQUIPMENT WITH LOWER GRILLE,1985
35-4001,GMC,YUKON,,2004
35-4003,GMC,YUKON DENALI XL 1500,,2011
35-4014,GMC,YUKON DENALI XL 1500,,2011
35-4001,GMC,YUKON XL 1500,,2004
35-4007,GMC,YUKON XL 2500,4WD ONLY,2011
35-4002,GMC,YUKON XL 2500LD,,2004
35-6001,HONDA,PILOT,,2007
35-6001,HONDA,RIDGELINE,,2010
35-1001,JEEP,COMMANDER,,2010
35-1003,JEEP,GRAND CHEROKEE,,2015
35-3007,LINCOLN,MARK LT,,2009
35-9001,NISSAN,ARMADA,,2008
35-9002,NISSAN,FRONTIER,,2009
35-9003,NISSAN,PATHFINDER,,2012
35-9001,NISSAN,TITAN,,2008
35-9002,NISSAN,XTERRA,,2009
35-2005,TOYOTA,4RUNNER,,2007
35-2003,TOYOTA,FJ CRUISER,,2011
35-2001,TOYOTA,SEQUOIA,,2005
35-2004,TOYOTA,SEQUOIA,,2012
35-2000,TOYOTA,TACOMA,2.5 INCH OUTER DIAMETER TUBE,2002
35-2002,TOYOTA,TACOMA,,2009
35-2001,TOYOTA,TUNDRA,,2003
35-2004,TOYOTA,TUNDRA,,2011
B35-4014-3,CADILLAC,ESCALADE,,2011
B35-4014-3,CADILLAC,ESCALADE EXT,,2011
B35-4001-3,CHEVROLET,AVALANCHE 1500,,2005
B35-4002-3,CHEVROLET,AVALANCHE 2500,,2005
B35-4001-3,CHEVROLET,SILVERADO 1500,,2003
B35-4005-3,CHEVROLET,SILVERADO 1500,,2011
B35-4014-3,CHEVROLET,SILVERADO 1500,,2011
B35-4002-3,CHEVROLET,SILVERADO 2500LD,,2003
B35-4002-3,CHEVROLET,SILVERADO 1500HD,,2005
B35-4002-3,CHEVROLET,SILVERADO 2500HD,,2005
B35-4002-3,CHEVROLET,SILVERADO 3500HD,,2005
B35-4013-3,CHEVROLET,SILVERADO 2500HD,,2015
B35-4013-3,CHEVROLET,SILVERADO 3500HD,,2015
B35-4001-3,CHEVROLET,SUBURBAN 1500,,2004
B35-4014-3,CHEVROLET,SUBURBAN 1500,,2011
B35-4002-3,CHEVROLET,SUBURBAN 2500,,2004
B35-4001-3,CHEVROLET,TAHOE 1500,,2004
B35-4014-3,CHEVROLET,TAHOE 1500,,2011
B35-4002-3,CHEVROLET,TAHOE 2500,,2004
B35-5006-3,DODGE,RAM,MEGA CAB,2014
B35-5005-3,DODGE,RAM 1500,,2013
B35-5006-3,DODGE,RAM 2500,QUAD CAB,2007
B35-5006-3,DODGE,RAM 3500,QUAD CAB,2007
B35-5006-3,DODGE,RAM 2500,CREW CAB,2014
B35-5006-3,DODGE,RAM 3500,CREW CAB,2014
B35-3001-3,FORD,EXCURSION,,2004
B35-3007-3,FORD,EXPEDITION,,2011
B35-3007-3,FORD,F-150,EXCLUDING RAPTOR,2008
B35-3001-3,FORD,F-250,SUPER DUTY,2003
B35-3001-3,FORD,F-350,SUPER DUTY,2003
B35-3012-3,FORD,F-350,SUPER DUTY (ALLOWS ORIGINAL TOW HOOKS),2015
B35-3012-3,FORD,F-450,SUPER DUTY (ALLOWS ORIGINAL TOW HOOKS),2015
B35-3012-3,FORD,F-550,SUPER DUTY (ALLOWS ORIGINAL TOW HOOKS),2015
B35-4001-3,GMC,SIERRA 1500,,2003
B35-4005-3,GMC,SIERRA 1500,CUT LOW VALANCE,2011
B35-4014-3,GMC,SIERRA 1500,,2011
B35-4002-3,GMC,SIERRA 2500LD,,2003
B35-4002-3,GMC,SIERRA 1500HD,,2005
B35-4002-3,GMC,SIERRA 2500HD,,2005
B35-4002-3,GMC,SIERRA 3500HD,,2005
B35-4013-3,GMC,SIERRA 2500HD,,2015
B35-4013-3,GMC,SIERRA 3500HD,,2015
B35-4001-3,GMC,YUKON,,2004
B35-4014-3,GMC,YUKON DENALI XL 1500,,2011
B35-4001-3,GMC,YUKON XL 1500,,2004
B35-4002-3,GMC,YUKON XL 2500LD,,2004
B35-2004-3,TOYOTA,SEQUOIA,,2012
B35-2002-3,TOYOTA,TACOMA,,2009
B35-2004-3,TOYOTA,TUNDRA,,2011
B35-4003,CADILLAC,ESCALADE,,2011
B35-4003,CADILLAC,ESCALADE EXT,,2011
35-4014,CADILLAC,ESCALADE,,2011
35-4014,CADILLAC,ESCALADE EXT,,2011
B35-4001,CHEVROLET,AVALANCHE 1500,,2005
B35-4003,CHEVROLET,AVALANCHE 1500,,2011
B35-4002,CHEVROLET,AVALANCHE 2500,,2005
B35-4007,CHEVROLET,AVALANCHE 2500,,2011
B35-4007,CHEVROLET,AVALANCHE 3500,,2011
B35-4009,CHEVROLET,C/K PICKUP,,1992
B35-4010,CHEVROLET,COLORADO,,2008
B35-4001,CHEVROLET,SILVERADO 1500,,2003
B35-4005,CHEVROLET,SILVERADO 1500,,2011
B35-4014,CHEVROLET,SILVERADO 1500,,2011
B35-4002,CHEVROLET,SILVERADO 2500LD,,2003
B35-4002,CHEVROLET,SILVERADO 1500HD,,2005
B35-4002,CHEVROLET,SILVERADO 2500HD,,2005
B35-4002,CHEVROLET,SILVERADO 3500HD,,2005
B35-4013,CHEVROLET,SILVERADO 2500HD,,2015
B35-4013,CHEVROLET,SILVERADO 3500HD,,2015
B35-4001,CHEVROLET,SUBURBAN 1500,,2004
B35-4003,CHEVROLET,SUBURBAN 1500,,2011
B35-4014,CHEVROLET,SUBURBAN 1500,,2011
B35-4002,CHEVROLET,SUBURBAN 2500,,2004
B35-4007,CHEVROLET,SUBURBAN 2500,,2011
B35-4007,CHEVROLET,SUBURBAN 3500,,2011
B35-4001,CHEVROLET,TAHOE 1500,,2004
B35-4003,CHEVROLET,TAHOE 1500,,2011
B35-4014,CHEVROLET,TAHOE 1500,,2011
B35-4002,CHEVROLET,TAHOE 2500,,2004
B35-4007,CHEVROLET,TAHOE 2500,,2011
B35-4007,CHEVROLET,TAHOE 3500,,2011
B35-5003,DODGE,DAKOTA,,2009
B35-5000,DODGE,RAM,QUAD CAB,1998
B35-5006,DODGE,RAM,MEGA CAB,2014
B35-5005,DODGE,RAM 1500,,2013
B35-5000,DODGE,RAM 2500,EXCLUDING SPORT,1998
B35-5000,DODGE,RAM 3500,EXCLUDING SPORT,1998
B35-5006,DODGE,RAM 2500,QUAD CAB,2007
B35-5006,DODGE,RAM 3500,QUAD CAB,2007
B35-5006,DODGE,RAM 2500,CREW CAB,2014
B35-5006,DODGE,RAM 3500,CREW CAB,2014
B35-3001,FORD,EXCURSION,,2004
B35-3004,FORD,EXPEDITION,4WD ONLY,2001
B35-3007,FORD,EXPEDITION,,2011
B35-3005,FORD,EXPLORER,,2010
B35-3013,FORD,EXPLORER,,2015
B35-3004,FORD,F-150,4WD ONLY,2001
B35-3004,FORD,F-150,2WD ONLY,2003
B35-3007,FORD,F-150,EXCLUDING RAPTOR,2008
B35-3001,FORD,F-250,SUPER DUTY,2003
B35-3001,FORD,F-350,SUPER DUTY,2003
B35-3012,FORD,F-350,SUPER DUTY (ALLOWS ORIGINAL TOW HOOKS),2015
B35-3012,FORD,F-450,SUPER DUTY (ALLOWS ORIGINAL TOW HOOKS),2015
B35-3012,FORD,F-550,SUPER DUTY (ALLOWS ORIGINAL TOW HOOKS),2015
B35-3011,FORD,RANGER,,2012
B35-3009,FORD,RANGER,XLT,2002
B35-3009,FORD,RANGER,EDGE,2002
B35-3005,FORD,SPORT TRAC,,2011
B35-4009,GMC,C/K PICKUP,,1992
B35-4010,GMC,CANYON,,2008
B35-4001,GMC,SIERRA 1500,,2003
B35-4005,GMC,SIERRA 1500,CUT LOW VALANCE,2011
B35-4008,GMC,SIERRA 1500,NO CUT,2011
B35-4014,GMC,SIERRA 1500,,2011
B35-4002,GMC,SIERRA 2500LD,,2003
B35-4002,GMC,SIERRA 1500HD,,2005
B35-4002,GMC,SIERRA 2500HD,,2005
B35-4002,GMC,SIERRA 3500HD,,2005
B35-4013,GMC,SIERRA 2500HD,,2015
B35-4013,GMC,SIERRA 3500HD,,2015
B35-4000,GMC,SUBURBAN,,1977
B35-4000,GMC,SUBURBAN,INTERFERES EQUIPMENT WITH LOWER GRILLE,1985
B35-4001,GMC,YUKON,,2004
B35-4003,GMC,YUKON DENALI XL 1500,,2011
B35-4014,GMC,YUKON DENALI XL 1500,,2011
B35-4001,GMC,YUKON XL 1500,,2004
B35-4007,GMC,YUKON XL 2500,4WD ONLY,2011
B35-4002,GMC,YUKON XL 2500LD,,2004
B35-6001,HONDA,PILOT,,2007
B35-6001,HONDA,RIDGELINE,,2010
B35-1001,JEEP,COMMANDER,,2010
B35-1003,JEEP,GRAND CHEROKEE,,2015
B35-3007,LINCOLN,MARK LT,,2009
B35-9001,NISSAN,ARMADA,,2008
B35-9002,NISSAN,FRONTIER,,2009
B35-9003,NISSAN,PATHFINDER,,2012
B35-9001,NISSAN,TITAN,,2008
B35-9002,NISSAN,XTERRA,,2009
B35-2005,TOYOTA,4RUNNER,,2007
B35-2003,TOYOTA,FJ CRUISER,,2011
B35-2001,TOYOTA,SEQUOIA,,2005
B35-2004,TOYOTA,SEQUOIA,,2012
B35-2000,TOYOTA,TACOMA,2.5 INCH OUTER DIAMETER TUBE,2002
B35-2002,TOYOTA,TACOMA,,2009
B35-2001,TOYOTA,TUNDRA,,2003
B35-2004,TOYOTA,TUNDRA,,2011
35-4003,CADILLAC,ESCALADE,,2012
35-4003,CADILLAC,ESCALADE EXT,,2012
B35-4014,CADILLAC,ESCALADE,,2012
B35-4014,CADILLAC,ESCALADE EXT,,2012
35-4001,CHEVROLET,AVALANCHE 1500,,2006
35-4003,CHEVROLET,AVALANCHE 1500,,2012
35-4002,CHEVROLET,AVALANCHE 2500,,2006
35-4007,CHEVROLET,AVALANCHE 2500,,2012
35-4007,CHEVROLET,AVALANCHE 3500,,2012
35-4009,CHEVROLET,C/K PICKUP,,1993
35-4010,CHEVROLET,COLORADO,,2009
35-4001,CHEVROLET,SILVERADO 1500,,2004
35-4005,CHEVROLET,SILVERADO 1500,,2012
35-4014,CHEVROLET,SILVERADO 1500,,2012
35-4002,CHEVROLET,SILVERADO 2500LD,,2004
35-4002,CHEVROLET,SILVERADO 1500HD,,2006
35-4002,CHEVROLET,SILVERADO 2500HD,,2006
35-4002,CHEVROLET,SILVERADO 3500HD,,2006
35-4001,CHEVROLET,SUBURBAN 1500,,2005
35-4003,CHEVROLET,SUBURBAN 1500,,2012
35-4014,CHEVROLET,SUBURBAN 1500,,2012
35-4002,CHEVROLET,SUBURBAN 2500,,2005
35-4007,CHEVROLET,SUBURBAN 2500,,2012
35-4007,CHEVROLET,SUBURBAN 3500,,2012
35-4001,CHEVROLET,TAHOE 1500,,2005
35-4003,CHEVROLET,TAHOE 1500,,2012
35-4014,CHEVROLET,TAHOE 1500,,2012
35-4002,CHEVROLET,TAHOE 2500,,2005
35-4007,CHEVROLET,TAHOE 2500,,2012
35-4007,CHEVROLET,TAHOE 3500,,2012
35-5003,DODGE,DAKOTA,,2010
35-5000,DODGE,RAM,QUAD CAB,1999
35-5006,DODGE,RAM,MEGA CAB,2015
35-5005,DODGE,RAM 1500,,2014
35-5000,DODGE,RAM 2500,EXCLUDING SPORT,1999
35-5000,DODGE,RAM 3500,EXCLUDING SPORT,1999
35-5006,DODGE,RAM 2500,QUAD CAB,2008
35-5006,DODGE,RAM 3500,QUAD CAB,2008
35-5006,DODGE,RAM 2500,CREW CAB,2015
35-5006,DODGE,RAM 3500,CREW CAB,2015
35-3001,FORD,EXCURSION,,2005
35-3004,FORD,EXPEDITION,4WD ONLY,2002
35-3007,FORD,EXPEDITION,,2012
35-3004,FORD,F-150,4WD ONLY,2002
35-3007,FORD,F-150,EXCLUDING RAPTOR,2009
35-3001,FORD,F-250,SUPER DUTY,2004
35-3001,FORD,F-350,SUPER DUTY,2004
35-3009,FORD,RANGER,XLT,2003
35-3009,FORD,RANGER,EDGE,2003
35-4009,GMC,C/K PICKUP,,1993
35-4010,GMC,CANYON,,2009
35-4001,GMC,SIERRA 1500,,2004
35-4005,GMC,SIERRA 1500,CUT LOW VALANCE,2012
35-4008,GMC,SIERRA 1500,NO CUT,2012
35-4014,GMC,SIERRA 1500,,2012
35-4002,GMC,SIERRA 2500LD,,2004
35-4002,GMC,SIERRA 1500HD,,2006
35-4002,GMC,SIERRA 2500HD,,2006
35-4002,GMC,SIERRA 3500HD,,2006
35-4000,GMC,SUBURBAN,,1978
35-4000,GMC,SUBURBAN,INTERFERES EQUIPMENT WITH LOWER GRILLE,1986
35-4001,GMC,YUKON,,2005
35-4003,GMC,YUKON DENALI XL 1500,,2012
35-4014,GMC,YUKON DENALI XL 1500,,2012
35-4001,GMC,YUKON XL 1500,,2005
35-4007,GMC,YUKON XL 2500,4WD ONLY,2012
35-4002,GMC,YUKON XL 2500LD,,2005
35-6001,HONDA,PILOT,,2008
35-6001,HONDA,RIDGELINE,,2011
35-1001,JEEP,COMMANDER,,2011
35-9001,NISSAN,ARMADA,,2009
35-9002,NISSAN,FRONTIER,,2010
35-9001,NISSAN,TITAN,,2009
35-9002,NISSAN,XTERRA,,2010
35-2005,TOYOTA,4RUNNER,,2008
35-2003,TOYOTA,FJ CRUISER,,2012
35-2001,TOYOTA,SEQUOIA,,2006
35-2004,TOYOTA,SEQUOIA,,2013
35-2000,TOYOTA,TACOMA,2.5 INCH OUTER DIAMETER TUBE,2003
35-2002,TOYOTA,TACOMA,,2010
35-2001,TOYOTA,TUNDRA,,2004
35-2004,TOYOTA,TUNDRA,,2012
B35-4014-3,CADILLAC,ESCALADE,,2012
B35-4014-3,CADILLAC,ESCALADE EXT,,2012
B35-4001-3,CHEVROLET,AVALANCHE 1500,,2006
B35-4002-3,CHEVROLET,AVALANCHE 2500,,2006
B35-4001-3,CHEVROLET,SILVERADO 1500,,2004
B35-4005-3,CHEVROLET,SILVERADO 1500,,2012
B35-4014-3,CHEVROLET,SILVERADO 1500,,2012
B35-4002-3,CHEVROLET,SILVERADO 2500LD,,2004
B35-4002-3,CHEVROLET,SILVERADO 1500HD,,2006
B35-4002-3,CHEVROLET,SILVERADO 2500HD,,2006
B35-4002-3,CHEVROLET,SILVERADO 3500HD,,2006
B35-4001-3,CHEVROLET,SUBURBAN 1500,,2005
B35-4014-3,CHEVROLET,SUBURBAN 1500,,2012
B35-4002-3,CHEVROLET,SUBURBAN 2500,,2005
B35-4001-3,CHEVROLET,TAHOE 1500,,2005
B35-4014-3,CHEVROLET,TAHOE 1500,,2012
B35-4002-3,CHEVROLET,TAHOE 2500,,2005
B35-5006-3,DODGE,RAM,MEGA CAB,2015
B35-5005-3,DODGE,RAM 1500,,2014
B35-5006-3,DODGE,RAM 2500,QUAD CAB,2008
B35-5006-3,DODGE,RAM 3500,QUAD CAB,2008
B35-5006-3,DODGE,RAM 2500,CREW CAB,2015
B35-5006-3,DODGE,RAM 3500,CREW CAB,2015
B35-3001-3,FORD,EXCURSION,,2005
B35-3007-3,FORD,EXPEDITION,,2012
B35-3007-3,FORD,F-150,EXCLUDING RAPTOR,2009
B35-3001-3,FORD,F-250,SUPER DUTY,2004
B35-3001-3,FORD,F-350,SUPER DUTY,2004
B35-4001-3,GMC,SIERRA 1500,,2004
B35-4005-3,GMC,SIERRA 1500,CUT LOW VALANCE,2012
B35-4014-3,GMC,SIERRA 1500,,2012
B35-4002-3,GMC,SIERRA 2500LD,,2004
B35-4002-3,GMC,SIERRA 1500HD,,2006
B35-4002-3,GMC,SIERRA 2500HD,,2006
B35-4002-3,GMC,SIERRA 3500HD,,2006
B35-4001-3,GMC,YUKON,,2005
B35-4014-3,GMC,YUKON DENALI XL 1500,,2012
B35-4001-3,GMC,YUKON XL 1500,,2005
B35-4002-3,GMC,YUKON XL 2500LD,,2005
B35-2004-3,TOYOTA,SEQUOIA,,2013
B35-2002-3,TOYOTA,TACOMA,,2010
B35-2004-3,TOYOTA,TUNDRA,,2012
B35-4003,CADILLAC,ESCALADE,,2012
B35-4003,CADILLAC,ESCALADE EXT,,2012
35-4014,CADILLAC,ESCALADE,,2012
35-4014,CADILLAC,ESCALADE EXT,,2012
B35-4001,CHEVROLET,AVALANCHE 1500,,2006
B35-4003,CHEVROLET,AVALANCHE 1500,,2012
B35-4002,CHEVROLET,AVALANCHE 2500,,2006
B35-4007,CHEVROLET,AVALANCHE 2500,,2012
B35-4007,CHEVROLET,AVALANCHE 3500,,2012
B35-4009,CHEVROLET,C/K PICKUP,,1993
B35-4010,CHEVROLET,COLORADO,,2009
B35-4001,CHEVROLET,SILVERADO 1500,,2004
B35-4005,CHEVROLET,SILVERADO 1500,,2012
B35-4014,CHEVROLET,SILVERADO 1500,,2012
B35-4002,CHEVROLET,SILVERADO 2500LD,,2004
B35-4002,CHEVROLET,SILVERADO 1500HD,,2006
B35-4002,CHEVROLET,SILVERADO 2500HD,,2006
B35-4002,CHEVROLET,SILVERADO 3500HD,,2006
B35-4001,CHEVROLET,SUBURBAN 1500,,2005
B35-4003,CHEVROLET,SUBURBAN 1500,,2012
B35-4014,CHEVROLET,SUBURBAN 1500,,2012
B35-4002,CHEVROLET,SUBURBAN 2500,,2005
B35-4007,CHEVROLET,SUBURBAN 2500,,2012
B35-4007,CHEVROLET,SUBURBAN 3500,,2012
B35-4001,CHEVROLET,TAHOE 1500,,2005
B35-4003,CHEVROLET,TAHOE 1500,,2012
B35-4014,CHEVROLET,TAHOE 1500,,2012
B35-4002,CHEVROLET,TAHOE 2500,,2005
B35-4007,CHEVROLET,TAHOE 2500,,2012
B35-4007,CHEVROLET,TAHOE 3500,,2012
B35-5003,DODGE,DAKOTA,,2010
B35-5000,DODGE,RAM,QUAD CAB,1999
B35-5006,DODGE,RAM,MEGA CAB,2015
B35-5005,DODGE,RAM 1500,,2014
B35-5000,DODGE,RAM 2500,EXCLUDING SPORT,1999
B35-5000,DODGE,RAM 3500,EXCLUDING SPORT,1999
B35-5006,DODGE,RAM 2500,QUAD CAB,2008
B35-5006,DODGE,RAM 3500,QUAD CAB,2008
B35-5006,DODGE,RAM 2500,CREW CAB,2015
B35-5006,DODGE,RAM 3500,CREW CAB,2015
B35-3001,FORD,EXCURSION,,2005
B35-3004,FORD,EXPEDITION,4WD ONLY,2002
B35-3007,FORD,EXPEDITION,,2012
B35-3004,FORD,F-150,4WD ONLY,2002
B35-3007,FORD,F-150,EXCLUDING RAPTOR,2009
B35-3001,FORD,F-250,SUPER DUTY,2004
B35-3001,FORD,F-350,SUPER DUTY,2004
B35-3009,FORD,RANGER,XLT,2003
B35-3009,FORD,RANGER,EDGE,2003
B35-4009,GMC,C/K PICKUP,,1993
B35-4010,GMC,CANYON,,2009
B35-4001,GMC,SIERRA 1500,,2004
B35-4005,GMC,SIERRA 1500,CUT LOW VALANCE,2012
B35-4008,GMC,SIERRA 1500,NO CUT,2012
B35-4014,GMC,SIERRA 1500,,2012
B35-4002,GMC,SIERRA 2500LD,,2004
B35-4002,GMC,SIERRA 1500HD,,2006
B35-4002,GMC,SIERRA 2500HD,,2006
B35-4002,GMC,SIERRA 3500HD,,2006
B35-4000,GMC,SUBURBAN,,1978
B35-4000,GMC,SUBURBAN,INTERFERES EQUIPMENT WITH LOWER GRILLE,1986
B35-4001,GMC,YUKON,,2005
B35-4003,GMC,YUKON DENALI XL 1500,,2012
B35-4014,GMC,YUKON DENALI XL 1500,,2012
B35-4001,GMC,YUKON XL 1500,,2005
B35-4007,GMC,YUKON XL 2500,4WD ONLY,2012
B35-4002,GMC,YUKON XL 2500LD,,2005
B35-6001,HONDA,PILOT,,2008
B35-6001,HONDA,RIDGELINE,,2011
B35-1001,JEEP,COMMANDER,,2011
B35-9001,NISSAN,ARMADA,,2009
B35-9002,NISSAN,FRONTIER,,2010
B35-9001,NISSAN,TITAN,,2009
B35-9002,NISSAN,XTERRA,,2010
B35-2005,TOYOTA,4RUNNER,,2008
B35-2003,TOYOTA,FJ CRUISER,,2012
B35-2001,TOYOTA,SEQUOIA,,2006
B35-2004,TOYOTA,SEQUOIA,,2013
B35-2000,TOYOTA,TACOMA,2.5 INCH OUTER DIAMETER TUBE,2003
B35-2002,TOYOTA,TACOMA,,2010
B35-2001,TOYOTA,TUNDRA,,2004
B35-2004,TOYOTA,TUNDRA,,2012
35-4003,CADILLAC,ESCALADE,,2013
35-4003,CADILLAC,ESCALADE EXT,,2013
B35-4014,CADILLAC,ESCALADE,,2013
B35-4014,CADILLAC,ESCALADE EXT,,2013
35-4003,CHEVROLET,AVALANCHE 1500,,2013
35-4007,CHEVROLET,AVALANCHE 2500,,2013
35-4007,CHEVROLET,AVALANCHE 3500,,2013
35-4009,CHEVROLET,C/K PICKUP,,1994
35-4010,CHEVROLET,COLORADO,,2010
35-4001,CHEVROLET,SILVERADO 1500,,2005
35-4005,CHEVROLET,SILVERADO 1500,,2013
35-4014,CHEVROLET,SILVERADO 1500,,2013
35-4002,CHEVROLET,SILVERADO 2500LD,,2005
35-4001,CHEVROLET,SUBURBAN 1500,,2006
35-4003,CHEVROLET,SUBURBAN 1500,,2013
35-4014,CHEVROLET,SUBURBAN 1500,,2013
35-4002,CHEVROLET,SUBURBAN 2500,,2006
35-4007,CHEVROLET,SUBURBAN 2500,,2013
35-4007,CHEVROLET,SUBURBAN 3500,,2013
35-4001,CHEVROLET,TAHOE 1500,,2006
35-4003,CHEVROLET,TAHOE 1500,,2013
35-4014,CHEVROLET,TAHOE 1500,,2013
35-4002,CHEVROLET,TAHOE 2500,,2006
35-4007,CHEVROLET,TAHOE 2500,,2013
35-4007,CHEVROLET,TAHOE 3500,,2013
35-5003,DODGE,DAKOTA,,2011
35-5000,DODGE,RAM,QUAD CAB,2000
35-5005,DODGE,RAM 1500,,2015
35-5000,DODGE,RAM 2500,EXCLUDING SPORT,2000
35-5000,DODGE,RAM 3500,EXCLUDING SPORT,2000
35-5006,DODGE,RAM 2500,QUAD CAB,2009
35-5006,DODGE,RAM 3500,QUAD CAB,2009
35-3007,FORD,EXPEDITION,,2013
35-3004,FORD,F-150,4WD ONLY,2003
35-3007,FORD,F-150,EXCLUDING RAPTOR,2010
35-3001,FORD,F-250,SUPER DUTY,2005
35-3001,FORD,F-350,SUPER DUTY,2005
35-3009,FORD,RANGER,XLT,2004
35-3009,FORD,RANGER,EDGE,2004
35-4009,GMC,C/K PICKUP,,1994
35-4010,GMC,CANYON,,2010
35-4001,GMC,SIERRA 1500,,2005
35-4005,GMC,SIERRA 1500,CUT LOW VALANCE,2013
35-4008,GMC,SIERRA 1500,NO CUT,2013
35-4014,GMC,SIERRA 1500,,2013
35-4002,GMC,SIERRA 2500LD,,2005
35-4000,GMC,SUBURBAN,,1979
35-4000,GMC,SUBURBAN,INTERFERES EQUIPMENT WITH LOWER GRILLE,1987
35-4001,GMC,YUKON,,2006
35-4003,GMC,YUKON DENALI XL 1500,,2013
35-4014,GMC,YUKON DENALI XL 1500,,2013
35-4001,GMC,YUKON XL 1500,,2006
35-4007,GMC,YUKON XL 2500,4WD ONLY,2013
35-4002,GMC,YUKON XL 2500LD,,2006
35-6001,HONDA,RIDGELINE,,2012
35-9001,NISSAN,ARMADA,,2010
35-9002,NISSAN,FRONTIER,,2011
35-9001,NISSAN,TITAN,,2010
35-9002,NISSAN,XTERRA,,2011
35-2005,TOYOTA,4RUNNER,,2009
35-2003,TOYOTA,FJ CRUISER,,2013
35-2001,TOYOTA,SEQUOIA,,2007
35-2004,TOYOTA,SEQUOIA,,2014
35-2000,TOYOTA,TACOMA,2.5 INCH OUTER DIAMETER TUBE,2004
35-2002,TOYOTA,TACOMA,,2011
35-2001,TOYOTA,TUNDRA,,2005
35-2004,TOYOTA,TUNDRA,,2013
B35-4014-3,CADILLAC,ESCALADE,,2013
B35-4014-3,CADILLAC,ESCALADE EXT,,2013
B35-4001-3,CHEVROLET,SILVERADO 1500,,2005
B35-4005-3,CHEVROLET,SILVERADO 1500,,2013
B35-4014-3,CHEVROLET,SILVERADO 1500,,2013
B35-4002-3,CHEVROLET,SILVERADO 2500LD,,2005
B35-4001-3,CHEVROLET,SUBURBAN 1500,,2006
B35-4014-3,CHEVROLET,SUBURBAN 1500,,2013
B35-4002-3,CHEVROLET,SUBURBAN 2500,,2006
B35-4001-3,CHEVROLET,TAHOE 1500,,2006
B35-4014-3,CHEVROLET,TAHOE 1500,,2013
B35-4002-3,CHEVROLET,TAHOE 2500,,2006
B35-5005-3,DODGE,RAM 1500,,2015
B35-5006-3,DODGE,RAM 2500,QUAD CAB,2009
B35-5006-3,DODGE,RAM 3500,QUAD CAB,2009
B35-3007-3,FORD,EXPEDITION,,2013
B35-3007-3,FORD,F-150,EXCLUDING RAPTOR,2010
B35-3001-3,FORD,F-250,SUPER DUTY,2005
B35-3001-3,FORD,F-350,SUPER DUTY,2005
B35-4001-3,GMC,SIERRA 1500,,2005
B35-4005-3,GMC,SIERRA 1500,CUT LOW VALANCE,2013
B35-4014-3,GMC,SIERRA 1500,,2013
B35-4002-3,GMC,SIERRA 2500LD,,2005
B35-4001-3,GMC,YUKON,,2006
B35-4014-3,GMC,YUKON DENALI XL 1500,,2013
B35-4001-3,GMC,YUKON XL 1500,,2006
B35-4002-3,GMC,YUKON XL 2500LD,,2006
B35-2004-3,TOYOTA,SEQUOIA,,2014
B35-2002-3,TOYOTA,TACOMA,,2011
B35-2004-3,TOYOTA,TUNDRA,,2013
B35-4003,CADILLAC,ESCALADE,,2013
B35-4003,CADILLAC,ESCALADE EXT,,2013
35-4014,CADILLAC,ESCALADE,,2013
35-4014,CADILLAC,ESCALADE EXT,,2013
B35-4003,CHEVROLET,AVALANCHE 1500,,2013
B35-4007,CHEVROLET,AVALANCHE 2500,,2013
B35-4007,CHEVROLET,AVALANCHE 3500,,2013
B35-4009,CHEVROLET,C/K PICKUP,,1994
B35-4010,CHEVROLET,COLORADO,,2010
B35-4001,CHEVROLET,SILVERADO 1500,,2005
B35-4005,CHEVROLET,SILVERADO 1500,,2013
B35-4014,CHEVROLET,SILVERADO 1500,,2013
B35-4002,CHEVROLET,SILVERADO 2500LD,,2005
B35-4001,CHEVROLET,SUBURBAN 1500,,2006
B35-4003,CHEVROLET,SUBURBAN 1500,,2013
B35-4014,CHEVROLET,SUBURBAN 1500,,2013
B35-4002,CHEVROLET,SUBURBAN 2500,,2006
B35-4007,CHEVROLET,SUBURBAN 2500,,2013
B35-4007,CHEVROLET,SUBURBAN 3500,,2013
B35-4001,CHEVROLET,TAHOE 1500,,2006
B35-4003,CHEVROLET,TAHOE 1500,,2013
B35-4014,CHEVROLET,TAHOE 1500,,2013
B35-4002,CHEVROLET,TAHOE 2500,,2006
B35-4007,CHEVROLET,TAHOE 2500,,2013
B35-4007,CHEVROLET,TAHOE 3500,,2013
B35-5003,DODGE,DAKOTA,,2011
B35-5000,DODGE,RAM,QUAD CAB,2000
B35-5005,DODGE,RAM 1500,,2015
B35-5000,DODGE,RAM 2500,EXCLUDING SPORT,2000
B35-5000,DODGE,RAM 3500,EXCLUDING SPORT,2000
B35-5006,DODGE,RAM 2500,QUAD CAB,2009
B35-5006,DODGE,RAM 3500,QUAD CAB,2009
B35-3007,FORD,EXPEDITION,,2013
B35-3004,FORD,F-150,4WD ONLY,2003
B35-3007,FORD,F-150,EXCLUDING RAPTOR,2010
B35-3001,FORD,F-250,SUPER DUTY,2005
B35-3001,FORD,F-350,SUPER DUTY,2005
B35-3009,FORD,RANGER,XLT,2004
B35-3009,FORD,RANGER,EDGE,2004
B35-4009,GMC,C/K PICKUP,,1994
B35-4010,GMC,CANYON,,2010
B35-4001,GMC,SIERRA 1500,,2005
B35-4005,GMC,SIERRA 1500,CUT LOW VALANCE,2013
B35-4008,GMC,SIERRA 1500,NO CUT,2013
B35-4014,GMC,SIERRA 1500,,2013
B35-4002,GMC,SIERRA 2500LD,,2005
B35-4000,GMC,SUBURBAN,,1979
B35-4000,GMC,SUBURBAN,INTERFERES EQUIPMENT WITH LOWER GRILLE,1987
B35-4001,GMC,YUKON,,2006
B35-4003,GMC,YUKON DENALI XL 1500,,2013
B35-4014,GMC,YUKON DENALI XL 1500,,2013
B35-4001,GMC,YUKON XL 1500,,2006
B35-4007,GMC,YUKON XL 2500,4WD ONLY,2013
B35-4002,GMC,YUKON XL 2500LD,,2006
B35-6001,HONDA,RIDGELINE,,2012
B35-9001,NISSAN,ARMADA,,2010
B35-9002,NISSAN,FRONTIER,,2011
B35-9001,NISSAN,TITAN,,2010
B35-9002,NISSAN,XTERRA,,2011
B35-2005,TOYOTA,4RUNNER,,2009
B35-2003,TOYOTA,FJ CRUISER,,2013
B35-2001,TOYOTA,SEQUOIA,,2007
B35-2004,TOYOTA,SEQUOIA,,2014
B35-2000,TOYOTA,TACOMA,2.5 INCH OUTER DIAMETER TUBE,2004
B35-2002,TOYOTA,TACOMA,,2011
B35-2001,TOYOTA,TUNDRA,,2005
B35-2004,TOYOTA,TUNDRA,,2013
B35-4014,CADILLAC,ESCALADE,,2014
B35-4014,CADILLAC,ESCALADE EXT,,2014
35-4009,CHEVROLET,C/K PICKUP,,1995
35-4010,CHEVROLET,COLORADO,,2011
35-4001,CHEVROLET,SILVERADO 1500,,2006
35-4014,CHEVROLET,SILVERADO 1500,,2014
35-4002,CHEVROLET,SILVERADO 2500LD,,2006
35-4003,CHEVROLET,SUBURBAN 1500,,2014
35-4014,CHEVROLET,SUBURBAN 1500,,2014
35-4007,CHEVROLET,SUBURBAN 2500,,2014
35-4007,CHEVROLET,SUBURBAN 3500,,2014
35-4003,CHEVROLET,TAHOE 1500,,2014
35-4014,CHEVROLET,TAHOE 1500,,2014
35-4007,CHEVROLET,TAHOE 2500,,2014
35-4007,CHEVROLET,TAHOE 3500,,2014
35-5003,DODGE,DAKOTA,,2012
35-5000,DODGE,RAM,QUAD CAB,2001
35-5000,DODGE,RAM 2500,EXCLUDING SPORT,2001
35-5000,DODGE,RAM 3500,EXCLUDING SPORT,2001
35-3007,FORD,EXPEDITION,,2014
35-3007,FORD,F-150,EXCLUDING RAPTOR,2011
35-3001,FORD,F-250,SUPER DUTY,2006
35-3001,FORD,F-350,SUPER DUTY,2006
35-3009,FORD,RANGER,XLT,2005
35-3009,FORD,RANGER,EDGE,2005
35-4009,GMC,C/K PICKUP,,1995
35-4010,GMC,CANYON,,2011
35-4001,GMC,SIERRA 1500,,2006
35-4014,GMC,SIERRA 1500,,2014
35-4002,GMC,SIERRA 2500LD,,2006
35-4000,GMC,SUBURBAN,,1980
35-4000,GMC,SUBURBAN,INTERFERES EQUIPMENT WITH LOWER GRILLE,1988
35-4003,GMC,YUKON DENALI XL 1500,,2014
35-4014,GMC,YUKON DENALI XL 1500,,2014
35-4007,GMC,YUKON XL 2500,4WD ONLY,2014
35-6001,HONDA,RIDGELINE,,2013
35-9001,NISSAN,ARMADA,,2011
35-9002,NISSAN,FRONTIER,,2012
35-9001,NISSAN,TITAN,,2011
35-9002,NISSAN,XTERRA,,2012
35-2003,TOYOTA,FJ CRUISER,,2014
35-2002,TOYOTA,TACOMA,,2012
35-2001,TOYOTA,TUNDRA,,2006
35-2004,TOYOTA,TUNDRA,,2014
B35-4014-3,CADILLAC,ESCALADE,,2014
B35-4014-3,CADILLAC,ESCALADE EXT,,2014
B35-4001-3,CHEVROLET,SILVERADO 1500,,2006
B35-4014-3,CHEVROLET,SILVERADO 1500,,2014
B35-4002-3,CHEVROLET,SILVERADO 2500LD,,2006
B35-4014-3,CHEVROLET,SUBURBAN 1500,,2014
B35-4014-3,CHEVROLET,TAHOE 1500,,2014
B35-3007-3,FORD,EXPEDITION,,2014
B35-3007-3,FORD,F-150,EXCLUDING RAPTOR,2011
B35-3001-3,FORD,F-250,SUPER DUTY,2006
B35-3001-3,FORD,F-350,SUPER DUTY,2006
B35-4001-3,GMC,SIERRA 1500,,2006
B35-4014-3,GMC,SIERRA 1500,,2014
B35-4002-3,GMC,SIERRA 2500LD,,2006
B35-4014-3,GMC,YUKON DENALI XL 1500,,2014
B35-2002-3,TOYOTA,TACOMA,,2012
B35-2004-3,TOYOTA,TUNDRA,,2014
35-4014,CADILLAC,ESCALADE,,2014
35-4014,CADILLAC,ESCALADE EXT,,2014
B35-4009,CHEVROLET,C/K PICKUP,,1995
B35-4010,CHEVROLET,COLORADO,,2011
B35-4001,CHEVROLET,SILVERADO 1500,,2006
B35-4014,CHEVROLET,SILVERADO 1500,,2014
B35-4002,CHEVROLET,SILVERADO 2500LD,,2006
B35-4003,CHEVROLET,SUBURBAN 1500,,2014
B35-4014,CHEVROLET,SUBURBAN 1500,,2014
B35-4007,CHEVROLET,SUBURBAN 2500,,2014
B35-4007,CHEVROLET,SUBURBAN 3500,,2014
B35-4003,CHEVROLET,TAHOE 1500,,2014
B35-4014,CHEVROLET,TAHOE 1500,,2014
B35-4007,CHEVROLET,TAHOE 2500,,2014
B35-4007,CHEVROLET,TAHOE 3500,,2014
B35-5003,DODGE,DAKOTA,,2012
B35-5000,DODGE,RAM,QUAD CAB,2001
B35-5000,DODGE,RAM 2500,EXCLUDING SPORT,2001
B35-5000,DODGE,RAM 3500,EXCLUDING SPORT,2001
B35-3007,FORD,EXPEDITION,,2014
B35-3007,FORD,F-150,EXCLUDING RAPTOR,2011
B35-3001,FORD,F-250,SUPER DUTY,2006
B35-3001,FORD,F-350,SUPER DUTY,2006
B35-3009,FORD,RANGER,XLT,2005
B35-3009,FORD,RANGER,EDGE,2005
B35-4009,GMC,C/K PICKUP,,1995
B35-4010,GMC,CANYON,,2011
B35-4001,GMC,SIERRA 1500,,2006
B35-4014,GMC,SIERRA 1500,,2014
B35-4002,GMC,SIERRA 2500LD,,2006
B35-4000,GMC,SUBURBAN,,1980
B35-4000,GMC,SUBURBAN,INTERFERES EQUIPMENT WITH LOWER GRILLE,1988
B35-4003,GMC,YUKON DENALI XL 1500,,2014
B35-4014,GMC,YUKON DENALI XL 1500,,2014
B35-4007,GMC,YUKON XL 2500,4WD ONLY,2014
B35-6001,HONDA,RIDGELINE,,2013
B35-9001,NISSAN,ARMADA,,2011
B35-9002,NISSAN,FRONTIER,,2012
B35-9001,NISSAN,TITAN,,2011
B35-9002,NISSAN,XTERRA,,2012
B35-2003,TOYOTA,FJ CRUISER,,2014
B35-2002,TOYOTA,TACOMA,,2012
B35-2001,TOYOTA,TUNDRA,,2006
B35-2004,TOYOTA,TUNDRA,,2014
35-4009,CHEVROLET,C/K PICKUP,,1996
35-4010,CHEVROLET,COLORADO,,2012
35-4014,CHEVROLET,SILVERADO 1500,,2015
35-4014,CHEVROLET,SUBURBAN 1500,,2015
35-4014,CHEVROLET,TAHOE 1500,,2015
35-5000,DODGE,RAM 2500,EXCLUDING SPORT,2002
35-5000,DODGE,RAM 3500,EXCLUDING SPORT,2002
35-3007,FORD,EXPEDITION,,2015
35-3007,FORD,F-150,EXCLUDING RAPTOR,2012
35-3001,FORD,F-250,SUPER DUTY,2007
35-3001,FORD,F-350,SUPER DUTY,2007
35-3009,FORD,RANGER,XLT,2006
35-3009,FORD,RANGER,EDGE,2006
35-4009,GMC,C/K PICKUP,,1996
35-4010,GMC,CANYON,,2012
35-4014,GMC,SIERRA 1500,,2015
35-4000,GMC,SUBURBAN,INTERFERES EQUIPMENT WITH LOWER GRILLE,1989
35-4014,GMC,YUKON DENALI XL 1500,,2015
35-6001,HONDA,RIDGELINE,,2014
35-9001,NISSAN,ARMADA,,2012
35-9002,NISSAN,FRONTIER,,2013
35-9001,NISSAN,TITAN,,2012
35-9002,NISSAN,XTERRA,,2013
35-2002,TOYOTA,TACOMA,,2013
35-2004,TOYOTA,TUNDRA,,2015
B35-4014-3,CHEVROLET,SILVERADO 1500,,2015
B35-4014-3,CHEVROLET,SUBURBAN 1500,,2015
B35-4014-3,CHEVROLET,TAHOE 1500,,2015
B35-3007-3,FORD,EXPEDITION,,2015
B35-3007-3,FORD,F-150,EXCLUDING RAPTOR,2012
B35-3001-3,FORD,F-250,SUPER DUTY,2007
B35-3001-3,FORD,F-350,SUPER DUTY,2007
B35-4014-3,GMC,SIERRA 1500,,2015
B35-4014-3,GMC,YUKON DENALI XL 1500,,2015
B35-2002-3,TOYOTA,TACOMA,,2013
B35-2004-3,TOYOTA,TUNDRA,,2015
B35-4009,CHEVROLET,C/K PICKUP,,1996
B35-4010,CHEVROLET,COLORADO,,2012
B35-4014,CHEVROLET,SILVERADO 1500,,2015
B35-4014,CHEVROLET,SUBURBAN 1500,,2015
B35-4014,CHEVROLET,TAHOE 1500,,2015
B35-5000,DODGE,RAM 2500,EXCLUDING SPORT,2002
B35-5000,DODGE,RAM 3500,EXCLUDING SPORT,2002
B35-3007,FORD,EXPEDITION,,2015
B35-3007,FORD,F-150,EXCLUDING RAPTOR,2012
B35-3001,FORD,F-250,SUPER DUTY,2007
B35-3001,FORD,F-350,SUPER DUTY,2007
B35-3009,FORD,RANGER,XLT,2006
B35-3009,FORD,RANGER,EDGE,2006
B35-4009,GMC,C/K PICKUP,,1996
B35-4010,GMC,CANYON,,2012
B35-4014,GMC,SIERRA 1500,,2015
B35-4000,GMC,SUBURBAN,INTERFERES EQUIPMENT WITH LOWER GRILLE,1989
B35-4014,GMC,YUKON DENALI XL 1500,,2015
B35-6001,HONDA,RIDGELINE,,2014
B35-9001,NISSAN,ARMADA,,2012
B35-9002,NISSAN,FRONTIER,,2013
B35-9001,NISSAN,TITAN,,2012
B35-9002,NISSAN,XTERRA,,2013
B35-2002,TOYOTA,TACOMA,,2013
B35-2004,TOYOTA,TUNDRA,,2015
35-4009,CHEVROLET,C/K PICKUP,,1997
35-4010,CHEVROLET,COLORADO,,2013
35-3007,FORD,F-150,EXCLUDING RAPTOR,2013
35-3009,FORD,RANGER,XLT,2007
35-3009,FORD,RANGER,EDGE,2007
35-4009,GMC,C/K PICKUP,,1997
35-4010,GMC,CANYON,,2013
35-4000,GMC,SUBURBAN,INTERFERES EQUIPMENT WITH LOWER GRILLE,1990
35-9001,NISSAN,ARMADA,,2013
35-9002,NISSAN,FRONTIER,,2014
35-9001,NISSAN,TITAN,,2013
35-9002,NISSAN,XTERRA,,2014
35-2002,TOYOTA,TACOMA,,2014
B35-3007-3,FORD,F-150,EXCLUDING RAPTOR,2013
B35-2002-3,TOYOTA,TACOMA,,2014
B35-4009,CHEVROLET,C/K PICKUP,,1997
B35-4010,CHEVROLET,COLORADO,,2013
B35-3007,FORD,F-150,EXCLUDING RAPTOR,2013
B35-3009,FORD,RANGER,XLT,2007
B35-3009,FORD,RANGER,EDGE,2007
B35-4009,GMC,C/K PICKUP,,1997
B35-4010,GMC,CANYON,,2013
B35-4000,GMC,SUBURBAN,INTERFERES EQUIPMENT WITH LOWER GRILLE,1990
B35-9001,NISSAN,ARMADA,,2013
B35-9002,NISSAN,FRONTIER,,2014
B35-9001,NISSAN,TITAN,,2013
B35-9002,NISSAN,XTERRA,,2014
B35-2002,TOYOTA,TACOMA,,2014
35-4009,CHEVROLET,C/K PICKUP,,1998
35-4010,CHEVROLET,COLORADO,,2014
35-3007,FORD,F-150,EXCLUDING RAPTOR,2014
35-4009,GMC,C/K PICKUP,,1998
35-4000,GMC,SUBURBAN,INTERFERES EQUIPMENT WITH LOWER GRILLE,1991
35-9001,NISSAN,ARMADA,,2014
35-9002,NISSAN,FRONTIER,,2015
35-9001,NISSAN,TITAN,,2014
35-9002,NISSAN,XTERRA,,2015
35-2002,TOYOTA,TACOMA,,2015
B35-3007-3,FORD,F-150,EXCLUDING RAPTOR,2014
B35-2002-3,TOYOTA,TACOMA,,2015
B35-4009,CHEVROLET,C/K PICKUP,,1998
B35-4010,CHEVROLET,COLORADO,,2014
B35-3007,FORD,F-150,EXCLUDING RAPTOR,2014
B35-4009,GMC,C/K PICKUP,,1998
B35-4000,GMC,SUBURBAN,INTERFERES EQUIPMENT WITH LOWER GRILLE,1991
B35-9001,NISSAN,ARMADA,,2014
B35-9002,NISSAN,FRONTIER,,2015
B35-9001,NISSAN,TITAN,,2014
B35-9002,NISSAN,XTERRA,,2015
B35-2002,TOYOTA,TACOMA,,2015
35-3007,FORD,F-150,EXCLUDING RAPTOR,2015
35-9001,NISSAN,ARMADA,,2015
35-9001,NISSAN,TITAN,,2015
B35-3007-3,FORD,F-150,EXCLUDING RAPTOR,2015
B35-3007,FORD,F-150,EXCLUDING RAPTOR,2015
B35-9001,NISSAN,ARMADA,,2015
B35-9001,NISSAN,TITAN,,2015
