P204009,CHEVROLET,SILVERADO 1500,EXTENDED CAB,1999
P204017,CHEVROLET,SILVERADO 1500,STANDARD CAB,1999
P204013,CHEVROLET,SILVERADO 1500,CREW CAB,2001
P204013,CHEVROLET,SILVERADO 1500HD,CREW CAB,2001
P204045,CHEVROLET,SILVERADO 1500,CREW CAB (ROCKER MOUNT),2007
P204045,CHEVROLET,SILVERADO 2500,CREW CAB (ROCKER MOUNT),2007
P204045,CHEVROLET,SILVERADO 3500,CREW CAB (ROCKER MOUNT),2007
P204046,CHEVROLET,SILVERADO 1500,EXTENDED CAB (ROCKER MOUNT),2007
P204046,CHEVROLET,SILVERADO 2500,EXTENDED CAB (ROCKER MOUNT),2007
P204046,CHEVROLET,SILVERADO 3500,EXTENDED CAB (ROCKER MOUNT),2007
P204046,CHEVROLET,SILVERADO 1500,DOUBLE CAB (ROCKER MOUNT),2014
P204046,CHEVROLET,SILVERADO 1500,DOUBLE CAB (ROCKER MOUNT),2015
P204046,CHEVROLET,SILVERADO 2500,DOUBLE CAB (ROCKER MOUNT),2014
P204046,CHEVROLET,SILVERADO 2500,DOUBLE CAB (ROCKER MOUNT),2015
P204046,CHEVROLET,SILVERADO 3500,DOUBLE CAB (ROCKER MOUNT),2014
P204046,CHEVROLET,SILVERADO 3500,DOUBLE CAB (ROCKER MOUNT),2015
P204048,CHEVROLET,SILVERADO 1500,STANDARD CAB (ROCKER MOUNT),2007
P204048,CHEVROLET,SILVERADO 2500,STANDARD CAB (ROCKER MOUNT),2007
P204048,CHEVROLET,SILVERADO 3500,STANDARD CAB (ROCKER MOUNT),2007
P204013,CHEVROLET,SILVERADO 2500,CREW CAB,2001
P204013,CHEVROLET,SILVERADO 3500,CREW CAB,2001
P204009,CHEVROLET,SILVERADO 1500HD,EXTENDED CAB,2001
P204009,CHEVROLET,SILVERADO 2500HD,EXTENDED CAB,2001
P204009,CHEVROLET,SILVERADO 3500HD,EXTENDED CAB,2001
P204017,CHEVROLET,SILVERADO 1500HD,STANDARD CAB,2001
P204017,CHEVROLET,SILVERADO 2500HD,STANDARD CAB,2001
P204017,CHEVROLET,SILVERADO 3500HD,STANDARD CAB,2001
P205008,DODGE,RAM 1500,QUAD CAB,2002
P205032,DODGE,RAM 1500,QUAD CAB (ROCKER MOUNT),2009
P205033,DODGE,RAM 1500,CREW CAB (ROCKER MOUNT),2009
P205033,DODGE,RAM 2500,CREW CAB (ROCKER MOUNT),2009
P205033,DODGE,RAM 3500,CREW CAB (ROCKER MOUNT),2009
P205008,DODGE,RAM 2500,QUAD CAB,2003
P205008,DODGE,RAM 3500,QUAD CAB,2003
P203006,FORD,EXCURSION,,2000
P203040,FORD,F-150,STANDARD CAB,2009
P203016,FORD,F-150,SUPER CAB,2004
P203039,FORD,F-150,SUPER CREW CAB,2009
P203014,FORD,F-250,SUPER DUTY (STANDARD CAB),1999
P203014,FORD,F-350,SUPER DUTY (STANDARD CAB),1999
P203006,FORD,F-250,SUPER DUTY (CREW CAB),1999
P203006,FORD,F-350,SUPER DUTY (CREW CAB),1999
P204009,GMC,SIERRA 1500,EXTENDED CAB,1999
P204017,GMC,SIERRA 1500,STANDARD CAB,1999
P204013,GMC,SIERRA 1500,CREW CAB,2001
P204013,GMC,SIERRA 1500HD,CREW CAB,2001
P204045,GMC,SIERRA 1500,CREW CAB (ROCKER MOUNT),2007
P204045,GMC,SIERRA 2500,CREW CAB (ROCKER MOUNT),2007
P204045,GMC,SIERRA 3500,CREW CAB (ROCKER MOUNT),2007
P204046,GMC,SIERRA 1500,EXTENDED CAB (ROCKER MOUNT),2007
P204046,GMC,SIERRA 2500,EXTENDED CAB (ROCKER MOUNT),2007
P204046,GMC,SIERRA 3500,EXTENDED CAB (ROCKER MOUNT),2007
P204046,GMC,SIERRA 1500,DOUBLE CAB (ROCKER MOUNT),2014
P204046,GMC,SIERRA 1500,DOUBLE CAB (ROCKER MOUNT),2015
P204046,GMC,SIERRA 2500,DOUBLE CAB (ROCKER MOUNT),2014
P204046,GMC,SIERRA 2500,DOUBLE CAB (ROCKER MOUNT),2015
P204046,GMC,SIERRA 3500,DOUBLE CAB (ROCKER MOUNT),2014
P204046,GMC,SIERRA 3500,DOUBLE CAB (ROCKER MOUNT),2015
P204048,GMC,SIERRA 1500,STANDARD CAB (ROCKER MOUNT),2007
P204048,GMC,SIERRA 2500,STANDARD CAB (ROCKER MOUNT),2007
P204048,GMC,SIERRA 3500,STANDARD CAB (ROCKER MOUNT),2007
P204013,GMC,SIERRA 2500,CREW CAB,2001
P204013,GMC,SIERRA 3500,CREW CAB,2001
P204009,GMC,SIERRA 1500HD,EXTENDED CAB,2001
P204009,GMC,SIERRA 2500HD,EXTENDED CAB,2001
P204009,GMC,SIERRA 3500HD,EXTENDED CAB,2001
P204017,GMC,SIERRA 1500HD,STANDARD CAB,2001
P204017,GMC,SIERRA 2500HD,STANDARD CAB,2001
P204017,GMC,SIERRA 3500HD,STANDARD CAB,2001
P206010,HONDA,CRV,,2012
P35800,JEEP,WRANGLER,2-DOOR,2007
P35700,JEEP,WRANGLER,4-DOOR,2007
P209006,NISSAN,TITAN,CREW CAB,2004
P209007,NISSAN,TITAN,EXTENDED CAB,2004
P202009,TOYOTA,TACOMA,DOUBLE CAB,2005
P202008,TOYOTA,TACOMA,ACCESS CAB,2005
P202013,TOYOTA,TUNDRA,CREWMAX,2007
P202012,TOYOTA,TUNDRA,DOUBLE CAB,2007
P204009,CHEVROLET,SILVERADO 1500,EXTENDED CAB,2000
P204017,CHEVROLET,SILVERADO 1500,STANDARD CAB,2000
P204013,CHEVROLET,SILVERADO 1500,CREW CAB,2002
P204013,CHEVROLET,SILVERADO 1500HD,CREW CAB,2002
P204045,CHEVROLET,SILVERADO 1500,CREW CAB (ROCKER MOUNT),2008
P204045,CHEVROLET,SILVERADO 2500,CREW CAB (ROCKER MOUNT),2008
P204045,CHEVROLET,SILVERADO 3500,CREW CAB (ROCKER MOUNT),2008
P204046,CHEVROLET,SILVERADO 1500,EXTENDED CAB (ROCKER MOUNT),2008
P204046,CHEVROLET,SILVERADO 2500,EXTENDED CAB (ROCKER MOUNT),2008
P204046,CHEVROLET,SILVERADO 3500,EXTENDED CAB (ROCKER MOUNT),2008
P204048,CHEVROLET,SILVERADO 1500,STANDARD CAB (ROCKER MOUNT),2008
P204048,CHEVROLET,SILVERADO 2500,STANDARD CAB (ROCKER MOUNT),2008
P204048,CHEVROLET,SILVERADO 3500,STANDARD CAB (ROCKER MOUNT),2008
P204013,CHEVROLET,SILVERADO 2500,CREW CAB,2002
P204013,CHEVROLET,SILVERADO 3500,CREW CAB,2002
P204009,CHEVROLET,SILVERADO 1500HD,EXTENDED CAB,2002
P204009,CHEVROLET,SILVERADO 2500HD,EXTENDED CAB,2002
P204009,CHEVROLET,SILVERADO 3500HD,EXTENDED CAB,2002
P204017,CHEVROLET,SILVERADO 1500HD,STANDARD CAB,2002
P204017,CHEVROLET,SILVERADO 2500HD,STANDARD CAB,2002
P204017,CHEVROLET,SILVERADO 3500HD,STANDARD CAB,2002
P205008,DODGE,RAM 1500,QUAD CAB,2003
P205032,DODGE,RAM 1500,QUAD CAB (ROCKER MOUNT),2010
P205033,DODGE,RAM 1500,CREW CAB (ROCKER MOUNT),2010
P205033,DODGE,RAM 2500,CREW CAB (ROCKER MOUNT),2010
P205033,DODGE,RAM 3500,CREW CAB (ROCKER MOUNT),2010
P205008,DODGE,RAM 2500,QUAD CAB,2004
P205008,DODGE,RAM 3500,QUAD CAB,2004
P203006,FORD,EXCURSION,,2001
P203040,FORD,F-150,STANDARD CAB,2010
P203016,FORD,F-150,SUPER CAB,2005
P203039,FORD,F-150,SUPER CREW CAB,2010
P203014,FORD,F-250,SUPER DUTY (STANDARD CAB),2000
P203014,FORD,F-350,SUPER DUTY (STANDARD CAB),2000
P203006,FORD,F-250,SUPER DUTY (CREW CAB),2000
P203006,FORD,F-350,SUPER DUTY (CREW CAB),2000
P204009,GMC,SIERRA 1500,EXTENDED CAB,2000
P204017,GMC,SIERRA 1500,STANDARD CAB,2000
P204013,GMC,SIERRA 1500,CREW CAB,2002
P204013,GMC,SIERRA 1500HD,CREW CAB,2002
P204045,GMC,SIERRA 1500,CREW CAB (ROCKER MOUNT),2008
P204045,GMC,SIERRA 2500,CREW CAB (ROCKER MOUNT),2008
P204045,GMC,SIERRA 3500,CREW CAB (ROCKER MOUNT),2008
P204046,GMC,SIERRA 1500,EXTENDED CAB (ROCKER MOUNT),2008
P204046,GMC,SIERRA 2500,EXTENDED CAB (ROCKER MOUNT),2008
P204046,GMC,SIERRA 3500,EXTENDED CAB (ROCKER MOUNT),2008
P204048,GMC,SIERRA 1500,STANDARD CAB (ROCKER MOUNT),2008
P204048,GMC,SIERRA 2500,STANDARD CAB (ROCKER MOUNT),2008
P204048,GMC,SIERRA 3500,STANDARD CAB (ROCKER MOUNT),2008
P204013,GMC,SIERRA 2500,CREW CAB,2002
P204013,GMC,SIERRA 3500,CREW CAB,2002
P204009,GMC,SIERRA 1500HD,EXTENDED CAB,2002
P204009,GMC,SIERRA 2500HD,EXTENDED CAB,2002
P204009,GMC,SIERRA 3500HD,EXTENDED CAB,2002
P204017,GMC,SIERRA 1500HD,STANDARD CAB,2002
P204017,GMC,SIERRA 2500HD,STANDARD CAB,2002
P204017,GMC,SIERRA 3500HD,STANDARD CAB,2002
P206010,HONDA,CRV,,2013
P35800,JEEP,WRANGLER,2-DOOR,2008
P35700,JEEP,WRANGLER,4-DOOR,2008
P209006,NISSAN,TITAN,CREW CAB,2005
P209007,NISSAN,TITAN,EXTENDED CAB,2005
P202009,TOYOTA,TACOMA,DOUBLE CAB,2006
P202008,TOYOTA,TACOMA,ACCESS CAB,2006
P202013,TOYOTA,TUNDRA,CREWMAX,2008
P202012,TOYOTA,TUNDRA,DOUBLE CAB,2008
P204009,CHEVROLET,SILVERADO 1500,EXTENDED CAB,2001
P204017,CHEVROLET,SILVERADO 1500,STANDARD CAB,2001
P204013,CHEVROLET,SILVERADO 1500,CREW CAB,2003
P204013,CHEVROLET,SILVERADO 1500HD,CREW CAB,2003
P204045,CHEVROLET,SILVERADO 1500,CREW CAB (ROCKER MOUNT),2009
P204045,CHEVROLET,SILVERADO 2500,CREW CAB (ROCKER MOUNT),2009
P204045,CHEVROLET,SILVERADO 3500,CREW CAB (ROCKER MOUNT),2009
P204046,CHEVROLET,SILVERADO 1500,EXTENDED CAB (ROCKER MOUNT),2009
P204046,CHEVROLET,SILVERADO 2500,EXTENDED CAB (ROCKER MOUNT),2009
P204046,CHEVROLET,SILVERADO 3500,EXTENDED CAB (ROCKER MOUNT),2009
P204048,CHEVROLET,SILVERADO 1500,STANDARD CAB (ROCKER MOUNT),2009
P204048,CHEVROLET,SILVERADO 2500,STANDARD CAB (ROCKER MOUNT),2009
P204048,CHEVROLET,SILVERADO 3500,STANDARD CAB (ROCKER MOUNT),2009
P204013,CHEVROLET,SILVERADO 2500,CREW CAB,2003
P204013,CHEVROLET,SILVERADO 3500,CREW CAB,2003
P204009,CHEVROLET,SILVERADO 1500HD,EXTENDED CAB,2003
P204009,CHEVROLET,SILVERADO 2500HD,EXTENDED CAB,2003
P204009,CHEVROLET,SILVERADO 3500HD,EXTENDED CAB,2003
P204017,CHEVROLET,SILVERADO 1500HD,STANDARD CAB,2003
P204017,CHEVROLET,SILVERADO 2500HD,STANDARD CAB,2003
P204017,CHEVROLET,SILVERADO 3500HD,STANDARD CAB,2003
P205008,DODGE,RAM 1500,QUAD CAB,2004
P205032,DODGE,RAM 1500,QUAD CAB (ROCKER MOUNT),2011
P205033,DODGE,RAM 1500,CREW CAB (ROCKER MOUNT),2011
P205033,DODGE,RAM 2500,CREW CAB (ROCKER MOUNT),2011
P205033,DODGE,RAM 3500,CREW CAB (ROCKER MOUNT),2011
P205008,DODGE,RAM 2500,QUAD CAB,2005
P205008,DODGE,RAM 3500,QUAD CAB,2005
P203006,FORD,EXCURSION,,2002
P203040,FORD,F-150,STANDARD CAB,2011
P203016,FORD,F-150,SUPER CAB,2006
P203039,FORD,F-150,SUPER CREW CAB,2011
P203014,FORD,F-250,SUPER DUTY (STANDARD CAB),2001
P203014,FORD,F-350,SUPER DUTY (STANDARD CAB),2001
P203006,FORD,F-250,SUPER DUTY (CREW CAB),2001
P203006,FORD,F-350,SUPER DUTY (CREW CAB),2001
P204009,GMC,SIERRA 1500,EXTENDED CAB,2001
P204017,GMC,SIERRA 1500,STANDARD CAB,2001
P204013,GMC,SIERRA 1500,CREW CAB,2003
P204013,GMC,SIERRA 1500HD,CREW CAB,2003
P204045,GMC,SIERRA 1500,CREW CAB (ROCKER MOUNT),2009
P204045,GMC,SIERRA 2500,CREW CAB (ROCKER MOUNT),2009
P204045,GMC,SIERRA 3500,CREW CAB (ROCKER MOUNT),2009
P204046,GMC,SIERRA 1500,EXTENDED CAB (ROCKER MOUNT),2009
P204046,GMC,SIERRA 2500,EXTENDED CAB (ROCKER MOUNT),2009
P204046,GMC,SIERRA 3500,EXTENDED CAB (ROCKER MOUNT),2009
P204048,GMC,SIERRA 1500,STANDARD CAB (ROCKER MOUNT),2009
P204048,GMC,SIERRA 2500,STANDARD CAB (ROCKER MOUNT),2009
P204048,GMC,SIERRA 3500,STANDARD CAB (ROCKER MOUNT),2009
P204013,GMC,SIERRA 2500,CREW CAB,2003
P204013,GMC,SIERRA 3500,CREW CAB,2003
P204009,GMC,SIERRA 1500HD,EXTENDED CAB,2003
P204009,GMC,SIERRA 2500HD,EXTENDED CAB,2003
P204009,GMC,SIERRA 3500HD,EXTENDED CAB,2003
P204017,GMC,SIERRA 1500HD,STANDARD CAB,2003
P204017,GMC,SIERRA 2500HD,STANDARD CAB,2003
P204017,GMC,SIERRA 3500HD,STANDARD CAB,2003
P206010,HONDA,CRV,,2014
P35800,JEEP,WRANGLER,2-DOOR,2009
P35700,JEEP,WRANGLER,4-DOOR,2009
P209006,NISSAN,TITAN,CREW CAB,2006
P209007,NISSAN,TITAN,EXTENDED CAB,2006
P202009,TOYOTA,TACOMA,DOUBLE CAB,2007
P202008,TOYOTA,TACOMA,ACCESS CAB,2007
P202013,TOYOTA,TUNDRA,CREWMAX,2009
P202012,TOYOTA,TUNDRA,DOUBLE CAB,2009
P204009,CHEVROLET,SILVERADO 1500,EXTENDED CAB,2002
P204017,CHEVROLET,SILVERADO 1500,STANDARD CAB,2002
P204013,CHEVROLET,SILVERADO 1500,CREW CAB,2004
P204013,CHEVROLET,SILVERADO 1500HD,CREW CAB,2004
P204045,CHEVROLET,SILVERADO 1500,CREW CAB (ROCKER MOUNT),2010
P204045,CHEVROLET,SILVERADO 2500,CREW CAB (ROCKER MOUNT),2010
P204045,CHEVROLET,SILVERADO 3500,CREW CAB (ROCKER MOUNT),2010
P204046,CHEVROLET,SILVERADO 1500,EXTENDED CAB (ROCKER MOUNT),2010
P204046,CHEVROLET,SILVERADO 2500,EXTENDED CAB (ROCKER MOUNT),2010
P204046,CHEVROLET,SILVERADO 3500,EXTENDED CAB (ROCKER MOUNT),2010
P204048,CHEVROLET,SILVERADO 1500,STANDARD CAB (ROCKER MOUNT),2010
P204048,CHEVROLET,SILVERADO 2500,STANDARD CAB (ROCKER MOUNT),2010
P204048,CHEVROLET,SILVERADO 3500,STANDARD CAB (ROCKER MOUNT),2010
P204013,CHEVROLET,SILVERADO 2500,CREW CAB,2004
P204013,CHEVROLET,SILVERADO 3500,CREW CAB,2004
P204009,CHEVROLET,SILVERADO 1500HD,EXTENDED CAB,2004
P204009,CHEVROLET,SILVERADO 2500HD,EXTENDED CAB,2004
P204009,CHEVROLET,SILVERADO 3500HD,EXTENDED CAB,2004
P204017,CHEVROLET,SILVERADO 1500HD,STANDARD CAB,2004
P204017,CHEVROLET,SILVERADO 2500HD,STANDARD CAB,2004
P204017,CHEVROLET,SILVERADO 3500HD,STANDARD CAB,2004
P205008,DODGE,RAM 1500,QUAD CAB,2005
P205032,DODGE,RAM 1500,QUAD CAB (ROCKER MOUNT),2012
P205033,DODGE,RAM 1500,CREW CAB (ROCKER MOUNT),2012
P205033,DODGE,RAM 2500,CREW CAB (ROCKER MOUNT),2012
P205033,DODGE,RAM 3500,CREW CAB (ROCKER MOUNT),2012
P205008,DODGE,RAM 2500,QUAD CAB,2006
P205008,DODGE,RAM 3500,QUAD CAB,2006
P203006,FORD,EXCURSION,,2003
P203040,FORD,F-150,STANDARD CAB,2012
P203016,FORD,F-150,SUPER CAB,2007
P203039,FORD,F-150,SUPER CREW CAB,2012
P203014,FORD,F-250,SUPER DUTY (STANDARD CAB),2002
P203014,FORD,F-350,SUPER DUTY (STANDARD CAB),2002
P203006,FORD,F-250,SUPER DUTY (CREW CAB),2002
P203006,FORD,F-350,SUPER DUTY (CREW CAB),2002
P204009,GMC,SIERRA 1500,EXTENDED CAB,2002
P204017,GMC,SIERRA 1500,STANDARD CAB,2002
P204013,GMC,SIERRA 1500,CREW CAB,2004
P204013,GMC,SIERRA 1500HD,CREW CAB,2004
P204045,GMC,SIERRA 1500,CREW CAB (ROCKER MOUNT),2010
P204045,GMC,SIERRA 2500,CREW CAB (ROCKER MOUNT),2010
P204045,GMC,SIERRA 3500,CREW CAB (ROCKER MOUNT),2010
P204046,GMC,SIERRA 1500,EXTENDED CAB (ROCKER MOUNT),2010
P204046,GMC,SIERRA 2500,EXTENDED CAB (ROCKER MOUNT),2010
P204046,GMC,SIERRA 3500,EXTENDED CAB (ROCKER MOUNT),2010
P204048,GMC,SIERRA 1500,STANDARD CAB (ROCKER MOUNT),2010
P204048,GMC,SIERRA 2500,STANDARD CAB (ROCKER MOUNT),2010
P204048,GMC,SIERRA 3500,STANDARD CAB (ROCKER MOUNT),2010
P204013,GMC,SIERRA 2500,CREW CAB,2004
P204013,GMC,SIERRA 3500,CREW CAB,2004
P204009,GMC,SIERRA 1500HD,EXTENDED CAB,2004
P204009,GMC,SIERRA 2500HD,EXTENDED CAB,2004
P204009,GMC,SIERRA 3500HD,EXTENDED CAB,2004
P204017,GMC,SIERRA 1500HD,STANDARD CAB,2004
P204017,GMC,SIERRA 2500HD,STANDARD CAB,2004
P204017,GMC,SIERRA 3500HD,STANDARD CAB,2004
P206010,HONDA,CRV,,2015
P35800,JEEP,WRANGLER,2-DOOR,2010
P35700,JEEP,WRANGLER,4-DOOR,2010
P209006,NISSAN,TITAN,CREW CAB,2007
P209007,NISSAN,TITAN,EXTENDED CAB,2007
P202009,TOYOTA,TACOMA,DOUBLE CAB,2008
P202008,TOYOTA,TACOMA,ACCESS CAB,2008
P202013,TOYOTA,TUNDRA,CREWMAX,2010
P202012,TOYOTA,TUNDRA,DOUBLE CAB,2010
P204009,CHEVROLET,SILVERADO 1500,EXTENDED CAB,2003
P204017,CHEVROLET,SILVERADO 1500,STANDARD CAB,2003
P204013,CHEVROLET,SILVERADO 1500,CREW CAB,2005
P204013,CHEVROLET,SILVERADO 1500HD,CREW CAB,2005
P204045,CHEVROLET,SILVERADO 1500,CREW CAB (ROCKER MOUNT),2011
P204045,CHEVROLET,SILVERADO 2500,CREW CAB (ROCKER MOUNT),2011
P204045,CHEVROLET,SILVERADO 3500,CREW CAB (ROCKER MOUNT),2011
P204046,CHEVROLET,SILVERADO 1500,EXTENDED CAB (ROCKER MOUNT),2011
P204046,CHEVROLET,SILVERADO 2500,EXTENDED CAB (ROCKER MOUNT),2011
P204046,CHEVROLET,SILVERADO 3500,EXTENDED CAB (ROCKER MOUNT),2011
P204048,CHEVROLET,SILVERADO 1500,STANDARD CAB (ROCKER MOUNT),2011
P204048,CHEVROLET,SILVERADO 2500,STANDARD CAB (ROCKER MOUNT),2011
P204048,CHEVROLET,SILVERADO 3500,STANDARD CAB (ROCKER MOUNT),2011
P204013,CHEVROLET,SILVERADO 2500,CREW CAB,2005
P204013,CHEVROLET,SILVERADO 3500,CREW CAB,2005
P204009,CHEVROLET,SILVERADO 1500HD,EXTENDED CAB,2005
P204009,CHEVROLET,SILVERADO 2500HD,EXTENDED CAB,2005
P204009,CHEVROLET,SILVERADO 3500HD,EXTENDED CAB,2005
P204017,CHEVROLET,SILVERADO 1500HD,STANDARD CAB,2005
P204017,CHEVROLET,SILVERADO 2500HD,STANDARD CAB,2005
P204017,CHEVROLET,SILVERADO 3500HD,STANDARD CAB,2005
P205008,DODGE,RAM 1500,QUAD CAB,2006
P205032,DODGE,RAM 1500,QUAD CAB (ROCKER MOUNT),2013
P205033,DODGE,RAM 1500,CREW CAB (ROCKER MOUNT),2013
P205033,DODGE,RAM 2500,CREW CAB (ROCKER MOUNT),2013
P205033,DODGE,RAM 3500,CREW CAB (ROCKER MOUNT),2013
P205008,DODGE,RAM 2500,QUAD CAB,2007
P205008,DODGE,RAM 3500,QUAD CAB,2007
P203006,FORD,EXCURSION,,2004
P203040,FORD,F-150,STANDARD CAB,2013
P203016,FORD,F-150,SUPER CAB,2008
P203039,FORD,F-150,SUPER CREW CAB,2013
P203014,FORD,F-250,SUPER DUTY (STANDARD CAB),2003
P203014,FORD,F-350,SUPER DUTY (STANDARD CAB),2003
P203006,FORD,F-250,SUPER DUTY (CREW CAB),2003
P203006,FORD,F-350,SUPER DUTY (CREW CAB),2003
P204009,GMC,SIERRA 1500,EXTENDED CAB,2003
P204017,GMC,SIERRA 1500,STANDARD CAB,2003
P204013,GMC,SIERRA 1500,CREW CAB,2005
P204013,GMC,SIERRA 1500HD,CREW CAB,2005
P204045,GMC,SIERRA 1500,CREW CAB (ROCKER MOUNT),2011
P204045,GMC,SIERRA 2500,CREW CAB (ROCKER MOUNT),2011
P204045,GMC,SIERRA 3500,CREW CAB (ROCKER MOUNT),2011
P204046,GMC,SIERRA 1500,EXTENDED CAB (ROCKER MOUNT),2011
P204046,GMC,SIERRA 2500,EXTENDED CAB (ROCKER MOUNT),2011
P204046,GMC,SIERRA 3500,EXTENDED CAB (ROCKER MOUNT),2011
P204048,GMC,SIERRA 1500,STANDARD CAB (ROCKER MOUNT),2011
P204048,GMC,SIERRA 2500,STANDARD CAB (ROCKER MOUNT),2011
P204048,GMC,SIERRA 3500,STANDARD CAB (ROCKER MOUNT),2011
P204013,GMC,SIERRA 2500,CREW CAB,2005
P204013,GMC,SIERRA 3500,CREW CAB,2005
P204009,GMC,SIERRA 1500HD,EXTENDED CAB,2005
P204009,GMC,SIERRA 2500HD,EXTENDED CAB,2005
P204009,GMC,SIERRA 3500HD,EXTENDED CAB,2005
P204017,GMC,SIERRA 1500HD,STANDARD CAB,2005
P204017,GMC,SIERRA 2500HD,STANDARD CAB,2005
P204017,GMC,SIERRA 3500HD,STANDARD CAB,2005
P35800,JEEP,WRANGLER,2-DOOR,2011
P35700,JEEP,WRANGLER,4-DOOR,2011
P209006,NISSAN,TITAN,CREW CAB,2008
P209007,NISSAN,TITAN,EXTENDED CAB,2008
P202009,TOYOTA,TACOMA,DOUBLE CAB,2009
P202008,TOYOTA,TACOMA,ACCESS CAB,2009
P202013,TOYOTA,TUNDRA,CREWMAX,2011
P202012,TOYOTA,TUNDRA,DOUBLE CAB,2011
P204009,CHEVROLET,SILVERADO 1500,EXTENDED CAB,2004
P204017,CHEVROLET,SILVERADO 1500,STANDARD CAB,2004
P204013,CHEVROLET,SILVERADO 1500,CREW CAB,2006
P204013,CHEVROLET,SILVERADO 1500HD,CREW CAB,2006
P204045,CHEVROLET,SILVERADO 1500,CREW CAB (ROCKER MOUNT),2012
P204045,CHEVROLET,SILVERADO 2500,CREW CAB (ROCKER MOUNT),2012
P204045,CHEVROLET,SILVERADO 3500,CREW CAB (ROCKER MOUNT),2012
P204046,CHEVROLET,SILVERADO 1500,EXTENDED CAB (ROCKER MOUNT),2012
P204046,CHEVROLET,SILVERADO 2500,EXTENDED CAB (ROCKER MOUNT),2012
P204046,CHEVROLET,SILVERADO 3500,EXTENDED CAB (ROCKER MOUNT),2012
P204048,CHEVROLET,SILVERADO 1500,STANDARD CAB (ROCKER MOUNT),2012
P204048,CHEVROLET,SILVERADO 2500,STANDARD CAB (ROCKER MOUNT),2012
P204048,CHEVROLET,SILVERADO 3500,STANDARD CAB (ROCKER MOUNT),2012
P204013,CHEVROLET,SILVERADO 2500,CREW CAB,2006
P204013,CHEVROLET,SILVERADO 3500,CREW CAB,2006
P204009,CHEVROLET,SILVERADO 1500HD,EXTENDED CAB,2006
P204009,CHEVROLET,SILVERADO 2500HD,EXTENDED CAB,2006
P204009,CHEVROLET,SILVERADO 3500HD,EXTENDED CAB,2006
P204017,CHEVROLET,SILVERADO 1500HD,STANDARD CAB,2006
P204017,CHEVROLET,SILVERADO 2500HD,STANDARD CAB,2006
P204017,CHEVROLET,SILVERADO 3500HD,STANDARD CAB,2006
P205008,DODGE,RAM 1500,QUAD CAB,2007
P205032,DODGE,RAM 1500,QUAD CAB (ROCKER MOUNT),2014
P205033,DODGE,RAM 1500,CREW CAB (ROCKER MOUNT),2014
P205033,DODGE,RAM 2500,CREW CAB (ROCKER MOUNT),2014
P205033,DODGE,RAM 3500,CREW CAB (ROCKER MOUNT),2014
P205008,DODGE,RAM 2500,QUAD CAB,2008
P205008,DODGE,RAM 3500,QUAD CAB,2008
P203006,FORD,EXCURSION,,2005
P203040,FORD,F-150,STANDARD CAB,2014
P203016,FORD,F-150,SUPER CAB,2009
P203039,FORD,F-150,SUPER CREW CAB,2014
P203014,FORD,F-250,SUPER DUTY (STANDARD CAB),2004
P203014,FORD,F-350,SUPER DUTY (STANDARD CAB),2004
P203006,FORD,F-250,SUPER DUTY (CREW CAB),2004
P203006,FORD,F-350,SUPER DUTY (CREW CAB),2004
P204009,GMC,SIERRA 1500,EXTENDED CAB,2004
P204017,GMC,SIERRA 1500,STANDARD CAB,2004
P204013,GMC,SIERRA 1500,CREW CAB,2006
P204013,GMC,SIERRA 1500HD,CREW CAB,2006
P204045,GMC,SIERRA 1500,CREW CAB (ROCKER MOUNT),2012
P204045,GMC,SIERRA 2500,CREW CAB (ROCKER MOUNT),2012
P204045,GMC,SIERRA 3500,CREW CAB (ROCKER MOUNT),2012
P204046,GMC,SIERRA 1500,EXTENDED CAB (ROCKER MOUNT),2012
P204046,GMC,SIERRA 2500,EXTENDED CAB (ROCKER MOUNT),2012
P204046,GMC,SIERRA 3500,EXTENDED CAB (ROCKER MOUNT),2012
P204048,GMC,SIERRA 1500,STANDARD CAB (ROCKER MOUNT),2012
P204048,GMC,SIERRA 2500,STANDARD CAB (ROCKER MOUNT),2012
P204048,GMC,SIERRA 3500,STANDARD CAB (ROCKER MOUNT),2012
P204013,GMC,SIERRA 2500,CREW CAB,2006
P204013,GMC,SIERRA 3500,CREW CAB,2006
P204009,GMC,SIERRA 1500HD,EXTENDED CAB,2006
P204009,GMC,SIERRA 2500HD,EXTENDED CAB,2006
P204009,GMC,SIERRA 3500HD,EXTENDED CAB,2006
P204017,GMC,SIERRA 1500HD,STANDARD CAB,2006
P204017,GMC,SIERRA 2500HD,STANDARD CAB,2006
P204017,GMC,SIERRA 3500HD,STANDARD CAB,2006
P35800,JEEP,WRANGLER,2-DOOR,2012
P35700,JEEP,WRANGLER,4-DOOR,2012
P209006,NISSAN,TITAN,CREW CAB,2009
P209007,NISSAN,TITAN,EXTENDED CAB,2009
P202009,TOYOTA,TACOMA,DOUBLE CAB,2010
P202008,TOYOTA,TACOMA,ACCESS CAB,2010
P202013,TOYOTA,TUNDRA,CREWMAX,2012
P202012,TOYOTA,TUNDRA,DOUBLE CAB,2012
P204009,CHEVROLET,SILVERADO 1500,EXTENDED CAB,2005
P204017,CHEVROLET,SILVERADO 1500,STANDARD CAB,2005
P204013,CHEVROLET,SILVERADO 1500,CREW CAB,2007
P204013,CHEVROLET,SILVERADO 1500HD,CREW CAB,2007
P204045,CHEVROLET,SILVERADO 1500,CREW CAB (ROCKER MOUNT),2013
P204045,CHEVROLET,SILVERADO 2500,CREW CAB (ROCKER MOUNT),2013
P204045,CHEVROLET,SILVERADO 3500,CREW CAB (ROCKER MOUNT),2013
P204046,CHEVROLET,SILVERADO 1500,EXTENDED CAB (ROCKER MOUNT),2013
P204046,CHEVROLET,SILVERADO 2500,EXTENDED CAB (ROCKER MOUNT),2013
P204046,CHEVROLET,SILVERADO 3500,EXTENDED CAB (ROCKER MOUNT),2013
P204048,CHEVROLET,SILVERADO 1500,STANDARD CAB (ROCKER MOUNT),2013
P204048,CHEVROLET,SILVERADO 2500,STANDARD CAB (ROCKER MOUNT),2013
P204048,CHEVROLET,SILVERADO 3500,STANDARD CAB (ROCKER MOUNT),2013
P204013,CHEVROLET,SILVERADO 2500,CREW CAB,2007
P204013,CHEVROLET,SILVERADO 3500,CREW CAB,2007
P204009,CHEVROLET,SILVERADO 1500HD,EXTENDED CAB,2007
P204009,CHEVROLET,SILVERADO 2500HD,EXTENDED CAB,2007
P204009,CHEVROLET,SILVERADO 3500HD,EXTENDED CAB,2007
P204017,CHEVROLET,SILVERADO 1500HD,STANDARD CAB,2007
P204017,CHEVROLET,SILVERADO 2500HD,STANDARD CAB,2007
P204017,CHEVROLET,SILVERADO 3500HD,STANDARD CAB,2007
P205008,DODGE,RAM 1500,QUAD CAB,2008
P205032,DODGE,RAM 1500,QUAD CAB (ROCKER MOUNT),2015
P205033,DODGE,RAM 1500,CREW CAB (ROCKER MOUNT),2015
P205033,DODGE,RAM 2500,CREW CAB (ROCKER MOUNT),2015
P205033,DODGE,RAM 3500,CREW CAB (ROCKER MOUNT),2015
P205008,DODGE,RAM 2500,QUAD CAB,2009
P205008,DODGE,RAM 3500,QUAD CAB,2009
P203006,FORD,EXCURSION,,2006
P203016,FORD,F-150,SUPER CAB,2010
P203014,FORD,F-250,SUPER DUTY (STANDARD CAB),2005
P203014,FORD,F-350,SUPER DUTY (STANDARD CAB),2005
P203006,FORD,F-250,SUPER DUTY (CREW CAB),2005
P203006,FORD,F-350,SUPER DUTY (CREW CAB),2005
P204009,GMC,SIERRA 1500,EXTENDED CAB,2005
P204017,GMC,SIERRA 1500,STANDARD CAB,2005
P204013,GMC,SIERRA 1500,CREW CAB,2007
P204013,GMC,SIERRA 1500HD,CREW CAB,2007
P204045,GMC,SIERRA 1500,CREW CAB (ROCKER MOUNT),2013
P204045,GMC,SIERRA 2500,CREW CAB (ROCKER MOUNT),2013
P204045,GMC,SIERRA 3500,CREW CAB (ROCKER MOUNT),2013
P204046,GMC,SIERRA 1500,EXTENDED CAB (ROCKER MOUNT),2013
P204046,GMC,SIERRA 2500,EXTENDED CAB (ROCKER MOUNT),2013
P204046,GMC,SIERRA 3500,EXTENDED CAB (ROCKER MOUNT),2013
P204048,GMC,SIERRA 1500,STANDARD CAB (ROCKER MOUNT),2013
P204048,GMC,SIERRA 2500,STANDARD CAB (ROCKER MOUNT),2013
P204048,GMC,SIERRA 3500,STANDARD CAB (ROCKER MOUNT),2013
P204013,GMC,SIERRA 2500,CREW CAB,2007
P204013,GMC,SIERRA 3500,CREW CAB,2007
P204009,GMC,SIERRA 1500HD,EXTENDED CAB,2007
P204009,GMC,SIERRA 2500HD,EXTENDED CAB,2007
P204009,GMC,SIERRA 3500HD,EXTENDED CAB,2007
P204017,GMC,SIERRA 1500HD,STANDARD CAB,2007
P204017,GMC,SIERRA 2500HD,STANDARD CAB,2007
P204017,GMC,SIERRA 3500HD,STANDARD CAB,2007
P35800,JEEP,WRANGLER,2-DOOR,2013
P35700,JEEP,WRANGLER,4-DOOR,2013
P209006,NISSAN,TITAN,CREW CAB,2010
P209007,NISSAN,TITAN,EXTENDED CAB,2010
P202009,TOYOTA,TACOMA,DOUBLE CAB,2011
P202008,TOYOTA,TACOMA,ACCESS CAB,2011
P202013,TOYOTA,TUNDRA,CREWMAX,2013
P202012,TOYOTA,TUNDRA,DOUBLE CAB,2013
P204009,CHEVROLET,SILVERADO 1500,EXTENDED CAB,2006
P204017,CHEVROLET,SILVERADO 1500,STANDARD CAB,2006
P204013,CHEVROLET,SILVERADO 1500,CREW CAB,2008
P204013,CHEVROLET,SILVERADO 1500HD,CREW CAB,2008
P204045,CHEVROLET,SILVERADO 1500,CREW CAB (ROCKER MOUNT),2014
P204045,CHEVROLET,SILVERADO 2500,CREW CAB (ROCKER MOUNT),2014
P204045,CHEVROLET,SILVERADO 3500,CREW CAB (ROCKER MOUNT),2014
P204048,CHEVROLET,SILVERADO 1500,STANDARD CAB (ROCKER MOUNT),2014
P204048,CHEVROLET,SILVERADO 2500,STANDARD CAB (ROCKER MOUNT),2014
P204048,CHEVROLET,SILVERADO 3500,STANDARD CAB (ROCKER MOUNT),2014
P204013,CHEVROLET,SILVERADO 2500,CREW CAB,2008
P204013,CHEVROLET,SILVERADO 3500,CREW CAB,2008
P204009,CHEVROLET,SILVERADO 1500HD,EXTENDED CAB,2008
P204009,CHEVROLET,SILVERADO 2500HD,EXTENDED CAB,2008
P204009,CHEVROLET,SILVERADO 3500HD,EXTENDED CAB,2008
P204017,CHEVROLET,SILVERADO 1500HD,STANDARD CAB,2008
P204017,CHEVROLET,SILVERADO 2500HD,STANDARD CAB,2008
P204017,CHEVROLET,SILVERADO 3500HD,STANDARD CAB,2008
P203016,FORD,F-150,SUPER CAB,2011
P203014,FORD,F-250,SUPER DUTY (STANDARD CAB),2006
P203014,FORD,F-350,SUPER DUTY (STANDARD CAB),2006
P203006,FORD,F-250,SUPER DUTY (CREW CAB),2006
P203006,FORD,F-350,SUPER DUTY (CREW CAB),2006
P204009,GMC,SIERRA 1500,EXTENDED CAB,2006
P204017,GMC,SIERRA 1500,STANDARD CAB,2006
P204013,GMC,SIERRA 1500,CREW CAB,2008
P204013,GMC,SIERRA 1500HD,CREW CAB,2008
P204045,GMC,SIERRA 1500,CREW CAB (ROCKER MOUNT),2014
P204045,GMC,SIERRA 2500,CREW CAB (ROCKER MOUNT),2014
P204045,GMC,SIERRA 3500,CREW CAB (ROCKER MOUNT),2014
P204048,GMC,SIERRA 1500,STANDARD CAB (ROCKER MOUNT),2014
P204048,GMC,SIERRA 2500,STANDARD CAB (ROCKER MOUNT),2014
P204048,GMC,SIERRA 3500,STANDARD CAB (ROCKER MOUNT),2014
P204013,GMC,SIERRA 2500,CREW CAB,2008
P204013,GMC,SIERRA 3500,CREW CAB,2008
P204009,GMC,SIERRA 1500HD,EXTENDED CAB,2008
P204009,GMC,SIERRA 2500HD,EXTENDED CAB,2008
P204009,GMC,SIERRA 3500HD,EXTENDED CAB,2008
P204017,GMC,SIERRA 1500HD,STANDARD CAB,2008
P204017,GMC,SIERRA 2500HD,STANDARD CAB,2008
P204017,GMC,SIERRA 3500HD,STANDARD CAB,2008
P35800,JEEP,WRANGLER,2-DOOR,2014
P35700,JEEP,WRANGLER,4-DOOR,2014
P209006,NISSAN,TITAN,CREW CAB,2011
P209007,NISSAN,TITAN,EXTENDED CAB,2011
P202009,TOYOTA,TACOMA,DOUBLE CAB,2012
P202008,TOYOTA,TACOMA,ACCESS CAB,2012
P202013,TOYOTA,TUNDRA,CREWMAX,2014
P202012,TOYOTA,TUNDRA,DOUBLE CAB,2014
P204009,CHEVROLET,SILVERADO 1500,EXTENDED CAB,2007
P204017,CHEVROLET,SILVERADO 1500,STANDARD CAB,2007
P204013,CHEVROLET,SILVERADO 1500,CREW CAB,2009
P204013,CHEVROLET,SILVERADO 1500HD,CREW CAB,2009
P204045,CHEVROLET,SILVERADO 1500,CREW CAB (ROCKER MOUNT),2015
P204045,CHEVROLET,SILVERADO 2500,CREW CAB (ROCKER MOUNT),2015
P204045,CHEVROLET,SILVERADO 3500,CREW CAB (ROCKER MOUNT),2015
P204048,CHEVROLET,SILVERADO 1500,STANDARD CAB (ROCKER MOUNT),2015
P204048,CHEVROLET,SILVERADO 2500,STANDARD CAB (ROCKER MOUNT),2015
P204048,CHEVROLET,SILVERADO 3500,STANDARD CAB (ROCKER MOUNT),2015
P204013,CHEVROLET,SILVERADO 2500,CREW CAB,2009
P204013,CHEVROLET,SILVERADO 3500,CREW CAB,2009
P204009,CHEVROLET,SILVERADO 1500HD,EXTENDED CAB,2009
P204009,CHEVROLET,SILVERADO 2500HD,EXTENDED CAB,2009
P204009,CHEVROLET,SILVERADO 3500HD,EXTENDED CAB,2009
P204017,CHEVROLET,SILVERADO 1500HD,STANDARD CAB,2009
P204017,CHEVROLET,SILVERADO 2500HD,STANDARD CAB,2009
P204017,CHEVROLET,SILVERADO 3500HD,STANDARD CAB,2009
P203016,FORD,F-150,SUPER CAB,2012
P203014,FORD,F-250,SUPER DUTY (STANDARD CAB),2007
P203014,FORD,F-350,SUPER DUTY (STANDARD CAB),2007
P203006,FORD,F-250,SUPER DUTY (CREW CAB),2007
P203006,FORD,F-350,SUPER DUTY (CREW CAB),2007
P204009,GMC,SIERRA 1500,EXTENDED CAB,2007
P204017,GMC,SIERRA 1500,STANDARD CAB,2007
P204013,GMC,SIERRA 1500,CREW CAB,2009
P204013,GMC,SIERRA 1500HD,CREW CAB,2009
P204045,GMC,SIERRA 1500,CREW CAB (ROCKER MOUNT),2015
P204045,GMC,SIERRA 2500,CREW CAB (ROCKER MOUNT),2015
P204045,GMC,SIERRA 3500,CREW CAB (ROCKER MOUNT),2015
P204048,GMC,SIERRA 1500,STANDARD CAB (ROCKER MOUNT),2015
P204048,GMC,SIERRA 2500,STANDARD CAB (ROCKER MOUNT),2015
P204048,GMC,SIERRA 3500,STANDARD CAB (ROCKER MOUNT),2015
P204013,GMC,SIERRA 2500,CREW CAB,2009
P204013,GMC,SIERRA 3500,CREW CAB,2009
P204009,GMC,SIERRA 1500HD,EXTENDED CAB,2009
P204009,GMC,SIERRA 2500HD,EXTENDED CAB,2009
P204009,GMC,SIERRA 3500HD,EXTENDED CAB,2009
P204017,GMC,SIERRA 1500HD,STANDARD CAB,2009
P204017,GMC,SIERRA 2500HD,STANDARD CAB,2009
P204017,GMC,SIERRA 3500HD,STANDARD CAB,2009
P35800,JEEP,WRANGLER,2-DOOR,2015
P35700,JEEP,WRANGLER,4-DOOR,2015
P209006,NISSAN,TITAN,CREW CAB,2012
P209007,NISSAN,TITAN,EXTENDED CAB,2012
P202009,TOYOTA,TACOMA,DOUBLE CAB,2013
P202008,TOYOTA,TACOMA,ACCESS CAB,2013
P202013,TOYOTA,TUNDRA,CREWMAX,2015
P202012,TOYOTA,TUNDRA,DOUBLE CAB,2015
P204009,CHEVROLET,SILVERADO 1500,EXTENDED CAB,2008
P204017,CHEVROLET,SILVERADO 1500,STANDARD CAB,2008
P204013,CHEVROLET,SILVERADO 1500,CREW CAB,2010
P204013,CHEVROLET,SILVERADO 1500HD,CREW CAB,2010
P204013,CHEVROLET,SILVERADO 2500,CREW CAB,2010
P204013,CHEVROLET,SILVERADO 3500,CREW CAB,2010
P204009,CHEVROLET,SILVERADO 1500HD,EXTENDED CAB,2010
P204009,CHEVROLET,SILVERADO 2500HD,EXTENDED CAB,2010
P204009,CHEVROLET,SILVERADO 3500HD,EXTENDED CAB,2010
P204017,CHEVROLET,SILVERADO 1500HD,STANDARD CAB,2010
P204017,CHEVROLET,SILVERADO 2500HD,STANDARD CAB,2010
P204017,CHEVROLET,SILVERADO 3500HD,STANDARD CAB,2010
P203016,FORD,F-150,SUPER CAB,2013
P203014,FORD,F-250,SUPER DUTY (STANDARD CAB),2008
P203014,FORD,F-350,SUPER DUTY (STANDARD CAB),2008
P203006,FORD,F-250,SUPER DUTY (CREW CAB),2008
P203006,FORD,F-350,SUPER DUTY (CREW CAB),2008
P204009,GMC,SIERRA 1500,EXTENDED CAB,2008
P204017,GMC,SIERRA 1500,STANDARD CAB,2008
P204013,GMC,SIERRA 1500,CREW CAB,2010
P204013,GMC,SIERRA 1500HD,CREW CAB,2010
P204013,GMC,SIERRA 2500,CREW CAB,2010
P204013,GMC,SIERRA 3500,CREW CAB,2010
P204009,GMC,SIERRA 1500HD,EXTENDED CAB,2010
P204009,GMC,SIERRA 2500HD,EXTENDED CAB,2010
P204009,GMC,SIERRA 3500HD,EXTENDED CAB,2010
P204017,GMC,SIERRA 1500HD,STANDARD CAB,2010
P204017,GMC,SIERRA 2500HD,STANDARD CAB,2010
P204017,GMC,SIERRA 3500HD,STANDARD CAB,2010
P209006,NISSAN,TITAN,CREW CAB,2013
P209007,NISSAN,TITAN,EXTENDED CAB,2013
P202009,TOYOTA,TACOMA,DOUBLE CAB,2014
P202008,TOYOTA,TACOMA,ACCESS CAB,2014
P204009,CHEVROLET,SILVERADO 1500,EXTENDED CAB,2009
P204017,CHEVROLET,SILVERADO 1500,STANDARD CAB,2009
P204013,CHEVROLET,SILVERADO 1500,CREW CAB,2011
P204013,CHEVROLET,SILVERADO 1500HD,CREW CAB,2011
P204013,CHEVROLET,SILVERADO 2500,CREW CAB,2011
P204013,CHEVROLET,SILVERADO 3500,CREW CAB,2011
P204009,CHEVROLET,SILVERADO 1500HD,EXTENDED CAB,2011
P204009,CHEVROLET,SILVERADO 2500HD,EXTENDED CAB,2011
P204009,CHEVROLET,SILVERADO 3500HD,EXTENDED CAB,2011
P204017,CHEVROLET,SILVERADO 1500HD,STANDARD CAB,2011
P204017,CHEVROLET,SILVERADO 2500HD,STANDARD CAB,2011
P204017,CHEVROLET,SILVERADO 3500HD,STANDARD CAB,2011
P203016,FORD,F-150,SUPER CAB,2014
P203014,FORD,F-250,SUPER DUTY (STANDARD CAB),2009
P203014,FORD,F-350,SUPER DUTY (STANDARD CAB),2009
P203006,FORD,F-250,SUPER DUTY (CREW CAB),2009
P203006,FORD,F-350,SUPER DUTY (CREW CAB),2009
P204009,GMC,SIERRA 1500,EXTENDED CAB,2009
P204017,GMC,SIERRA 1500,STANDARD CAB,2009
P204013,GMC,SIERRA 1500,CREW CAB,2011
P204013,GMC,SIERRA 1500HD,CREW CAB,2011
P204013,GMC,SIERRA 2500,CREW CAB,2011
P204013,GMC,SIERRA 3500,CREW CAB,2011
P204009,GMC,SIERRA 1500HD,EXTENDED CAB,2011
P204009,GMC,SIERRA 2500HD,EXTENDED CAB,2011
P204009,GMC,SIERRA 3500HD,EXTENDED CAB,2011
P204017,GMC,SIERRA 1500HD,STANDARD CAB,2011
P204017,GMC,SIERRA 2500HD,STANDARD CAB,2011
P204017,GMC,SIERRA 3500HD,STANDARD CAB,2011
P209006,NISSAN,TITAN,CREW CAB,2014
P209007,NISSAN,TITAN,EXTENDED CAB,2014
P202009,TOYOTA,TACOMA,DOUBLE CAB,2015
P202008,TOYOTA,TACOMA,ACCESS CAB,2015
P204009,CHEVROLET,SILVERADO 1500,EXTENDED CAB,2010
P204017,CHEVROLET,SILVERADO 1500,STANDARD CAB,2010
P204013,CHEVROLET,SILVERADO 1500,CREW CAB,2012
P204013,CHEVROLET,SILVERADO 1500HD,CREW CAB,2012
P204013,CHEVROLET,SILVERADO 2500,CREW CAB,2012
P204013,CHEVROLET,SILVERADO 3500,CREW CAB,2012
P204009,CHEVROLET,SILVERADO 1500HD,EXTENDED CAB,2012
P204009,CHEVROLET,SILVERADO 2500HD,EXTENDED CAB,2012
P204009,CHEVROLET,SILVERADO 3500HD,EXTENDED CAB,2012
P204017,CHEVROLET,SILVERADO 1500HD,STANDARD CAB,2012
P204017,CHEVROLET,SILVERADO 2500HD,STANDARD CAB,2012
P204017,CHEVROLET,SILVERADO 3500HD,STANDARD CAB,2012
P203014,FORD,F-250,SUPER DUTY (STANDARD CAB),2010
P203014,FORD,F-350,SUPER DUTY (STANDARD CAB),2010
P203006,FORD,F-250,SUPER DUTY (CREW CAB),2010
P203006,FORD,F-350,SUPER DUTY (CREW CAB),2010
P204009,GMC,SIERRA 1500,EXTENDED CAB,2010
P204017,GMC,SIERRA 1500,STANDARD CAB,2010
P204013,GMC,SIERRA 1500,CREW CAB,2012
P204013,GMC,SIERRA 1500HD,CREW CAB,2012
P204013,GMC,SIERRA 2500,CREW CAB,2012
P204013,GMC,SIERRA 3500,CREW CAB,2012
P204009,GMC,SIERRA 1500HD,EXTENDED CAB,2012
P204009,GMC,SIERRA 2500HD,EXTENDED CAB,2012
P204009,GMC,SIERRA 3500HD,EXTENDED CAB,2012
P204017,GMC,SIERRA 1500HD,STANDARD CAB,2012
P204017,GMC,SIERRA 2500HD,STANDARD CAB,2012
P204017,GMC,SIERRA 3500HD,STANDARD CAB,2012
P209006,NISSAN,TITAN,CREW CAB,2015
P209007,NISSAN,TITAN,EXTENDED CAB,2015
P204009,CHEVROLET,SILVERADO 1500,EXTENDED CAB,2011
P204017,CHEVROLET,SILVERADO 1500,STANDARD CAB,2011
P204013,CHEVROLET,SILVERADO 1500,CREW CAB,2013
P204013,CHEVROLET,SILVERADO 1500HD,CREW CAB,2013
P204013,CHEVROLET,SILVERADO 2500,CREW CAB,2013
P204013,CHEVROLET,SILVERADO 3500,CREW CAB,2013
P204009,CHEVROLET,SILVERADO 1500HD,EXTENDED CAB,2013
P204009,CHEVROLET,SILVERADO 2500HD,EXTENDED CAB,2013
P204009,CHEVROLET,SILVERADO 3500HD,EXTENDED CAB,2013
P204017,CHEVROLET,SILVERADO 1500HD,STANDARD CAB,2013
P204017,CHEVROLET,SILVERADO 2500HD,STANDARD CAB,2013
P204017,CHEVROLET,SILVERADO 3500HD,STANDARD CAB,2013
P203014,FORD,F-250,SUPER DUTY (STANDARD CAB),2011
P203014,FORD,F-350,SUPER DUTY (STANDARD CAB),2011
P203006,FORD,F-250,SUPER DUTY (CREW CAB),2011
P203006,FORD,F-350,SUPER DUTY (CREW CAB),2011
P204009,GMC,SIERRA 1500,EXTENDED CAB,2011
P204017,GMC,SIERRA 1500,STANDARD CAB,2011
P204013,GMC,SIERRA 1500,CREW CAB,2013
P204013,GMC,SIERRA 1500HD,CREW CAB,2013
P204013,GMC,SIERRA 2500,CREW CAB,2013
P204013,GMC,SIERRA 3500,CREW CAB,2013
P204009,GMC,SIERRA 1500HD,EXTENDED CAB,2013
P204009,GMC,SIERRA 2500HD,EXTENDED CAB,2013
P204009,GMC,SIERRA 3500HD,EXTENDED CAB,2013
P204017,GMC,SIERRA 1500HD,STANDARD CAB,2013
P204017,GMC,SIERRA 2500HD,STANDARD CAB,2013
P204017,GMC,SIERRA 3500HD,STANDARD CAB,2013
P204009,CHEVROLET,SILVERADO 1500,EXTENDED CAB,2012
P204017,CHEVROLET,SILVERADO 1500,STANDARD CAB,2012
P204013,CHEVROLET,SILVERADO 2500,CREW CAB,2014
P204013,CHEVROLET,SILVERADO 3500,CREW CAB,2014
P204009,CHEVROLET,SILVERADO 1500HD,EXTENDED CAB,2014
P204009,CHEVROLET,SILVERADO 2500HD,EXTENDED CAB,2014
P204009,CHEVROLET,SILVERADO 3500HD,EXTENDED CAB,2014
P203014,FORD,F-250,SUPER DUTY (STANDARD CAB),2012
P203014,FORD,F-350,SUPER DUTY (STANDARD CAB),2012
P203006,FORD,F-250,SUPER DUTY (CREW CAB),2012
P203006,FORD,F-350,SUPER DUTY (CREW CAB),2012
P204009,GMC,SIERRA 1500,EXTENDED CAB,2012
P204017,GMC,SIERRA 1500,STANDARD CAB,2012
P204013,GMC,SIERRA 2500,CREW CAB,2014
P204013,GMC,SIERRA 3500,CREW CAB,2014
P204009,GMC,SIERRA 1500HD,EXTENDED CAB,2014
P204009,GMC,SIERRA 2500HD,EXTENDED CAB,2014
P204009,GMC,SIERRA 3500HD,EXTENDED CAB,2014
P204009,CHEVROLET,SILVERADO 1500,EXTENDED CAB,2013
P204017,CHEVROLET,SILVERADO 1500,STANDARD CAB,2013
P203014,FORD,F-250,SUPER DUTY (STANDARD CAB),2013
P203014,FORD,F-350,SUPER DUTY (STANDARD CAB),2013
P203006,FORD,F-250,SUPER DUTY (CREW CAB),2013
P203006,FORD,F-350,SUPER DUTY (CREW CAB),2013
P204009,GMC,SIERRA 1500,EXTENDED CAB,2013
P204017,GMC,SIERRA 1500,STANDARD CAB,2013
P203014,FORD,F-250,SUPER DUTY (STANDARD CAB),2014
P203014,FORD,F-350,SUPER DUTY (STANDARD CAB),2014
P203006,FORD,F-250,SUPER DUTY (CREW CAB),2014
P203006,FORD,F-350,SUPER DUTY (CREW CAB),2014
P203014,FORD,F-250,SUPER DUTY (STANDARD CAB),2015
P203014,FORD,F-350,SUPER DUTY (STANDARD CAB),2015
P203006,FORD,F-250,SUPER DUTY (CREW CAB),2015
P203006,FORD,F-350,SUPER DUTY (CREW CAB),2015