CADILLAC,ESCALADE,ALL,P35-4014,2004
CHEVROLET,AVALANCHE 1500,ALL,P35-4001,2001
CHEVROLET,AVALANCHE 1500,ALL,P35-4014,2007
CHEVROLET,AVALANCHE 2500,ALL,P35-4002,2001
CHEVROLET,SILVERADO 1500,ALL,P35-4001,1999
CHEVROLET,SILVERADO 1500,ALL,P35-4005,2007
CHEVROLET,SILVERADO 1500,ALL,P35-4014,2007
CHEVROLET,SILVERADO 1500,ALL,P35-4012,2014
CHEVROLET,SILVERADO 2500LD,ALL,P35-4002,1999
CHEVROLET,SILVERADO 1500HD,ALL,P35-4002,2001
CHEVROLET,SILVERADO 2500HD,ALL,P35-4002,2001
CHEVROLET,SILVERADO 3500HD,ALL,P35-4002,2001
CHEVROLET,SILVERADO 2500HD,CLASSIC ONLY,P35-4002,2007
CHEVROLET,SILVERADO 3500HD,CLASSIC ONLY,P35-4002,2007
CHEVROLET,SILVERADO 2500HD,ALL,P35-4006,2007
CHEVROLET,SILVERADO 3500HD,ALL,P35-4006,2007
CHEVROLET,SILVERADO 2500HD,ALL,P35-4013,2011
CHEVROLET,SILVERADO 3500HD,ALL,P35-4013,2011
CHEVROLET,SUBURBAN 1500,ALL,P35-4001,2000
CHEVROLET,SUBURBAN 1500,ALL,P35-4014,2007
CHEVROLET,SUBURBAN 2500,ALL,P35-4002,2000
CHEVROLET,TAHOE 1500,ALL,P35-4001,2000
CHEVROLET,TAHOE 1500,ALL,P35-4014,2007
CHEVROLET,TAHOE 2500,ALL,P35-4002,2000
DODGE,RAM,MEGA CAB,P35-5006 ,2006
DODGE,RAM 1500,QUAD CAB,P35-5006 ,2002
DODGE,RAM 1500,ALL,P35-5005 ,2009
DODGE,RAM 2500,QUAD CAB,P35-5006 ,2003
DODGE,RAM 3500,QUAD CAB,P35-5006 ,2003
DODGE,RAM 2500,CREW CAB,P35-5006 ,2010
DODGE,RAM 3500,CREW CAB,P35-5006 ,2010
FORD,EXCURSION,ALL,P35-3001 ,2000
FORD,EXPEDITION,ALL,P35-3007,2003
FORD,F-150,"EXCLUDING RAPTOR, NOT FOR ECOBOOST",P35-3007 ,2004
FORD,F-250,SUPER DUTY,P35-3001 ,1999
FORD,F-350,SUPER DUTY,P35-3001 ,1999
FORD,F-250,SUPER DUTY,P35-3006 ,2008
FORD,F-350,SUPER DUTY,P35-3006 ,2008
FORD,F-250,SUPER DUTY,P35-3012 ,2011
FORD,F-350,SUPER DUTY,P35-3012 ,2011
GMC,SIERRA 1500,ALL,P35-4001,1999
GMC,SIERRA 1500,CLASSIC ONLY,P35-4001,2007
GMC,SIERRA 1500,CUT LOW VALANCE,P35-4005,2007
GMC,SIERRA 1500,ALL,P35-4012,2014
GMC,SIERRA 1500,ALL,P35-4014,2007
GMC,SIERRA 2500LD,ALL,P35-4002,1999
GMC,SIERRA 1500HD,ALL,P35-4002,2001
GMC,SIERRA 2500HD,ALL,P35-4002,2001
GMC,SIERRA 3500HD,ALL,P35-4002,2001
GMC,SIERRA 1500HD,CLASSIC ONLY,P35-4002,2007
GMC,SIERRA 2500HD,CLASSIC ONLY,P35-4002,2007
GMC,SIERRA 3500HD,CLASSIC ONLY,P35-4002,2007
GMC,SIERRA 2500HD,ALL,P35-4006,2007
GMC,SIERRA 3500HD,ALL,P35-4006,2007
GMC,SIERRA 2500HD,ALL,P35-4013,2011
GMC,SIERRA 3500HD,ALL,P35-4013,2011
GMC,YUKON,ALL,P35-4001,2000
GMC,YUKON DENALI XL 1500,ALL,P35-4014,2007
GMC,YUKON XL 1500,ALL,P35-4001,2000
GMC,YUKON XL 2500LD,ALL,P35-4002,2000
TOYOTA,SEQUOIA,ALL,P35-2004 ,2008
TOYOTA,TACOMA,ALL,P35-2002 ,2005
TOYOTA,TUNDRA,ALL,P35-2004 ,2007
CADILLAC,ESCALADE,ALL,P35-4014,2005
CHEVROLET,AVALANCHE 1500,ALL,P35-4001,2002
CHEVROLET,AVALANCHE 1500,ALL,P35-4014,2008
CHEVROLET,AVALANCHE 2500,ALL,P35-4002,2002
CHEVROLET,SILVERADO 1500,ALL,P35-4001,2000
CHEVROLET,SILVERADO 1500,ALL,P35-4005,2008
CHEVROLET,SILVERADO 1500,ALL,P35-4014,2008
CHEVROLET,SILVERADO 1500,ALL,P35-4012,2015
CHEVROLET,SILVERADO 2500LD,ALL,P35-4002,2000
CHEVROLET,SILVERADO 1500HD,ALL,P35-4002,2002
CHEVROLET,SILVERADO 2500HD,ALL,P35-4002,2002
CHEVROLET,SILVERADO 3500HD,ALL,P35-4002,2002
CHEVROLET,SILVERADO 2500HD,ALL,P35-4006,2008
CHEVROLET,SILVERADO 3500HD,ALL,P35-4006,2008
CHEVROLET,SILVERADO 2500HD,ALL,P35-4013,2012
CHEVROLET,SILVERADO 3500HD,ALL,P35-4013,2012
CHEVROLET,SUBURBAN 1500,ALL,P35-4001,2001
CHEVROLET,SUBURBAN 1500,ALL,P35-4014,2008
CHEVROLET,SUBURBAN 2500,ALL,P35-4002,2001
CHEVROLET,TAHOE 1500,ALL,P35-4001,2001
CHEVROLET,TAHOE 1500,ALL,P35-4014,2008
CHEVROLET,TAHOE 2500,ALL,P35-4002,2001
DODGE,RAM,MEGA CAB,P35-5006 ,2007
DODGE,RAM 1500,QUAD CAB,P35-5006 ,2003
DODGE,RAM 1500,ALL,P35-5005 ,2010
DODGE,RAM 2500,QUAD CAB,P35-5006 ,2004
DODGE,RAM 3500,QUAD CAB,P35-5006 ,2004
DODGE,RAM 2500,CREW CAB,P35-5006 ,2011
DODGE,RAM 3500,CREW CAB,P35-5006 ,2011
FORD,EXCURSION,ALL,P35-3001 ,2001
FORD,EXPEDITION,ALL,P35-3007,2004
FORD,F-150,"EXCLUDING RAPTOR, NOT FOR ECOBOOST",P35-3007 ,2005
FORD,F-250,SUPER DUTY,P35-3001 ,2000
FORD,F-350,SUPER DUTY,P35-3001 ,2000
FORD,F-250,SUPER DUTY,P35-3006 ,2009
FORD,F-350,SUPER DUTY,P35-3006 ,2009
FORD,F-250,SUPER DUTY,P35-3012 ,2012
FORD,F-350,SUPER DUTY,P35-3012 ,2012
GMC,SIERRA 1500,ALL,P35-4001,2000
GMC,SIERRA 1500,CUT LOW VALANCE,P35-4005,2008
GMC,SIERRA 1500,ALL,P35-4012,2015
GMC,SIERRA 1500,ALL,P35-4014,2008
GMC,SIERRA 2500LD,ALL,P35-4002,2000
GMC,SIERRA 1500HD,ALL,P35-4002,2002
GMC,SIERRA 2500HD,ALL,P35-4002,2002
GMC,SIERRA 3500HD,ALL,P35-4002,2002
GMC,SIERRA 2500HD,ALL,P35-4006,2008
GMC,SIERRA 3500HD,ALL,P35-4006,2008
GMC,SIERRA 2500HD,ALL,P35-4013,2012
GMC,SIERRA 3500HD,ALL,P35-4013,2012
GMC,YUKON,ALL,P35-4001,2001
GMC,YUKON DENALI XL 1500,ALL,P35-4014,2008
GMC,YUKON XL 1500,ALL,P35-4001,2001
GMC,YUKON XL 2500LD,ALL,P35-4002,2001
TOYOTA,SEQUOIA,ALL,P35-2004 ,2009
TOYOTA,TACOMA,ALL,P35-2002 ,2006
TOYOTA,TUNDRA,ALL,P35-2004 ,2008
CADILLAC,ESCALADE,ALL,P35-4014,2006
CHEVROLET,AVALANCHE 1500,ALL,P35-4001,2003
CHEVROLET,AVALANCHE 1500,ALL,P35-4014,2009
CHEVROLET,AVALANCHE 2500,ALL,P35-4002,2003
CHEVROLET,SILVERADO 1500,ALL,P35-4001,2001
CHEVROLET,SILVERADO 1500,ALL,P35-4005,2009
CHEVROLET,SILVERADO 1500,ALL,P35-4014,2009
CHEVROLET,SILVERADO 2500LD,ALL,P35-4002,2001
CHEVROLET,SILVERADO 1500HD,ALL,P35-4002,2003
CHEVROLET,SILVERADO 2500HD,ALL,P35-4002,2003
CHEVROLET,SILVERADO 3500HD,ALL,P35-4002,2003
CHEVROLET,SILVERADO 2500HD,ALL,P35-4006,2009
CHEVROLET,SILVERADO 3500HD,ALL,P35-4006,2009
CHEVROLET,SILVERADO 2500HD,ALL,P35-4013,2013
CHEVROLET,SILVERADO 3500HD,ALL,P35-4013,2013
CHEVROLET,SUBURBAN 1500,ALL,P35-4001,2002
CHEVROLET,SUBURBAN 1500,ALL,P35-4014,2009
CHEVROLET,SUBURBAN 2500,ALL,P35-4002,2002
CHEVROLET,TAHOE 1500,ALL,P35-4001,2002
CHEVROLET,TAHOE 1500,ALL,P35-4014,2009
CHEVROLET,TAHOE 2500,ALL,P35-4002,2002
DODGE,RAM,MEGA CAB,P35-5006 ,2008
DODGE,RAM 1500,QUAD CAB,P35-5006 ,2004
DODGE,RAM 1500,ALL,P35-5005 ,2011
DODGE,RAM 2500,QUAD CAB,P35-5006 ,2005
DODGE,RAM 3500,QUAD CAB,P35-5006 ,2005
DODGE,RAM 2500,CREW CAB,P35-5006 ,2012
DODGE,RAM 3500,CREW CAB,P35-5006 ,2012
FORD,EXCURSION,ALL,P35-3001 ,2002
FORD,EXPEDITION,ALL,P35-3007,2005
FORD,F-150,"EXCLUDING RAPTOR, NOT FOR ECOBOOST",P35-3007 ,2006
FORD,F-250,SUPER DUTY,P35-3001 ,2001
FORD,F-350,SUPER DUTY,P35-3001 ,2001
FORD,F-250,SUPER DUTY,P35-3006 ,2010
FORD,F-350,SUPER DUTY,P35-3006 ,2010
FORD,F-250,SUPER DUTY,P35-3012 ,2013
FORD,F-350,SUPER DUTY,P35-3012 ,2013
GMC,SIERRA 1500,ALL,P35-4001,2001
GMC,SIERRA 1500,CUT LOW VALANCE,P35-4005,2009
GMC,SIERRA 1500,ALL,P35-4014,2009
GMC,SIERRA 2500LD,ALL,P35-4002,2001
GMC,SIERRA 1500HD,ALL,P35-4002,2003
GMC,SIERRA 2500HD,ALL,P35-4002,2003
GMC,SIERRA 3500HD,ALL,P35-4002,2003
GMC,SIERRA 2500HD,ALL,P35-4006,2009
GMC,SIERRA 3500HD,ALL,P35-4006,2009
GMC,SIERRA 2500HD,ALL,P35-4013,2013
GMC,SIERRA 3500HD,ALL,P35-4013,2013
GMC,YUKON,ALL,P35-4001,2002
GMC,YUKON DENALI XL 1500,ALL,P35-4014,2009
GMC,YUKON XL 1500,ALL,P35-4001,2002
GMC,YUKON XL 2500LD,ALL,P35-4002,2002
TOYOTA,SEQUOIA,ALL,P35-2004 ,2010
TOYOTA,TACOMA,ALL,P35-2002 ,2007
TOYOTA,TUNDRA,ALL,P35-2004 ,2009
CADILLAC,ESCALADE,ALL,P35-4014,2007
CHEVROLET,AVALANCHE 1500,ALL,P35-4001,2004
CHEVROLET,AVALANCHE 1500,ALL,P35-4014,2010
CHEVROLET,AVALANCHE 2500,ALL,P35-4002,2004
CHEVROLET,SILVERADO 1500,ALL,P35-4001,2002
CHEVROLET,SILVERADO 1500,ALL,P35-4005,2010
CHEVROLET,SILVERADO 1500,ALL,P35-4014,2010
CHEVROLET,SILVERADO 2500LD,ALL,P35-4002,2002
CHEVROLET,SILVERADO 1500HD,ALL,P35-4002,2004
CHEVROLET,SILVERADO 2500HD,ALL,P35-4002,2004
CHEVROLET,SILVERADO 3500HD,ALL,P35-4002,2004
CHEVROLET,SILVERADO 2500HD,ALL,P35-4006,2010
CHEVROLET,SILVERADO 3500HD,ALL,P35-4006,2010
CHEVROLET,SILVERADO 2500HD,ALL,P35-4013,2014
CHEVROLET,SILVERADO 3500HD,ALL,P35-4013,2014
CHEVROLET,SUBURBAN 1500,ALL,P35-4001,2003
CHEVROLET,SUBURBAN 1500,ALL,P35-4014,2010
CHEVROLET,SUBURBAN 2500,ALL,P35-4002,2003
CHEVROLET,TAHOE 1500,ALL,P35-4001,2003
CHEVROLET,TAHOE 1500,ALL,P35-4014,2010
CHEVROLET,TAHOE 2500,ALL,P35-4002,2003
DODGE,RAM,MEGA CAB,P35-5006 ,2009
DODGE,RAM 1500,QUAD CAB,P35-5006 ,2005
DODGE,RAM 1500,ALL,P35-5005 ,2012
DODGE,RAM 2500,QUAD CAB,P35-5006 ,2006
DODGE,RAM 3500,QUAD CAB,P35-5006 ,2006
DODGE,RAM 2500,CREW CAB,P35-5006 ,2013
DODGE,RAM 3500,CREW CAB,P35-5006 ,2013
FORD,EXCURSION,ALL,P35-3001 ,2003
FORD,EXPEDITION,ALL,P35-3007,2006
FORD,F-150,"EXCLUDING RAPTOR, NOT FOR ECOBOOST",P35-3007 ,2007
FORD,F-250,SUPER DUTY,P35-3001 ,2002
FORD,F-350,SUPER DUTY,P35-3001 ,2002
FORD,F-250,SUPER DUTY,P35-3012 ,2014
FORD,F-350,SUPER DUTY,P35-3012 ,2014
GMC,SIERRA 1500,ALL,P35-4001,2002
GMC,SIERRA 1500,CUT LOW VALANCE,P35-4005,2010
GMC,SIERRA 1500,ALL,P35-4014,2010
GMC,SIERRA 2500LD,ALL,P35-4002,2002
GMC,SIERRA 1500HD,ALL,P35-4002,2004
GMC,SIERRA 2500HD,ALL,P35-4002,2004
GMC,SIERRA 3500HD,ALL,P35-4002,2004
GMC,SIERRA 2500HD,ALL,P35-4006,2010
GMC,SIERRA 3500HD,ALL,P35-4006,2010
GMC,SIERRA 2500HD,ALL,P35-4013,2014
GMC,SIERRA 3500HD,ALL,P35-4013,2014
GMC,YUKON,ALL,P35-4001,2003
GMC,YUKON DENALI XL 1500,ALL,P35-4014,2010
GMC,YUKON XL 1500,ALL,P35-4001,2003
GMC,YUKON XL 2500LD,ALL,P35-4002,2003
TOYOTA,SEQUOIA,ALL,P35-2004 ,2011
TOYOTA,TACOMA,ALL,P35-2002 ,2008
TOYOTA,TUNDRA,ALL,P35-2004 ,2010
CADILLAC,ESCALADE,ALL,P35-4014,2008
CHEVROLET,AVALANCHE 1500,ALL,P35-4001,2005
CHEVROLET,AVALANCHE 1500,ALL,P35-4014,2011
CHEVROLET,AVALANCHE 2500,ALL,P35-4002,2005
CHEVROLET,SILVERADO 1500,ALL,P35-4001,2003
CHEVROLET,SILVERADO 1500,ALL,P35-4005,2011
CHEVROLET,SILVERADO 1500,ALL,P35-4014,2011
CHEVROLET,SILVERADO 2500LD,ALL,P35-4002,2003
CHEVROLET,SILVERADO 1500HD,ALL,P35-4002,2005
CHEVROLET,SILVERADO 2500HD,ALL,P35-4002,2005
CHEVROLET,SILVERADO 3500HD,ALL,P35-4002,2005
CHEVROLET,SILVERADO 2500HD,ALL,P35-4013,2015
CHEVROLET,SILVERADO 3500HD,ALL,P35-4013,2015
CHEVROLET,SUBURBAN 1500,ALL,P35-4001,2004
CHEVROLET,SUBURBAN 1500,ALL,P35-4014,2011
CHEVROLET,SUBURBAN 2500,ALL,P35-4002,2004
CHEVROLET,TAHOE 1500,ALL,P35-4001,2004
CHEVROLET,TAHOE 1500,ALL,P35-4014,2011
CHEVROLET,TAHOE 2500,ALL,P35-4002,2004
DODGE,RAM,MEGA CAB,P35-5006 ,2010
DODGE,RAM 1500,ALL,P35-5005 ,2013
DODGE,RAM 2500,QUAD CAB,P35-5006 ,2007
DODGE,RAM 3500,QUAD CAB,P35-5006 ,2007
DODGE,RAM 2500,CREW CAB,P35-5006 ,2014
DODGE,RAM 3500,CREW CAB,P35-5006 ,2014
FORD,EXCURSION,ALL,P35-3001 ,2004
FORD,EXPEDITION,ALL,P35-3007,2007
FORD,F-150,"EXCLUDING RAPTOR, NOT FOR ECOBOOST",P35-3007 ,2008
FORD,F-250,SUPER DUTY,P35-3001 ,2003
FORD,F-350,SUPER DUTY,P35-3001 ,2003
FORD,F-250,SUPER DUTY,P35-3012 ,2015
FORD,F-350,SUPER DUTY,P35-3012 ,2015
GMC,SIERRA 1500,ALL,P35-4001,2003
GMC,SIERRA 1500,CUT LOW VALANCE,P35-4005,2011
GMC,SIERRA 1500,ALL,P35-4014,2011
GMC,SIERRA 2500LD,ALL,P35-4002,2003
GMC,SIERRA 1500HD,ALL,P35-4002,2005
GMC,SIERRA 2500HD,ALL,P35-4002,2005
GMC,SIERRA 3500HD,ALL,P35-4002,2005
GMC,SIERRA 2500HD,ALL,P35-4013,2015
GMC,SIERRA 3500HD,ALL,P35-4013,2015
GMC,YUKON,ALL,P35-4001,2004
GMC,YUKON DENALI XL 1500,ALL,P35-4014,2011
GMC,YUKON XL 1500,ALL,P35-4001,2004
GMC,YUKON XL 2500LD,ALL,P35-4002,2004
TOYOTA,SEQUOIA,ALL,P35-2004 ,2012
TOYOTA,TACOMA,ALL,P35-2002 ,2009
TOYOTA,TUNDRA,ALL,P35-2004 ,2011
CADILLAC,ESCALADE,ALL,P35-4014,2009
CHEVROLET,AVALANCHE 1500,ALL,P35-4001,2006
CHEVROLET,AVALANCHE 1500,ALL,P35-4014,2012
CHEVROLET,AVALANCHE 2500,ALL,P35-4002,2006
CHEVROLET,SILVERADO 1500,ALL,P35-4001,2004
CHEVROLET,SILVERADO 1500,ALL,P35-4005,2012
CHEVROLET,SILVERADO 1500,ALL,P35-4014,2012
CHEVROLET,SILVERADO 2500LD,ALL,P35-4002,2004
CHEVROLET,SILVERADO 1500HD,ALL,P35-4002,2006
CHEVROLET,SILVERADO 2500HD,ALL,P35-4002,2006
CHEVROLET,SILVERADO 3500HD,ALL,P35-4002,2006
CHEVROLET,SUBURBAN 1500,ALL,P35-4001,2005
CHEVROLET,SUBURBAN 1500,ALL,P35-4014,2012
CHEVROLET,SUBURBAN 2500,ALL,P35-4002,2005
CHEVROLET,TAHOE 1500,ALL,P35-4001,2005
CHEVROLET,TAHOE 1500,ALL,P35-4014,2012
CHEVROLET,TAHOE 2500,ALL,P35-4002,2005
DODGE,RAM,MEGA CAB,P35-5006 ,2011
DODGE,RAM 1500,ALL,P35-5005 ,2014
DODGE,RAM 2500,QUAD CAB,P35-5006 ,2008
DODGE,RAM 3500,QUAD CAB,P35-5006 ,2008
DODGE,RAM 2500,CREW CAB,P35-5006 ,2015
DODGE,RAM 3500,CREW CAB,P35-5006 ,2015
FORD,EXCURSION,ALL,P35-3001 ,2005
FORD,EXPEDITION,ALL,P35-3007,2008
FORD,F-150,"EXCLUDING RAPTOR, NOT FOR ECOBOOST",P35-3007 ,2009
FORD,F-250,SUPER DUTY,P35-3001 ,2004
FORD,F-350,SUPER DUTY,P35-3001 ,2004
GMC,SIERRA 1500,ALL,P35-4001,2004
GMC,SIERRA 1500,CUT LOW VALANCE,P35-4005,2012
GMC,SIERRA 1500,ALL,P35-4014,2012
GMC,SIERRA 2500LD,ALL,P35-4002,2004
GMC,SIERRA 1500HD,ALL,P35-4002,2006
GMC,SIERRA 2500HD,ALL,P35-4002,2006
GMC,SIERRA 3500HD,ALL,P35-4002,2006
GMC,YUKON,ALL,P35-4001,2005
GMC,YUKON DENALI XL 1500,ALL,P35-4014,2012
GMC,YUKON XL 1500,ALL,P35-4001,2005
GMC,YUKON XL 2500LD,ALL,P35-4002,2005
TOYOTA,SEQUOIA,ALL,P35-2004 ,2013
TOYOTA,TACOMA,ALL,P35-2002 ,2010
TOYOTA,TUNDRA,ALL,P35-2004 ,2012
CADILLAC,ESCALADE,ALL,P35-4014,2010
CHEVROLET,AVALANCHE 1500,ALL,P35-4014,2013
CHEVROLET,SILVERADO 1500,ALL,P35-4001,2005
CHEVROLET,SILVERADO 1500,ALL,P35-4005,2013
CHEVROLET,SILVERADO 1500,ALL,P35-4014,2013
CHEVROLET,SILVERADO 2500LD,ALL,P35-4002,2005
CHEVROLET,SUBURBAN 1500,ALL,P35-4001,2006
CHEVROLET,SUBURBAN 1500,ALL,P35-4014,2013
CHEVROLET,SUBURBAN 2500,ALL,P35-4002,2006
CHEVROLET,TAHOE 1500,ALL,P35-4001,2006
CHEVROLET,TAHOE 1500,ALL,P35-4014,2013
CHEVROLET,TAHOE 2500,ALL,P35-4002,2006
DODGE,RAM,MEGA CAB,P35-5006 ,2012
DODGE,RAM 1500,ALL,P35-5005 ,2015
DODGE,RAM 2500,QUAD CAB,P35-5006 ,2009
DODGE,RAM 3500,QUAD CAB,P35-5006 ,2009
FORD,EXPEDITION,ALL,P35-3007,2009
FORD,F-150,"EXCLUDING RAPTOR, NOT FOR ECOBOOST",P35-3007 ,2010
FORD,F-250,SUPER DUTY,P35-3001 ,2005
FORD,F-350,SUPER DUTY,P35-3001 ,2005
GMC,SIERRA 1500,ALL,P35-4001,2005
GMC,SIERRA 1500,CUT LOW VALANCE,P35-4005,2013
GMC,SIERRA 1500,ALL,P35-4014,2013
GMC,SIERRA 2500LD,ALL,P35-4002,2005
GMC,YUKON,ALL,P35-4001,2006
GMC,YUKON DENALI XL 1500,ALL,P35-4014,2013
GMC,YUKON XL 1500,ALL,P35-4001,2006
GMC,YUKON XL 2500LD,ALL,P35-4002,2006
TOYOTA,SEQUOIA,ALL,P35-2004 ,2014
TOYOTA,TACOMA,ALL,P35-2002 ,2011
TOYOTA,TUNDRA,ALL,P35-2004 ,2013
CADILLAC,ESCALADE,ALL,P35-4014,2011
CHEVROLET,SILVERADO 1500,ALL,P35-4001,2006
CHEVROLET,SILVERADO 1500,ALL,P35-4014,2014
CHEVROLET,SILVERADO 2500LD,ALL,P35-4002,2006
CHEVROLET,SUBURBAN 1500,ALL,P35-4014,2014
CHEVROLET,TAHOE 1500,ALL,P35-4014,2014
DODGE,RAM,MEGA CAB,P35-5006 ,2013
FORD,EXPEDITION,ALL,P35-3007,2010
FORD,F-150,"EXCLUDING RAPTOR, NOT FOR ECOBOOST",P35-3007 ,2011
FORD,F-250,SUPER DUTY,P35-3001 ,2006
FORD,F-350,SUPER DUTY,P35-3001 ,2006
GMC,SIERRA 1500,ALL,P35-4001,2006
GMC,SIERRA 1500,ALL,P35-4014,2014
GMC,SIERRA 2500LD,ALL,P35-4002,2006
GMC,YUKON DENALI XL 1500,ALL,P35-4014,2014
TOYOTA,SEQUOIA,ALL,P35-2004 ,2015
TOYOTA,TACOMA,ALL,P35-2002 ,2012
TOYOTA,TUNDRA,ALL,P35-2004 ,2014
CADILLAC,ESCALADE,ALL,P35-4014,2012
CHEVROLET,SILVERADO 1500,ALL,P35-4001,2007
CHEVROLET,SILVERADO 1500,ALL,P35-4014,2015
CHEVROLET,SUBURBAN 1500,ALL,P35-4014,2015
CHEVROLET,TAHOE 1500,ALL,P35-4014,2015
DODGE,RAM,MEGA CAB,P35-5006 ,2014
FORD,EXPEDITION,ALL,P35-3007,2011
FORD,F-150,"EXCLUDING RAPTOR, NOT FOR ECOBOOST",P35-3007 ,2012
FORD,F-250,SUPER DUTY,P35-3001 ,2007
FORD,F-350,SUPER DUTY,P35-3001 ,2007
GMC,SIERRA 1500,ALL,P35-4014,2015
GMC,YUKON DENALI XL 1500,ALL,P35-4014,2015
TOYOTA,TACOMA,ALL,P35-2002 ,2013
TOYOTA,TUNDRA,ALL,P35-2004 ,2015
CADILLAC,ESCALADE,ALL,P35-4014,2013
DODGE,RAM,MEGA CAB,P35-5006 ,2015
FORD,EXPEDITION,ALL,P35-3007,2012
FORD,F-150,"EXCLUDING RAPTOR, NOT FOR ECOBOOST",P35-3007 ,2013
TOYOTA,TACOMA,ALL,P35-2002 ,2014
CADILLAC,ESCALADE,ALL,P35-4014,2014
FORD,EXPEDITION,ALL,P35-3007,2013
FORD,F-150,"EXCLUDING RAPTOR, NOT FOR ECOBOOST",P35-3007 ,2014
TOYOTA,TACOMA,ALL,P35-2002 ,2015
FORD,EXPEDITION,ALL,P35-3007,2014
FORD,F-150,"EXCLUDING RAPTOR, NOT FOR ECOBOOST",P35-3007 ,2015
FORD,EXPEDITION,ALL,P35-3007,2015